# https://github.com/mikedh/trimesh
v 0.00269694 0.96916825 -0.03579939
v -0.00194888 0.95845687 -0.02582239
v 0.00962486 0.95440668 -0.03122046
v 0.01593444 0.96189046 -0.04171912
v 0.00728210 0.94845051 -0.02235816
v -0.00298278 0.94998598 -0.01799217
v 0.01922781 0.94749677 -0.03677075
v 0.02572409 0.95115077 -0.04695012
v 0.03317143 0.91370374 -0.03106155
v 0.03954902 0.90715086 -0.03727295
v 0.03689716 0.91858721 -0.04102170
v 0.03033661 0.92192316 -0.03413253
v 0.03714986 0.88869148 -0.02438977
v 0.03070614 0.88227439 -0.01506145
v 0.03644532 0.87149441 -0.01951014
v 0.04157282 0.87726700 -0.03014872
v -0.00649955 0.89559376 -0.00412057
v -0.00005931 0.89028823 -0.00191988
v 0.00260997 0.89689791 -0.00474019
v -0.00415755 0.90136755 -0.00677838
v -0.01780409 0.90535402 -0.00261950
v -0.01686370 0.90901625 -0.00783236
v -0.02268261 0.91345131 -0.00500510
v -0.02305476 0.90942919 0.00153208
v -0.01090370 0.89014637 -0.00196476
v -0.00368277 0.88420033 0.00025659
v -0.01210191 0.90084743 -0.00499163
v -0.01376370 0.89732659 -0.00113267
v -0.01790331 0.89488244 0.01112876
v -0.01725856 0.89886129 0.00775252
v -0.02165204 0.90138471 0.01327844
v -0.02175055 0.89627528 0.01484594
v -0.01327445 0.89141405 0.00269448
v -0.01416012 0.89527893 0.00412548
v -0.01610568 0.89220703 0.00775190
v -0.01614994 0.88871264 0.00550582
v -0.01856263 0.90229046 0.00175125
v -0.02287548 0.90592378 0.00715430
v -0.02835391 0.90857804 0.01256517
v -0.02705041 0.90245473 0.01898659
v 0.01354868 0.87826109 -0.00107303
v 0.00706689 0.88461053 -0.00089488
v 0.00333817 0.87950265 0.00169351
v 0.00933076 0.87451696 0.00180879
v -0.01367461 0.88463032 0.00359298
v -0.00724545 0.87106705 0.00997729
v -0.00773878 0.87465411 0.00901009
v -0.01428661 0.87552392 0.01134776
v -0.01317487 0.87219179 0.01217463
v 0.02250225 0.86293650 -0.00277719
v 0.01665314 0.86242676 0.00123867
v 0.01871763 0.85459018 0.00115280
v 0.02459656 0.85336816 -0.00308492
v 0.01796362 0.84764028 0.00205801
v 0.02484038 0.84330809 -0.00331284
v 0.01955377 0.82733357 0.00115579
v 0.02285497 0.83445251 -0.00062526
v 0.01537651 0.84138173 0.00443474
v 0.01090905 0.83655918 0.00885234
v -0.00260483 0.84262073 0.01355241
v -0.00846988 0.84129572 0.01597569
v -0.00153903 0.82976413 0.01926865
v 0.00453949 0.83239520 0.01509615
v -0.00552722 0.86385739 0.00837863
v -0.00119513 0.86369532 0.00662526
v -0.00181678 0.86589479 0.00785268
v -0.00648468 0.86724937 0.00981390
v 0.00254995 0.86352289 0.00523923
v 0.00413894 0.86342162 0.00448198
v 0.00347546 0.86498022 0.00521187
v 0.00223111 0.86430985 0.00554756
v 0.00040397 0.86378151 0.00605749
v -0.00019524 0.86199665 0.00704733
v 0.00181747 0.86278492 0.00593554
v -0.00375593 0.86119509 0.00949377
v -0.01725820 0.85968614 0.01472623
v -0.01332856 0.86025381 0.01376554
v -0.01539876 0.86385489 0.01131512
v -0.01877710 0.86355400 0.01205079
v 0.00127538 0.86687887 0.00593150
v 0.00337509 0.86898077 0.00514726
v -0.00130536 0.87194681 0.00699321
v -0.00188325 0.86882019 0.00715766
v 0.00592462 0.87146622 0.00469476
v 0.00550491 0.86650628 0.00422309
v 0.00842112 0.86778605 0.00352247
v 0.00400097 0.86159158 0.00510152
v 0.00693848 0.86002088 0.00414676
v 0.00684927 0.86315715 0.00434697
v 0.00563981 0.85658693 0.00558957
v 0.00190920 0.85963446 0.00663368
v -0.00149526 0.85795206 0.00960178
v -0.00607083 0.85662156 0.01251394
v -0.00232221 0.85153627 0.01134569
v 0.00225267 0.85384494 0.00843068
v 0.00014470 0.87559187 0.00511312
v 0.01114048 0.86271065 0.00301563
v 0.01321037 0.86938405 0.00110265
v 0.01184805 0.85753191 0.00324321
v 0.01096068 0.85243690 0.00457088
v 0.00800407 0.84794009 0.00711282
v 0.00302558 0.84509009 0.01055434
v 0.00353391 0.81792295 0.01135118
v 0.01103501 0.82166851 0.00725736
v -0.00362135 0.94236076 -0.01766168
v 0.00509279 0.94236636 -0.01900332
v 0.00732121 0.93389487 -0.02019237
v 0.00867397 0.93637359 -0.02096247
v 0.00295397 0.93766904 -0.01951969
v 0.00307864 0.93477941 -0.01890146
v 0.02357939 0.92487377 -0.03018225
v 0.01814350 0.92695582 -0.02685932
v 0.01916185 0.92332280 -0.02690031
v 0.02606343 0.91886973 -0.02821184
v 0.01217268 0.91672593 -0.01866674
v 0.01650880 0.91793805 -0.02161860
v 0.01181207 0.92406285 -0.02161238
v 0.00846630 0.92337847 -0.01969385
v 0.00461331 0.92280614 -0.01843571
v 0.00035475 0.92244172 -0.01808100
v 0.00150380 0.91745299 -0.01631883
v 0.00690610 0.91693997 -0.01690260
v -0.00325088 0.93797386 -0.01952742
v -0.00970154 0.93569672 -0.02045172
v -0.00797158 0.93309319 -0.02025458
v -0.00251815 0.93474847 -0.01889828
v -0.01596396 0.92344075 -0.02318268
v -0.01533106 0.92620254 -0.02322904
v -0.01900020 0.92714655 -0.02297261
v -0.01904976 0.92265648 -0.02197740
v -0.01661237 0.92033911 -0.02073187
v -0.01471248 0.92225075 -0.02217262
v -0.00887717 0.98534358 -0.04497899
v -0.01164906 0.97303700 -0.03331785
v 0.00896640 0.97925955 -0.05153813
v 0.02194233 0.96802843 -0.05576592
v 0.03208201 0.95457494 -0.05924765
v 0.02939726 0.86633742 -0.00984649
v 0.03314234 0.85595477 -0.01202625
v 0.04111814 0.86026138 -0.02444664
v 0.04246332 0.84724021 -0.02542568
v 0.03335682 0.84290481 -0.01234810
v 0.02395284 0.82023597 -0.01153123
v 0.02999413 0.83010340 -0.01228718
v 0.03928200 0.83243263 -0.02833972
v 0.04756933 0.84183514 -0.04525925
v 0.04772573 0.85443503 -0.03940775
v 0.05084205 0.85273838 -0.06191732
v 0.04645821 0.82738495 -0.05548933
v 0.05094019 0.84745026 -0.07014880
v 0.03802450 0.78462732 -0.05110222
v 0.04139958 0.77142179 -0.05731186
v 0.05270829 0.77674448 -0.06993400
v 0.05029001 0.78996575 -0.06367043
v 0.04597706 0.86566174 -0.03501271
v 0.03806435 0.92560792 -0.05135909
v 0.03252620 0.92906535 -0.04184195
v 0.04327250 0.91339678 -0.04915705
v 0.03494827 0.97141397 -0.08618426
v 0.02788297 0.97229719 -0.07135814
v 0.03714684 0.95693862 -0.07130667
v 0.04374422 0.95923197 -0.08569136
v 0.00300692 0.99849337 -0.09316954
v -0.00220650 0.99397033 -0.06880041
v 0.01191348 0.98583853 -0.07008930
v 0.01835224 0.98847187 -0.08886278
v 0.04815580 0.95715702 -0.09711584
v 0.05242279 0.95209384 -0.11498272
v 0.04744836 0.96410245 -0.12604216
v 0.04154338 0.97082931 -0.10598991
v 0.03593873 0.97925669 -0.14124489
v 0.02737610 0.98755813 -0.11672492
v 0.05465483 0.82964265 -0.07708124
v 0.05303261 0.84674788 -0.08361170
v 0.04580403 0.80725896 -0.05806633
v 0.05476027 0.81110966 -0.07502152
v 0.01787045 0.98877913 -0.15440901
v 0.00850875 0.99880153 -0.12387723
v 0.05618124 0.91237760 -0.15298676
v 0.05430601 0.93262309 -0.15074947
v 0.05798578 0.92702121 -0.13193639
v 0.05885543 0.90925437 -0.13599047
v 0.04857059 0.91455019 -0.17052183
v 0.04637017 0.93775576 -0.16990173
v 0.05512166 0.85716677 -0.13754323
v 0.04886951 0.84168226 -0.12794569
v 0.04341685 0.83750492 -0.14027455
v 0.04957495 0.85264659 -0.15303090
v 0.01562532 0.94420999 -0.02723119
v 0.01217815 0.93974447 -0.02180669
v 0.01723206 0.93586969 -0.02522341
v 0.02187977 0.93812406 -0.03096218
v 0.02644825 0.93895638 -0.04030579
v 0.03266305 0.93889415 -0.05094701
v 0.04331424 0.94349051 -0.07210681
v 0.04857504 0.94737548 -0.08666406
v 0.05577242 0.94076943 -0.10829904
v 0.05166487 0.94507813 -0.09570742
v 0.05989307 0.91788864 -0.12048289
v 0.06106311 0.90634805 -0.12300755
v 0.05582247 0.85144275 -0.10057387
v 0.05436416 0.82958764 -0.09486918
v 0.05151343 0.82705843 -0.10972397
v 0.05358578 0.84629214 -0.11520113
v 0.04006242 0.82163835 -0.13208850
v 0.04566345 0.82497716 -0.12135512
v 0.05434297 0.79549485 -0.09444044
v 0.05598868 0.78118831 -0.10067615
v 0.05209029 0.78321040 -0.11615774
v 0.04982568 0.79540920 -0.10852052
v 0.04519182 0.78192484 -0.12913375
v 0.03551967 0.78183782 -0.13907038
v 0.03557882 0.79408050 -0.13123031
v 0.04356649 0.79559219 -0.12219235
v 0.01836812 0.76408106 -0.04015238
v 0.01981724 0.75439179 -0.04696093
v 0.03151555 0.75771224 -0.05375357
v 0.02869536 0.76726091 -0.04810734
v 0.05862367 0.77097881 -0.10982764
v 0.05425933 0.77452618 -0.12555218
v 0.05880361 0.86166477 -0.12188505
v 0.05977452 0.86799163 -0.11183847
v 0.04755789 0.77236998 -0.13860573
v 0.04437692 0.80912590 -0.11900225
v 0.04982638 0.80975634 -0.10634362
v 0.03210942 0.81957531 -0.14119306
v 0.03546955 0.83350515 -0.15186268
v -0.01052721 0.90534127 -0.00834041
v -0.00864479 0.91843081 -0.01809128
v -0.00848073 0.92206663 -0.01945223
v -0.01218288 0.92216784 -0.02079020
v -0.01298423 0.91916817 -0.01931249
v -0.02724830 0.95628631 -0.02047523
v -0.02607566 0.94140762 -0.01522975
v -0.01461367 0.94748592 -0.01528376
v -0.01463436 0.95905280 -0.02163703
v 0.02291082 0.89507484 -0.01119728
v 0.01198452 0.90020126 -0.00826512
v 0.01017273 0.89157236 -0.00390597
v 0.01796508 0.88477945 -0.00521658
v 0.01474820 0.92843145 -0.02489521
v 0.01587624 0.93085122 -0.02535063
v 0.01311183 0.93055397 -0.02338167
v 0.01792919 0.87124622 -0.00172495
v 0.02429628 0.87567604 -0.00722858
v 0.04483356 0.89962465 -0.04599285
v 0.02620270 0.93057036 -0.03410684
v -0.01982918 1.00405693 -0.09649938
v -0.02344640 0.99941957 -0.06640770
v -0.00441313 0.99134219 -0.16332752
v -0.01300595 1.00267720 -0.13003358
v 0.03325477 0.94058192 -0.18570486
v 0.03637292 0.91475588 -0.18717042
v 0.01882704 0.91161937 -0.19998842
v 0.01413208 0.94078159 -0.19875571
v 0.03936214 0.84769487 -0.16514122
v 0.02722258 0.78015816 -0.14292336
v 0.02726417 0.79401022 -0.13787679
v -0.02392114 0.98636067 -0.04553702
v -0.02625857 0.97062629 -0.03070004
v 0.03757074 0.94048285 -0.06308621
v 0.03312217 0.90595096 -0.02563370
v 0.02670848 0.91317892 -0.02388127
v 0.02454924 0.90978533 -0.01914880
v 0.03105570 0.90015179 -0.02011724
v 0.03906149 0.89636230 -0.03074876
v 0.04407927 0.88561678 -0.03932639
v 0.05021637 0.87496281 -0.05075778
v 0.05104485 0.86213326 -0.05589993
v 0.05561896 0.94175422 -0.12767175
v 0.05130462 0.95057440 -0.14225590
v 0.04172786 0.96071339 -0.16008386
v 0.02701831 0.96769893 -0.17544195
v 0.05806121 0.93376452 -0.11993739
v 0.00650927 0.97057748 -0.18874370
v -0.01557087 0.87947369 0.00935555
v -0.00805118 0.87935907 0.00569619
v -0.01798540 0.88310766 0.00787899
v -0.01090099 0.85552931 0.01435641
v -0.01529299 0.85463911 0.01513129
v -0.01242558 0.84876490 0.01394812
v -0.00769854 0.84992981 0.01331640
v 0.00685003 0.80843979 -0.00338409
v 0.01501716 0.81257415 -0.00770435
v 0.01655722 0.77411455 -0.03225861
v 0.02643310 0.77830803 -0.04062471
v -0.02117310 0.89247537 0.00982082
v -0.02284750 0.89245266 0.00986826
v -0.02254647 0.89106512 0.00780879
v -0.02041745 0.89122319 0.00804543
v 0.00032312 0.86501193 0.00666332
v -0.01819565 0.87156570 0.01363572
v -0.02124542 0.87087405 0.01373748
v -0.02008104 0.86725342 0.01302865
v -0.01688393 0.86802590 0.01290236
v 0.03296442 0.81549859 -0.03196370
v 0.03446070 0.80012035 -0.04360164
v 0.05618439 0.77773011 -0.08310232
v 0.05570590 0.79321444 -0.07751140
v 0.05392168 0.81168985 -0.09226534
v 0.03780483 0.80890226 -0.13003278
v 0.03048782 0.80605531 -0.13739738
v 0.00955222 0.80205226 -0.14683327
v 0.00883048 0.81386626 -0.15201141
v 0.02204630 0.81599927 -0.14928046
v 0.01933734 0.80522335 -0.14306343
v 0.02012774 0.80345261 -0.02204306
v 0.01101053 0.79883516 -0.01603968
v 0.01424358 0.78778350 -0.02514315
v 0.02340348 0.79234982 -0.03274471
v -0.02540816 0.88886452 0.01089741
v -0.02688708 0.88802338 0.01228228
v -0.02532407 0.88538933 0.01019751
v -0.02405398 0.88766217 0.00928451
v -0.01888400 0.88925523 0.00663420
v -0.02079637 0.88788426 0.00661073
v -0.01986910 0.88609803 0.00696135
v -0.01986923 0.89282048 0.01055308
v -0.01871317 0.89100450 0.00828966
v -0.02524960 0.89351535 0.01431195
v -0.02231183 0.89364576 0.01320653
v -0.02611518 0.89480853 0.01888989
v -0.02413248 0.88978720 0.00950727
v -0.02305850 0.88846076 0.00828036
v -0.02022108 0.88998890 0.00681046
v -0.02182689 0.88945889 0.00678308
v -0.02461221 0.89319789 0.01235355
v -0.02265527 0.89306659 0.01147734
v -0.02888526 0.91324967 0.00535193
v -0.03518595 0.91355371 0.00695753
v -0.03520353 0.90846437 0.01410607
v -0.03459121 0.90221417 0.02106511
v -0.03208166 0.89399987 0.02099551
v 0.00642837 0.78394186 -0.02172085
v 0.00784866 0.77137834 -0.02849038
v -0.04079313 0.96691936 -0.03187883
v -0.03917141 0.95196128 -0.02167950
v 0.00168737 0.86384374 0.00554291
v -0.01157659 0.93964511 -0.01886844
v 0.01811624 0.90802753 -0.01459584
v -0.00325373 0.90686560 -0.01045274
v 0.00367897 0.90380675 -0.00893118
v 0.00286292 0.91069615 -0.01298595
v -0.00344609 0.91236472 -0.01393790
v -0.01979977 0.93505973 -0.01896413
v -0.02857316 0.93072456 -0.01402348
v -0.02375308 0.92839348 -0.01921311
v -0.02326143 0.92216629 -0.01768503
v -0.02739976 0.92277861 -0.00972411
v -0.02154295 0.91628820 -0.01114193
v -0.01952743 0.91782033 -0.01735824
v 0.01059233 0.93255913 -0.02182017
v 0.01276473 0.93415833 -0.02315556
v -0.01585496 0.91229737 -0.01255901
v -0.00970315 0.90950209 -0.01218995
v -0.00920055 0.91384315 -0.01578157
v -0.01450583 0.91533732 -0.01683768
v 0.01001211 0.90896922 -0.01317524
v 0.02069466 0.93093544 -0.02860705
v 0.01875798 0.92009830 -0.02472479
v 0.05994841 0.87587953 -0.10417715
v 0.05640494 0.86554372 -0.09649666
v 0.06000914 0.86306238 -0.07342313
v 0.05740201 0.85928637 -0.07097207
v 0.05206010 0.85917401 -0.07679719
v 0.05797917 0.86329758 -0.07953066
v 0.06124004 0.91218197 -0.10209361
v 0.05906189 0.91809011 -0.10707477
v 0.05817906 0.92154884 -0.10082521
v 0.06000687 0.91401660 -0.10001783
v 0.05767163 0.91856337 -0.09469249
v 0.05591230 0.92230308 -0.09317060
v 0.05724750 0.91452181 -0.08967192
v 0.05847262 0.91391075 -0.09308100
v 0.05454374 0.93327916 -0.09420673
v 0.05164579 0.93302941 -0.08451415
v 0.05326547 0.92061985 -0.08533211
v 0.04493016 0.92211139 -0.06406476
v 0.05026941 0.90868223 -0.07311450
v 0.05059266 0.91643703 -0.07929444
v 0.04715064 0.92911077 -0.07544316
v 0.05584273 0.86666417 -0.06835200
v 0.05289380 0.87493575 -0.06691109
v 0.05290401 0.86019582 -0.08687654
v -0.00390386 0.90692675 -0.20746449
v -0.01055556 0.93758214 -0.20579652
v 0.05727182 0.89251626 -0.15122171
v 0.04954794 0.89161468 -0.16740364
v 0.06051080 0.89294660 -0.13545470
v 0.06213196 0.89381170 -0.12260318
v 0.03837731 0.88941121 -0.18295729
v 0.02196799 0.88524979 -0.19510078
v 0.04792508 0.90572274 -0.06010660
v 0.05127368 0.89762414 -0.06963068
v 0.05742188 0.87384939 -0.14579104
v 0.05004503 0.87138510 -0.16152048
v 0.06089554 0.87657273 -0.13129681
v 0.06239489 0.88090152 -0.11855514
v 0.03849357 0.86710608 -0.17542765
v 0.02477526 0.84229404 -0.17253976
v 0.02450037 0.86178923 -0.18488669
v 0.05863529 0.87453741 -0.07773744
v 0.05640511 0.87442160 -0.07341605
v 0.05759131 0.86787450 -0.07291178
v 0.06091225 0.86999726 -0.07427741
v 0.04963783 0.89173013 -0.05680497
v 0.05240236 0.88660705 -0.06812215
v -0.02796760 0.91804338 -0.00133540
v -0.03546070 0.92424691 -0.00671714
v -0.03501182 0.91849875 -0.00003417
v -0.03609876 0.93037736 -0.01238752
v -0.03543898 0.99895757 -0.13384438
v -0.04134464 1.00096560 -0.09897459
v -0.01898924 0.96567845 -0.19413693
v -0.02803630 0.98717743 -0.16872805
v -0.01354078 0.84077120 0.01697565
v -0.00876009 0.82807451 0.02041450
v -0.02072460 0.87911576 0.01077932
v -0.02344192 0.87776518 0.01100757
v -0.02223446 0.87415314 0.01282965
v -0.01927609 0.87524509 0.01273599
v -0.01539672 0.93174303 -0.02183580
v 0.02359812 0.82794625 -0.16036075
v 0.01745878 0.79275620 -0.14196007
v 0.01680933 0.77930754 -0.14474627
v 0.03796148 0.77043295 -0.14854626
v 0.02714432 0.76889253 -0.15314506
v -0.02455612 0.88144791 0.00998905
v -0.02204499 0.88250518 0.00954271
v -0.02494130 0.89216197 0.01092533
v -0.01225832 0.86832625 0.01173347
v -0.02278271 0.88534653 0.00879921
v -0.02261665 0.88739657 0.00812455
v -0.02731845 0.88438165 0.01038280
v -0.02597060 0.88071835 0.00981900
v -0.00379712 0.91792512 -0.01681405
v -0.00420131 0.92231250 -0.01841813
v -0.02720384 0.89055640 0.01560412
v -0.02622326 0.89108336 0.01318856
v -0.03023516 0.88932323 0.01573837
v 0.04420437 0.76072741 -0.06327200
v 0.05414572 0.76451969 -0.07710949
v -0.02324658 0.87031364 0.01357391
v -0.02220063 0.86657286 0.01295548
v -0.04487865 0.99563795 -0.06883438
v 0.00635570 0.83823532 -0.17671105
v 0.00540680 0.85499740 -0.18879791
v 0.05279080 0.90025008 -0.07872257
v 0.05657747 0.89520931 -0.08205761
v 0.05741925 0.90198195 -0.08533817
v 0.05391863 0.90770888 -0.08208891
v 0.00901447 0.76155692 -0.03602619
v 0.05849644 0.76725966 -0.09320281
v 0.01590205 0.76782185 -0.15477476
v 0.01495086 0.92654932 -0.02479316
v 0.01389812 0.92507124 -0.02357199
v -0.01247934 0.92990649 -0.02209080
v 0.00150277 0.87935805 -0.20287806
v -0.00877846 0.86094284 0.01206613
v -0.01105507 0.86411238 0.00990544
v 0.00684974 0.79091454 -0.14442946
v 0.00361710 0.79619998 -0.01310376
v -0.02832693 0.88735205 0.01279844
v 0.00806350 0.82620978 -0.16341105
v 0.06105885 0.90653992 -0.09310941
v 0.06198265 0.90604287 -0.08962497
v 0.06192705 0.90258300 -0.08918747
v 0.06089142 0.90260077 -0.09063167
v 0.06107782 0.91069329 -0.08651504
v 0.06329293 0.90684068 -0.08724563
v 0.06443018 0.90986371 -0.08883769
v 0.06224202 0.91350722 -0.08921299
v 0.05570019 0.91240454 -0.08572313
v 0.05951176 0.90658176 -0.08503181
v 0.06543763 0.91128397 -0.09107113
v 0.06451918 0.91409838 -0.09092061
v 0.06204656 0.91515911 -0.09285459
v 0.05924641 0.91440487 -0.09704651
v 0.06727424 0.91431701 -0.09414708
v 0.06391528 0.91569418 -0.09698495
v 0.07148307 0.91327620 -0.09792222
v 0.06663852 0.91426015 -0.10156384
v 0.07414154 0.90940666 -0.10213977
v 0.06913721 0.90932965 -0.10514530
v 0.05521015 0.88182408 -0.07450096
v 0.05766789 0.87973660 -0.08057947
v 0.07629898 0.90365994 -0.10366798
v 0.07021353 0.90206683 -0.10645987
v 0.07803913 0.89645809 -0.10410934
v 0.07173926 0.89482975 -0.10651707
v 0.07727571 0.88925731 -0.10214370
v 0.07271549 0.88700765 -0.10460304
v 0.07673491 0.88235384 -0.09895533
v 0.07267689 0.87997282 -0.10014846
v 0.07471583 0.87654930 -0.09401561
v 0.07155329 0.87246263 -0.09482358
v 0.06842589 0.91043055 -0.09881539
v 0.07078724 0.90697432 -0.10171750
v 0.06022738 0.90704763 -0.10293294
v 0.06623348 0.91210890 -0.09483072
v 0.06226921 0.89580858 -0.09405638
v 0.05972728 0.89816004 -0.09672283
v 0.05992304 0.89698017 -0.09627667
v 0.06009915 0.89467347 -0.09776754
v 0.05728353 0.88785899 -0.08059146
v 0.05859737 0.88685405 -0.08376215
v 0.05846388 0.89223790 -0.08462393
v 0.05799880 0.88222092 -0.08361579
v 0.05675535 0.88311720 -0.08493035
v 0.05582356 0.88665247 -0.08545540
v 0.05491010 0.89099002 -0.08673148
v 0.05791415 0.88125908 -0.08654792
v 0.05972284 0.87972736 -0.08558268
v 0.05646682 0.88229573 -0.08738902
v 0.05561519 0.88329363 -0.08638015
v 0.05464671 0.88526273 -0.08800096
v 0.05553152 0.88825297 -0.09063669
v 0.05423053 0.89153051 -0.07608239
v 0.06161381 0.88169330 -0.09837426
v 0.05944005 0.87390304 -0.09344087
v 0.07147757 0.87267023 -0.08848982
v 0.06971391 0.86749518 -0.08728994
v 0.06541288 0.86641932 -0.07543983
v 0.06834117 0.86394495 -0.08008440
v 0.06070959 0.90084004 -0.10358048
v 0.06201099 0.89465570 -0.10400639
v 0.05792634 0.86774051 -0.08683082
v 0.06308803 0.88816172 -0.10255111
v 0.07164592 0.88049012 -0.09408902
v 0.06848074 0.87743390 -0.09025590
v 0.07363189 0.88460398 -0.09790021
v 0.06160942 0.87683892 -0.08339161
v 0.06374825 0.87269807 -0.07976508
v 0.06798149 0.87161636 -0.08367956
v 0.06460036 0.87585992 -0.08719855
v 0.06927761 0.88370192 -0.09263878
v 0.06557893 0.88123643 -0.09113413
v 0.06572625 0.88602829 -0.09355716
v 0.06208283 0.88363940 -0.09210972
v 0.05935970 0.88160676 -0.08939586
v 0.06213091 0.87944853 -0.08847065
v 0.05743640 0.88516140 -0.09362774
v 0.06119615 0.88833135 -0.09520663
v 0.05653668 0.88291544 -0.08992322
v 0.06817934 0.88921332 -0.09424138
v 0.07003590 0.89290547 -0.09562322
v 0.06674223 0.89534473 -0.09369605
v 0.06423194 0.89193821 -0.09466802
v 0.07427053 0.89001173 -0.10083537
v 0.07313219 0.89135689 -0.09770602
v 0.07160376 0.88710511 -0.09547842
v 0.07295451 0.89658850 -0.09954058
v 0.07368596 0.89633965 -0.10262010
v 0.07061103 0.89691329 -0.09755808
v 0.06863822 0.89813483 -0.09574159
v 0.07015879 0.90535027 -0.09915667
v 0.07181299 0.90139568 -0.10004486
v 0.07271928 0.90233713 -0.10296629
v 0.07041726 0.90061891 -0.09768657
v 0.06898731 0.90364623 -0.09722563
v 0.06785668 0.90225375 -0.09613311
v 0.06906394 0.90034413 -0.09691267
v 0.06409559 0.91052312 -0.09237005
v 0.06271065 0.90920246 -0.09048555
v 0.06570939 0.90991676 -0.09474014
v 0.06337478 0.91093808 -0.09481048
v 0.06470411 0.90774256 -0.09454098
v 0.06209512 0.90977341 -0.09449536
v 0.06394529 0.90577579 -0.09362026
v 0.06250683 0.90264237 -0.09275975
v 0.02550097 0.73327029 -0.05678606
v 0.02260440 0.74439704 -0.05311806
v 0.01216824 0.74143791 -0.05082932
v 0.01411964 0.73103666 -0.05627651
v 0.06617825 0.90378189 -0.09461052
v 0.06700167 0.90584934 -0.09614402
v 0.06788728 0.90825284 -0.09751756
v 0.06444168 0.89888477 -0.09358162
v 0.06613217 0.89810669 -0.09367936
v 0.06700068 0.89989722 -0.09455487
v 0.06495684 0.90122169 -0.09371918
v 0.05808386 0.89638519 -0.08615335
v 0.05711495 0.89355272 -0.08898346
v 0.05846749 0.89064717 -0.09243661
v 0.05709715 0.72029829 -0.08069776
v 0.06941166 0.72506344 -0.09651281
v 0.06308806 0.73385537 -0.09614659
v 0.05245970 0.72958541 -0.08093932
v 0.06715564 0.70421648 -0.06165361
v 0.06781077 0.69012332 -0.04865991
v 0.08534650 0.69338536 -0.05611757
v 0.08845101 0.70786309 -0.08112997
v 0.08252182 0.67865330 -0.04110499
v 0.06675848 0.67449600 -0.03810899
v 0.07500464 0.63230050 -0.01392175
v 0.07746102 0.64713788 -0.02152140
v 0.06336617 0.64447010 -0.02090872
v 0.06156781 0.63023925 -0.01303062
v 0.08828313 0.56570166 0.00406223
v 0.07960075 0.56690198 0.00715088
v 0.07532776 0.55169159 0.00808489
v 0.08534229 0.54906034 0.00493246
v 0.13680393 0.65319276 -0.03660228
v 0.14301458 0.64415926 -0.04034869
v 0.14539497 0.65853626 -0.04597480
v 0.13917738 0.66733098 -0.04549335
v 0.10425788 0.72977555 -0.13341205
v 0.09309936 0.73529482 -0.13464136
v 0.08778436 0.72437292 -0.11430621
v 0.09960636 0.71976399 -0.10973131
v 0.12554637 0.57481289 -0.02930569
v 0.12135476 0.58392078 -0.02211295
v 0.11683402 0.57250106 -0.01689934
v 0.12106930 0.56316566 -0.02198245
v 0.11699372 0.47526899 -0.00478912
v 0.10403447 0.47677913 0.00805134
v 0.10283316 0.45425424 0.01154156
v 0.11603817 0.45228708 -0.00269011
v 0.14929363 0.49202764 -0.06469166
v 0.14816968 0.47121021 -0.06100916
v 0.15029268 0.46841678 -0.08393326
v 0.15296195 0.48839536 -0.08718528
v 0.09991936 0.63400048 -0.01715774
v 0.10336021 0.64941770 -0.02383979
v 0.09062563 0.64875072 -0.02252781
v 0.08783292 0.63376361 -0.01537966
v 0.17373432 0.59510529 0.01127443
v 0.16600972 0.60818845 -0.00358438
v 0.15588465 0.59668040 -0.00877354
v 0.16452965 0.58318281 0.00581604
v 0.13185233 0.37004337 -0.03932928
v 0.13086803 0.35253352 -0.03314461
v 0.13126668 0.35220206 -0.05628433
v 0.13086641 0.36965537 -0.06053352
v 0.17250252 0.67834979 -0.06793921
v 0.18724719 0.68565518 -0.07735333
v 0.18516944 0.69510132 -0.08515867
v 0.17224343 0.68784887 -0.07191792
v 0.13417704 0.62122065 -0.03213352
v 0.13845401 0.63245970 -0.03564853
v 0.13264515 0.64081109 -0.03061101
v 0.12856707 0.62843239 -0.02600729
v 0.15620163 0.52823484 -0.09500045
v 0.15762411 0.54709464 -0.09907534
v 0.15290590 0.54940784 -0.08385652
v 0.15206295 0.53102553 -0.07752094
v 0.15112364 0.51132059 -0.07097501
v 0.15527348 0.50827551 -0.09073249
v 0.12061306 0.63157648 -0.02177146
v 0.12495624 0.64661330 -0.02771736
v 0.11513844 0.64859182 -0.02559454
v 0.11091695 0.63330925 -0.01914586
v 0.07140466 0.53739303 0.00912967
v 0.08418434 0.53357643 0.00608019
v 0.12558068 0.35197374 -0.00963988
v 0.12688398 0.36995277 -0.01687517
v 0.11682257 0.36919466 0.00395918
v 0.11477147 0.35053167 0.01162540
v 0.08777870 0.49964431 0.01130321
v 0.10185867 0.49752975 0.00343599
v 0.09775638 0.51691037 0.00135592
v 0.08488712 0.51825345 0.00736252
v 0.10015974 0.34969768 0.02998653
v 0.10329822 0.36898351 0.02215405
v 0.08858034 0.37039182 0.03755856
v 0.08512969 0.34938747 0.04470422
v 0.07995401 0.66265738 -0.03052519
v 0.06527848 0.65922081 -0.02938168
v 0.10292277 0.56501073 -0.00428401
v 0.09613115 0.56496233 0.00005780
v 0.09399805 0.54831797 0.00019681
v 0.10127292 0.54898703 -0.00494896
v 0.14626485 0.61776078 -0.05882968
v 0.15244980 0.62673283 -0.06367126
v 0.15035252 0.64463019 -0.05228733
v 0.14698935 0.63174057 -0.04703597
v 0.13282795 0.33506355 -0.05081029
v 0.13075453 0.33558333 -0.02707821
v 0.09777176 0.33010250 0.03369145
v 0.08238821 0.32823414 0.04771779
v 0.17603676 0.61212802 -0.11194260
v 0.17162707 0.61664861 -0.10517536
v 0.16880268 0.60987544 -0.10685716
v 0.17489079 0.60596067 -0.11337712
v 0.05095057 0.56649786 0.00895126
v 0.05936698 0.54804587 0.00992435
v 0.06667864 0.56089628 0.01016420
v 0.06177056 0.57492441 0.00920864
v 0.10330001 0.53362840 -0.00579066
v 0.09447388 0.53335017 0.00018995
v 0.10828622 0.51720822 -0.00623772
v 0.04085055 0.55627352 0.00574819
v 0.05009213 0.53110516 0.01051325
v 0.04977237 0.65566754 -0.02817558
v 0.04867165 0.64141750 -0.02050169
v 0.05085848 0.67079312 -0.03480747
v 0.05035279 0.68534619 -0.04313217
v 0.03427504 0.68089986 -0.04000223
v 0.03489535 0.66659200 -0.03296397
v 0.04939918 0.69848704 -0.05180686
v 0.03290215 0.69368875 -0.04756157
v 0.04245342 0.71624923 -0.06870034
v 0.03917212 0.72576034 -0.06970663
v 0.14132021 0.62145787 -0.04399959
v 0.13704704 0.61070091 -0.04133511
v 0.11271772 0.33170575 0.01683106
v 0.12222454 0.65894532 -0.20423551
v 0.13842490 0.66205031 -0.19338273
v 0.13694434 0.64720857 -0.19612209
v 0.12207207 0.64366275 -0.20665051
v 0.11315874 0.71832913 -0.10814686
v 0.11560797 0.72775334 -0.13216937
v 0.17795011 0.60981345 -0.15154469
v 0.17811275 0.60490459 -0.14735259
v 0.17414369 0.60035419 -0.15231130
v 0.17353049 0.60715365 -0.15710266
v 0.18176547 0.60777837 -0.12697481
v 0.18496260 0.60691023 -0.13042192
v 0.18637027 0.60246938 -0.12411889
v 0.18496458 0.60277903 -0.11981282
v 0.12718336 0.35213682 -0.07750094
v 0.12504300 0.36925960 -0.08073431
v 0.13667890 0.49877882 -0.14714465
v 0.14448157 0.52020842 -0.14681901
v 0.15148416 0.51360041 -0.12887020
v 0.14597782 0.49252349 -0.12778407
v 0.01882254 0.63664538 -0.20479156
v 0.03987780 0.64053965 -0.20915523
v 0.04009049 0.62638873 -0.21017437
v 0.01901874 0.62328887 -0.20564315
v 0.08254403 0.66464466 -0.21564001
v 0.06031021 0.65892315 -0.21421301
v 0.05889538 0.67220747 -0.21271414
v 0.08155342 0.67897594 -0.21211094
v 0.10392106 0.65483928 -0.21262443
v 0.10447162 0.63929355 -0.21359663
v 0.15738401 0.52972972 -0.11258601
v 0.16007803 0.54796886 -0.11491549
v 0.16557869 0.57086301 -0.11900251
v 0.16831882 0.57990175 -0.12021746
v 0.16403866 0.58091545 -0.10812790
v 0.16157636 0.57186115 -0.10558635
v 0.08299873 0.74241573 -0.13474499
v 0.09399346 0.74173307 -0.15479830
v 0.08159701 0.74729049 -0.15438113
v 0.04932883 0.72107923 -0.18922840
v 0.05945123 0.72553247 -0.18528049
v 0.06429139 0.71916819 -0.19071469
v 0.05073641 0.71433556 -0.19406974
v 0.04852444 0.55530161 -0.20618771
v 0.05220383 0.53118050 -0.20041873
v 0.02651238 0.53314137 -0.19871004
v 0.02458689 0.55652118 -0.20342594
v 0.17297876 0.58815062 -0.13074839
v 0.17296323 0.59042209 -0.13858902
v 0.17656882 0.59711111 -0.13764951
v 0.17588997 0.59423161 -0.12966892
v 0.17025825 0.58347088 -0.14040089
v 0.16995580 0.58072251 -0.13093057
v 0.16699451 0.57196319 -0.13089535
v 0.16671288 0.57502675 -0.14173266
v 0.15152290 0.53929770 -0.14560893
v 0.15892746 0.55482250 -0.14396279
v 0.16081642 0.55097574 -0.12968862
v 0.15590936 0.53401011 -0.12918176
v 0.02514311 0.45521811 -0.17219974
v 0.02611817 0.48150063 -0.18231355
v 0.04809568 0.47831926 -0.18505299
v 0.04539321 0.45175645 -0.17499667
v 0.16333221 0.62297750 -0.08943383
v 0.16142572 0.61675721 -0.08253194
v 0.15035994 0.62169814 -0.07484555
v 0.15386319 0.62689763 -0.07971510
v 0.19831151 0.60687578 -0.12197781
v 0.20160687 0.61081654 -0.12218480
v 0.20591848 0.60716093 -0.11192122
v 0.20299965 0.60346526 -0.11280614
v 0.16797593 0.60037321 -0.07682122
v 0.16536881 0.58656162 -0.06408064
v 0.15380740 0.59232682 -0.05840942
v 0.15735683 0.60524815 -0.07180612
v 0.12738116 0.72575974 -0.15383413
v 0.11638125 0.73082232 -0.15552023
v 0.12643301 0.72763133 -0.12975234
v 0.17986090 0.60105747 -0.09960964
v 0.18246374 0.59696072 -0.10637207
v 0.18414417 0.58513200 -0.09665053
v 0.17896692 0.58868349 -0.08983627
v 0.18919712 0.60387713 0.01356137
v 0.18256417 0.61633265 -0.00209036
v 0.17530015 0.56476659 -0.05656105
v 0.17350480 0.57934952 -0.07063290
v 0.18083656 0.57373911 -0.07741845
v 0.18534696 0.55952519 -0.06197119
v 0.14004123 0.47106615 -0.12575316
v 0.12878515 0.47642574 -0.14506806
v 0.10545406 0.35184437 -0.11316481
v 0.10305658 0.37128511 -0.11540624
v 0.11502124 0.37036958 -0.09938358
v 0.11816508 0.35241646 -0.09708884
v 0.12971316 0.33520260 -0.07378504
v 0.10819551 0.33224523 -0.10890837
v 0.12134032 0.33388489 -0.09336170
v 0.06430212 0.75937873 -0.14478309
v 0.07163651 0.75376511 -0.15108062
v 0.06159240 0.74939752 -0.16485627
v 0.05562090 0.75695550 -0.15766859
v 0.14697215 0.23141907 -0.05456989
v 0.15206015 0.23634773 -0.03027162
v 0.15743788 0.20895991 -0.02650151
v 0.14764021 0.20378681 -0.05089329
v 0.03186515 0.73695195 -0.17911725
v 0.02886967 0.74826199 -0.17119987
v 0.04286753 0.75275230 -0.16612002
v 0.04777087 0.74305630 -0.17319338
v 0.14565784 0.25643304 -0.05956661
v 0.14853802 0.25953740 -0.03406493
v 0.06684013 0.75547445 -0.12707564
v 0.07430837 0.74928796 -0.13244644
v 0.06487913 0.74769270 -0.10877944
v 0.07067598 0.73961037 -0.11376198
v 0.05835442 0.74376893 -0.09195459
v 0.15343019 0.23701085 -0.00415913
v 0.16127950 0.21063164 0.00088390
v 0.05056442 0.76449788 -0.14907996
v 0.03992443 0.76128590 -0.15766382
v 0.02789366 0.75820768 -0.16231734
v 0.01537337 0.75742483 -0.16420838
v 0.00212447 0.75662863 -0.16390972
v 0.00445184 0.76558298 -0.15484458
v 0.13210773 0.31918642 -0.04464264
v 0.13014652 0.31773669 -0.06787974
v 0.11057376 0.08873433 -0.08009465
v 0.11453237 0.07360920 -0.06152308
v 0.08697815 0.06834501 -0.07058447
v 0.08525994 0.08292091 -0.08767674
v 0.02432656 0.08887592 -0.08664524
v 0.05661666 0.08305353 -0.09055351
v 0.05603919 0.07266179 -0.07333244
v 0.02352124 0.08031535 -0.06827518
v 0.02966158 0.20287029 -0.13825789
v 0.02957499 0.22499898 -0.13715908
v 0.05351836 0.22606620 -0.13647220
v 0.05473999 0.20351835 -0.13848414
v 0.12228245 0.31698629 -0.08797031
v 0.10948776 0.31493664 -0.10347725
v 0.12853892 0.32038170 -0.02209472
v 0.17332430 0.09218645 0.05238955
v 0.17531879 0.06289697 0.05818652
v 0.17507710 0.05747479 0.02497810
v 0.17683126 0.08707842 0.01823552
v 0.14526555 0.04217342 -0.02686439
v 0.11688384 0.03779513 -0.03989877
v 0.11576194 0.05745399 -0.04938672
v 0.14450581 0.06644177 -0.03636039
v 0.06739207 0.32731462 0.06135177
v 0.06429230 0.30634263 0.06065823
v 0.07968535 0.30913302 0.04812878
v 0.01758843 0.31982040 0.08128755
v 0.01546043 0.29832453 0.08050343
v 0.03198511 0.30094808 0.07715831
v 0.03565422 0.32316631 0.07953741
v 0.01495144 0.19725683 0.08892281
v 0.01953494 0.21797910 0.08234329
v 0.00604240 0.21784425 0.08341309
v 0.00312544 0.19756514 0.08895361
v 0.14797458 0.23369569 0.02095408
v 0.13810545 0.25475907 0.01398288
v 0.12122425 0.24919325 0.03324482
v 0.12992385 0.22853033 0.04155435
v 0.05364629 0.06417167 -0.05657885
v 0.02374563 0.07734060 -0.04890849
v 0.15870002 0.09844568 0.08128344
v 0.16226269 0.06817624 0.08906464
v 0.13669842 0.07207650 0.11052234
v 0.13328992 0.10186470 0.10122479
v 0.10406586 0.10121194 0.10804361
v 0.10685990 0.07287434 0.11608015
v 0.00531108 0.10297468 0.08443369
v 0.01022171 0.09890199 0.07642145
v 0.02314573 0.11844280 0.09197938
v 0.01495339 0.13026926 0.09947922
v 0.02467923 0.11986989 -0.11611534
v 0.05280100 0.11608306 -0.11788549
v 0.05479009 0.09787935 -0.10577909
v 0.02484961 0.10412318 -0.10335216
v 0.09364709 0.31141317 -0.11401617
v 0.09202265 0.33045840 -0.11971269
v 0.07477174 0.32990649 -0.12673321
v 0.07337506 0.35165334 -0.13098471
v 0.09037796 0.35103935 -0.12380891
v 0.09574175 0.49210611 -0.17525937
v 0.10585050 0.51565337 -0.17924584
v 0.12334752 0.50535625 -0.16448212
v 0.11412488 0.48360723 -0.16158934
v 0.06148547 0.64538753 -0.21524924
v 0.06206787 0.63068312 -0.21566410
v 0.08502252 0.04062745 -0.04368394
v 0.09012252 0.01449397 -0.03468117
v 0.06027705 0.01837954 -0.02930869
v 0.04731739 0.05052850 -0.03632637
v 0.14487946 0.01875842 -0.01675992
v 0.16606104 0.05125129 -0.00518166
v 0.16317427 0.02482635 0.00372642
v 0.17685981 0.03410456 0.06696555
v 0.17531875 0.02918777 0.03261293
v 0.13879059 0.04251426 0.11968838
v 0.10997956 0.04371774 0.12349727
v 0.03566921 0.05839711 0.07281770
v 0.03833657 0.03542078 0.07453409
v 0.05764749 0.03948775 0.09488513
v 0.05486376 0.06318203 0.09178229
v 0.05194833 0.18856403 0.08954091
v 0.06317762 0.16657773 0.08973668
v 0.08805825 0.18514204 0.07883644
v 0.08285489 0.20696229 0.07208150
v 0.03814498 0.34878176 0.07764386
v 0.02272848 0.34531730 0.08118834
v 0.06986177 0.35041720 0.05818107
v 0.05405645 0.35062766 0.07022961
v 0.05180343 0.32515365 0.07294495
v 0.04695833 0.43971878 0.04600706
v 0.04371327 0.41892147 0.05398183
v 0.06317194 0.41694945 0.04638243
v 0.06666635 0.43739939 0.03905839
v 0.06980515 0.45967558 0.03202535
v 0.04969691 0.46160537 0.03801748
v 0.05097252 0.50557470 0.01811188
v 0.07055617 0.50262678 0.01642783
v 0.06899147 0.52226371 0.01106766
v 0.03438217 0.65164238 -0.02683586
v 0.03384958 0.63765985 -0.02064658
v 0.15541859 0.20908865 0.02915464
v 0.02179755 0.04916167 -0.01136741
v 0.03505136 0.02166483 -0.01007496
v 0.02213040 0.02544704 0.01282644
v 0.01397166 0.04955888 0.01291844
v 0.14714904 0.25779912 -0.00879315
v 0.12448060 0.33396888 -0.00392267
v 0.12149395 0.31830144 -0.00057683
v 0.13922343 0.50134313 -0.03993612
v 0.14077702 0.47453448 -0.03856771
v 0.07241009 0.56939244 0.00817651
v 0.07133316 0.58000731 0.00671330
v 0.16653773 0.07772961 -0.01404432
v 0.13971870 0.01349416 0.12665778
v 0.11057808 0.01405248 0.12919506
v 0.10993234 -0.01416031 0.13412052
v 0.13818486 -0.01371852 0.13202690
v 0.03273144 0.00495321 0.05611453
v 0.04226865 -0.02293649 0.05863613
v 0.05176601 -0.01746324 0.07887010
v 0.04350311 0.00870284 0.07582216
v 0.05129767 -0.05001542 0.06479276
v 0.05859690 -0.07653046 0.06996105
v 0.06187372 -0.07460693 0.08962549
v 0.05798560 -0.04597142 0.08441029
v 0.16477385 0.03855711 0.09827405
v 0.17556298 -0.01914528 0.08681606
v 0.17712964 0.00659329 0.07750751
v 0.16388991 0.01076329 0.10765204
v 0.16232628 -0.01644012 0.11463320
v 0.11825344 0.01560295 -0.02891733
v 0.02286508 0.05459574 0.05417874
v 0.02644809 0.03172770 0.05478960
v 0.04614877 -0.03070289 0.02131225
v 0.03386477 -0.00284013 0.01574164
v 0.04770526 -0.00678793 -0.00627315
v 0.05990355 -0.03445289 0.00207840
v 0.14990839 -0.02782753 0.00588614
v 0.14680409 -0.00391042 -0.00530113
v 0.16539022 0.00094476 0.01614206
v 0.16613895 -0.02392626 0.02721824
v 0.17624679 0.00310203 0.04436465
v 0.17510532 -0.02181816 0.05540702
v 0.17050657 -0.07156053 0.10524946
v 0.17387843 -0.04582968 0.09618323
v 0.15975121 -0.04414368 0.12230411
v 0.15599304 -0.07073584 0.12958482
v 0.17220834 -0.07238615 0.07609423
v 0.17337936 -0.04683596 0.06554249
v 0.16706136 -0.07265970 0.04969037
v 0.16645105 -0.04782555 0.03899823
v 0.15451206 -0.07415602 0.02978852
v 0.15294245 -0.05044466 0.01777947
v 0.13818635 -0.07649365 0.01589839
v 0.13391048 -0.05413297 0.00349282
v 0.11222519 -0.05672538 -0.00185254
v 0.11911164 -0.07910794 0.01022226
v 0.10007897 -0.07938945 0.01282790
v 0.09043456 -0.05844530 0.00062267
v 0.06898129 -0.07968029 0.03517693
v 0.05812710 -0.05588877 0.02814591
v 0.07085417 -0.05815849 0.01116039
v 0.08202239 -0.08026958 0.02108008
v 0.10162620 -0.17376408 0.05061791
v 0.09213230 -0.14974743 0.04671115
v 0.10754628 -0.14687023 0.04088428
v 0.11492699 -0.17030314 0.04580215
v 0.12949863 -0.16680202 0.04281866
v 0.12217680 -0.14466760 0.03754447
v 0.13631944 -0.14322188 0.03754392
v 0.14343235 -0.16389084 0.04550667
v 0.16289678 -0.14058852 0.05971413
v 0.16976042 -0.16258144 0.06602741
v 0.15694164 -0.16235086 0.05344874
v 0.15003575 -0.14134419 0.04633372
v 0.17515178 -0.14017218 0.07693917
v 0.17985170 -0.16222683 0.08412843
v 0.17446265 -0.14131200 0.10183885
v 0.17542669 -0.16466749 0.10766841
v 0.16286039 -0.14427954 0.12658109
v 0.16438656 -0.16812035 0.13081872
v 0.07283825 -0.15420753 0.09129281
v 0.07214451 -0.15401885 0.07331853
v 0.08023261 -0.17893383 0.07242426
v 0.07801789 -0.17931312 0.08983991
v 0.09092188 -0.15257832 0.13052736
v 0.09568268 -0.17812774 0.12570564
v 0.10686554 -0.17401734 0.14738145
v 0.10435098 -0.14922339 0.15279976
v 0.16688380 -0.09635568 0.11316970
v 0.17090312 -0.09628567 0.08554181
v 0.16753674 -0.09577844 0.06044756
v 0.15600500 -0.09649238 0.04181976
v 0.07691398 -0.10333136 0.03998453
v 0.09134241 -0.10290685 0.02869476
v 0.06557280 -0.10198954 0.09225276
v 0.06249283 -0.10313255 0.07333807
v 0.12929630 -0.12167370 0.15520325
v 0.15115213 -0.12059322 0.14404458
v 0.15157825 -0.09638730 0.13510928
v 0.12928589 -0.09646475 0.14718845
v 0.17238054 -0.11917058 0.09413265
v 0.17013021 -0.11810949 0.06926595
v 0.15835032 -0.11838320 0.05241083
v 0.13067460 -0.12206441 0.03004339
v 0.14571816 -0.11919376 0.03823200
v 0.11523311 -0.12363550 0.03034826
v 0.08418264 -0.12652794 0.04321420
v 0.09942335 -0.12506318 0.03458326
v 0.06931225 -0.12845710 0.09252844
v 0.06722525 -0.12856621 0.07437000
v 0.13135299 -0.17096415 0.15918452
v 0.15263835 -0.16937166 0.15203138
v 0.15325101 -0.14435431 0.15238258
v 0.12926419 -0.14598322 0.16144064
v 0.13296588 -0.19466496 0.15018253
v 0.11498503 -0.19736591 0.13973548
v 0.15285568 -0.18573818 0.04781540
v 0.13828088 -0.18818080 0.04460914
v 0.16603258 -0.18490550 0.05614154
v 0.17875752 -0.19041532 0.11240181
v 0.18499362 -0.18602559 0.08876219
v 0.16581377 -0.19363436 0.13402629
v 0.15130769 -0.19239461 0.14828527
v 0.10281967 -0.22561887 0.06967607
v 0.10039905 -0.22727749 0.08582480
v 0.08892235 -0.20166421 0.08746029
v 0.09241299 -0.20091373 0.07223297
v 0.12045959 -0.22097433 0.04703368
v 0.11161190 -0.19595602 0.05356235
v 0.12447796 -0.19227785 0.04634973
v 0.13282704 -0.21681759 0.03896913
v 0.16422656 -0.21084422 0.04323010
v 0.14865290 -0.21311265 0.03824332
v 0.17823286 -0.20921102 0.05326966
v 0.19184901 -0.21212843 0.09186901
v 0.18940538 -0.20908681 0.06951870
v 0.17849861 -0.18460333 0.06978114
v 0.18370380 -0.21604982 0.11772253
v 0.16796553 -0.25119501 0.13206749
v 0.19023079 -0.24453720 0.11975281
v 0.16303830 -0.22286829 0.13510767
v 0.15683584 -0.34210682 0.11939996
v 0.16009587 -0.37309346 0.11451143
v 0.17857601 -0.36919507 0.11914759
v 0.17810941 -0.33830100 0.12513895
v 0.10661467 -0.25293556 0.06468810
v 0.10666478 -0.25342292 0.08249713
v 0.14074460 -0.24367595 0.03136787
v 0.12516926 -0.24788374 0.03822860
v 0.20906736 -0.26761746 0.09236671
v 0.20900095 -0.26488662 0.06610598
v 0.20035253 -0.23645630 0.06892066
v 0.20117602 -0.23947993 0.09374525
v 0.11205825 -0.34206805 0.07238791
v 0.10701272 -0.31205398 0.07519914
v 0.11035241 -0.31108376 0.05526190
v 0.11468437 -0.34149176 0.05371893
v 0.14565924 -0.27214289 0.02453655
v 0.14967345 -0.30191374 0.02118561
v 0.13178833 -0.30590442 0.02818130
v 0.12843400 -0.27647310 0.03204523
v 0.21222267 -0.32958683 0.08762670
v 0.21480384 -0.32778409 0.06435725
v 0.21369517 -0.29488599 0.06415536
v 0.21224007 -0.29766509 0.09002369
v 0.17297985 -0.27915576 0.13152629
v 0.17660116 -0.30827096 0.12922432
v 0.19817874 -0.30230814 0.11597835
v 0.19560048 -0.27275735 0.11826807
v 0.15069446 -0.28288624 0.12619916
v 0.15403260 -0.31172073 0.12404341
v 0.13534474 -0.40433663 0.05803276
v 0.13180234 -0.40696427 0.07167080
v 0.12154885 -0.37405351 0.07175466
v 0.12477398 -0.37229386 0.05595222
v 0.15458424 -0.33349118 0.02284432
v 0.16010141 -0.36598065 0.02940167
v 0.14474602 -0.36864081 0.03407269
v 0.13671151 -0.33694556 0.02818406
v 0.20844647 -0.39815688 0.08515183
v 0.21004762 -0.39752397 0.06607397
v 0.21323280 -0.36260891 0.06515324
v 0.21052173 -0.36344200 0.08541119
v 0.17970678 -0.40238568 0.11272039
v 0.19763307 -0.39959803 0.10435732
v 0.19925022 -0.36545193 0.10852218
v 0.16372056 -0.40565521 0.10938339
v 0.16691466 -0.43739110 0.10637194
v 0.18035686 -0.43491954 0.10999712
v 0.14257589 -0.43684527 0.05920826
v 0.14165325 -0.43801266 0.07215023
v 0.15520042 -0.43454337 0.04302496
v 0.15107739 -0.40157512 0.03959412
v 0.16400611 -0.39915535 0.03480735
v 0.16690281 -0.43209133 0.03820900
v 0.19453907 -0.39848420 0.04127105
v 0.19415241 -0.43135819 0.04429036
v 0.18113196 -0.43090531 0.03842134
v 0.17992875 -0.39801440 0.03530190
v 0.20716131 -0.42980915 0.06716022
v 0.20209606 -0.43032762 0.05399316
v 0.20476577 -0.39778820 0.05048158
v 0.20643562 -0.42980021 0.08506633
v 0.19613025 -0.43191230 0.10294285
v 0.00574817 0.07791448 0.00391118
v 0.01300613 0.07025772 -0.00611715
v 0.00858480 0.06784314 0.01692200
v 0.00529586 0.07810795 0.02437695
v 0.06581621 -0.01495951 0.10232512
v 0.06190330 0.01341209 0.09845957
v 0.07042197 -0.07353008 0.11152580
v 0.06887309 -0.04445282 0.10768582
v 0.07350949 -0.10138327 0.11345130
v 0.08006011 -0.15500981 0.10929851
v 0.07658476 -0.12918201 0.11254913
v 0.08580256 -0.18002337 0.10724568
v 0.09436482 -0.20407206 0.10507443
v 0.10560742 -0.22890782 0.10270579
v 0.11567545 -0.28138280 0.09677230
v 0.11489882 -0.25384462 0.09870733
v 0.10654926 -0.28240931 0.07862676
v 0.12041940 -0.34250423 0.09313720
v 0.11617374 -0.31128788 0.09537406
v 0.13772960 -0.40831256 0.08695853
v 0.12790900 -0.37552425 0.09030965
v 0.14800334 -0.43844119 0.08500846
v 0.07547595 0.11767018 0.09497169
v 0.07253529 0.13502711 0.09264920
v 0.04970608 0.12088308 0.08697274
v 0.05212410 0.10676637 0.08469203
v -0.00181458 0.08764350 0.06014081
v 0.00019932 0.08790529 0.05223873
v 0.00387081 0.09141022 0.06354794
v 0.00073384 0.09176910 0.07081501
v 0.16340190 -0.12060860 0.12021562
v 0.14234924 -0.09725991 0.02791160
v 0.10828484 -0.10137081 0.02326812
v 0.12501562 -0.10070994 0.02157943
v 0.08570045 -0.12828937 0.13618110
v 0.10588536 -0.12448972 0.15109682
v 0.10533041 -0.09831244 0.14773452
v 0.08667554 -0.10055986 0.13393837
v 0.14677073 -0.25743309 0.12926233
v 0.12862380 -0.25575966 0.11497067
v 0.13292965 -0.28238380 0.11108394
v 0.14234585 -0.23385045 0.13500899
v 0.19107552 -0.23534724 0.04883689
v 0.17584734 -0.23671854 0.03665977
v 0.16522808 -0.26792410 0.02417732
v 0.15821519 -0.23974836 0.03090811
v 0.18489303 -0.26494214 0.03002932
v 0.08525792 -0.04428935 0.12865564
v 0.08536630 -0.07234558 0.13182455
v 0.10687449 -0.07068503 0.14359787
v 0.10819061 -0.04238710 0.13945843
v 0.10381228 0.39003444 -0.11947685
v 0.11610315 0.38795277 -0.10425296
v 0.11974227 0.54116094 -0.02015655
v 0.11115824 0.53583890 -0.01309198
v 0.11821033 0.51918685 -0.01604894
v 0.12791668 0.52428883 -0.02730998
v 0.13431868 0.53419948 -0.03720025
v 0.12640752 0.54977316 -0.02766412
v 0.13760057 0.54865140 -0.04667236
v 0.13069092 0.56223106 -0.03649484
v 0.14703353 0.60843062 -0.07464337
v 0.15203702 0.61635977 -0.07954504
v 0.03082711 0.50301099 0.01928857
v 0.03006000 0.48207435 0.03022412
v 0.05096186 0.48319671 0.02853586
v 0.04829573 0.30347216 0.07125623
v 0.05465398 0.22061211 0.07231375
v 0.03491528 0.21821877 0.07922643
v 0.03008600 0.19388336 0.08900212
v -0.00013761 0.12788057 0.09546990
v -0.00827210 0.11329722 0.08802333
v -0.00799219 0.09561035 0.07476129
v -0.00787823 0.08951074 0.06534082
v 0.06466340 0.44746014 -0.17101474
v 0.06921328 0.47406363 -0.18019186
v 0.01850435 0.64948374 -0.20367229
v 0.03943382 0.65367842 -0.20808060
v 0.03665854 0.67827725 -0.20492631
v 0.01715070 0.67371762 -0.19991726
v 0.01636380 0.68504679 -0.19763614
v 0.03495254 0.68965691 -0.20221502
v 0.01473865 0.74561012 -0.17269905
v 0.01539490 0.73302329 -0.17991386
v -0.00163725 0.08644447 0.03863724
v -0.00015661 0.08498019 0.02883639
v 0.00116138 0.08746427 0.04375697
v 0.03317701 0.08007723 0.07227029
v 0.03209372 0.09606260 0.07232738
v 0.01780983 0.08754078 0.05741658
v 0.02000173 0.07378924 0.05556824
v 0.17481902 0.11715463 0.01449700
v 0.17144172 0.12142932 0.04904589
v 0.08655845 0.05645230 -0.05660480
v 0.20075136 0.53433645 -0.02214351
v 0.19262007 0.54613018 -0.04338342
v 0.20535430 0.54479814 -0.04543951
v 0.21282463 0.53299028 -0.02305627
v 0.07443380 0.55896723 -0.20351726
v 0.08292834 0.53183150 -0.19353279
v 0.07807235 0.73208505 -0.11591539
v 0.15115112 0.72452849 -0.11926468
v 0.13813524 0.72699606 -0.12565848
v 0.13649975 0.71957421 -0.10092521
v 0.14678618 0.71796149 -0.09592012
v 0.15461779 0.67948782 -0.17929548
v 0.14076939 0.67864418 -0.18902425
v 0.14264026 0.69487906 -0.18121152
v 0.15573891 0.69354719 -0.17070422
v 0.05417501 0.18002722 -0.13852280
v 0.02831937 0.17933977 -0.13791202
v 0.03823238 0.37739885 -0.15007719
v 0.04061054 0.40171850 -0.15756783
v 0.05819197 0.39776766 -0.15363021
v 0.05654031 0.37437522 -0.14551209
v 0.10733021 0.54844922 -0.19167049
v 0.12137566 0.53474170 -0.17830527
v 0.03578146 0.57762951 0.00254418
v 0.04785727 0.58440137 0.00563793
v 0.04638864 0.59946549 -0.00063498
v 0.03387785 0.59497923 -0.00218838
v 0.21756332 0.57285422 -0.07108995
v 0.20882705 0.56111807 -0.06756756
v 0.20004046 0.57373238 -0.08605692
v 0.20582232 0.58048671 -0.09038173
v 0.14080672 0.08652577 -0.05015899
v 0.16405524 0.10835296 -0.02596609
v 0.13764468 0.42692471 -0.09881039
v 0.13187587 0.40594715 -0.09360150
v 0.12184357 0.40771326 -0.11258148
v 0.12729396 0.42905816 -0.11895895
v 0.15203100 0.48895293 -0.10786527
v 0.14744061 0.46870273 -0.10585283
v 0.15536547 0.50956094 -0.11016582
v 0.18001218 0.60866117 -0.11956502
v 0.17814855 0.60460091 -0.12124204
v 0.18012732 0.60450727 -0.12837951
v 0.05318235 0.08744490 0.08801522
v 0.04192356 0.14302179 0.09529997
v 0.03275093 0.15657690 0.09976854
v -0.00328946 0.08664909 0.04798609
v -0.00733624 0.08629847 0.05285363
v 0.05586065 0.75423717 -0.08522835
v 0.06124163 0.75733757 -0.10191053
v 0.17422169 0.59403372 -0.08274665
v 0.17662062 0.60603106 -0.09387751
v 0.16728795 0.58894479 -0.11066626
v 0.17149773 0.59607744 -0.11263101
v 0.16535503 0.60021919 -0.10274495
v 0.16004011 0.59329170 -0.09931001
v 0.17139840 0.58754385 -0.12109362
v 0.17491625 0.59422654 -0.12162708
v 0.12878007 0.65942758 -0.03576861
v 0.13081259 0.67323536 -0.04625393
v 0.12307294 0.67617935 -0.04683689
v 0.11927662 0.66341770 -0.03482279
v 0.10732852 0.66490173 -0.03320345
v 0.11131505 0.67894995 -0.04591076
v 0.09762070 0.68015039 -0.04397172
v 0.09382369 0.66468918 -0.03166663
v 0.07744849 0.71901751 -0.09183538
v 0.06273167 0.71371281 -0.07370837
v 0.04629296 0.70840597 -0.06191231
v 0.03132972 0.70391262 -0.05411056
v 0.01648546 0.72063124 -0.18626118
v 0.03707648 0.72488415 -0.18749730
v 0.03341465 0.71202350 -0.19424796
v 0.01573821 0.70794475 -0.19106784
v -0.00094447 0.70464391 -0.18869217
v -0.00092350 0.71735168 -0.18446380
v 0.04904483 0.74016196 -0.07646245
v 0.03732368 0.73681504 -0.06469505
v 0.02752274 0.72279912 -0.05926649
v 0.20896846 0.60711581 0.01095003
v 0.20184937 0.61852360 -0.00523689
v 0.05844414 0.76589084 -0.13561223
v 0.06219797 0.76255536 -0.11909726
v 0.22566196 0.60298699 0.00561076
v 0.21849607 0.61506987 -0.01167530
v 0.12265200 0.70485795 -0.08338675
v 0.13350151 0.70563912 -0.08085587
v 0.12496113 0.71914542 -0.10504806
v 0.04666358 0.75043714 -0.07014579
v 0.03518216 0.74757767 -0.05904640
v 0.17208156 0.14997688 0.01156864
v 0.16737489 0.15226200 0.04444281
v 0.13425586 0.38741225 -0.04469057
v 0.12993400 0.38758758 -0.02322217
v 0.00612078 0.44000652 0.04916175
v 0.00489144 0.42120278 0.05613773
v 0.02373965 0.41951761 0.05680021
v 0.02645220 0.44052848 0.04857194
v 0.01012339 0.49956638 0.01852455
v 0.00905137 0.47936925 0.02993233
v 0.01038335 0.75199485 -0.04350929
v 0.03877601 0.37497813 0.07107146
v 0.04091271 0.39788198 0.06255057
v 0.02097631 0.39728689 0.06576630
v 0.01856033 0.37136608 0.07485458
v 0.01055172 0.34279948 0.07938047
v 0.00900081 0.32915819 0.08067563
v 0.01076075 0.17923915 0.09642176
v 0.00192248 0.17992365 0.09544973
v 0.15684444 0.64111209 -0.04712068
v 0.17214440 0.64983392 -0.04684839
v 0.17095882 0.66053951 -0.05627272
v 0.15704580 0.65103608 -0.05506906
v 0.07332566 0.37340349 0.05125303
v 0.05658539 0.37522006 0.06304388
v 0.14121065 0.60812879 -0.05615938
v 0.14285269 0.59844255 -0.07072257
v 0.03067224 0.52545965 0.00902050
v 0.06010486 0.58910412 0.00555442
v 0.05923225 0.60305262 -0.00075979
v 0.07077649 0.59242994 0.00259928
v 0.07169127 0.60556895 -0.00149462
v -0.00638991 0.08460632 0.04248093
v -0.00307560 0.08902100 0.03709086
v 0.21514440 0.63038224 -0.10673875
v 0.21381342 0.62328386 -0.10813028
v 0.21007991 0.62771386 -0.12094182
v 0.21183231 0.63542235 -0.11903514
v 0.01522111 0.05320567 0.03592455
v 0.01150031 0.07009360 0.03774236
v 0.01871176 0.07401267 -0.02526589
v 0.00432572 0.07832253 -0.01027593
v -0.00107998 0.08658612 -0.01882464
v -0.00218407 0.08728209 -0.02995744
v 0.08189342 0.04020196 0.11429092
v 0.07875954 0.06947967 0.10850719
v 0.08372277 0.01211855 0.11861941
v 0.08518233 -0.01613510 0.12328772
v 0.10552865 -0.20265889 0.12126707
v 0.12026607 -0.22778472 0.12113997
v 0.13526849 -0.31188560 0.10881826
v 0.13851668 -0.34272522 0.10618935
v 0.14426354 -0.37520999 0.10189424
v 0.15668225 -0.43863550 0.09723660
v 0.15085299 -0.40796125 0.09859925
v 0.23718393 0.59267992 -0.00033391
v 0.24307056 0.57886481 -0.00540468
v 0.23598243 0.59205955 -0.02654698
v 0.23050693 0.60618329 -0.01997668
v 0.16725478 0.57265961 -0.05012792
v 0.17217673 0.55877054 -0.03491899
v 0.16229196 0.56624162 -0.02874658
v 0.15630007 0.57947338 -0.04361063
v 0.17912875 0.54535609 -0.01807255
v 0.18149318 0.55144358 -0.04012775
v 0.18960448 0.53884113 -0.02080527
v 0.22434713 0.53785318 -0.02143016
v 0.21720304 0.54800385 -0.04527575
v 0.22771251 0.55706149 -0.04385635
v 0.23420459 0.54569995 -0.01844752
v 0.24407662 0.56562459 -0.00980935
v 0.24076468 0.55456477 -0.01416171
v 0.23500444 0.56698161 -0.03749013
v 0.23747146 0.57816517 -0.03141081
v 0.16014524 0.57151830 -0.00098091
v 0.15145302 0.58476681 -0.01550078
v 0.15328705 0.57458800 -0.02176893
v 0.16205215 0.56197995 -0.00683385
v 0.18824901 0.65410656 -0.04982881
v 0.18757187 0.66587621 -0.06089470
v 0.15293047 0.63127589 -0.07474928
v 0.15242492 0.63306648 -0.08300683
v 0.14719543 0.64002532 -0.06869200
v 0.15048620 0.64262277 -0.06402978
v 0.17643973 0.62751061 -0.01958209
v 0.19541141 0.62949586 -0.02260923
v 0.19014877 0.64137405 -0.03821683
v 0.17321107 0.63833898 -0.03516749
v 0.14589019 0.59711784 -0.03008416
v 0.14210498 0.60893667 -0.04500157
v 0.14367758 0.59918767 -0.05123052
v 0.14681816 0.58709413 -0.03646055
v 0.18969831 0.57147861 -0.08289117
v 0.19688790 0.55773383 -0.06574965
v 0.14571191 0.63996565 -0.05868064
v 0.14578265 0.63025528 -0.05010960
v 0.13798274 0.59809339 -0.05372034
v 0.15635855 0.58481866 -0.09578344
v 0.15440772 0.57511401 -0.09244727
v 0.10854556 0.55098701 -0.00962593
v 0.10897318 0.56486559 -0.00866631
v 0.14648399 0.55505604 -0.06872448
v 0.14583266 0.53790796 -0.06061535
v 0.11348238 0.56469208 -0.01311330
v 0.11516997 0.55499864 -0.01529903
v 0.08884811 0.47887504 0.01763084
v 0.02875338 0.71251929 -0.05934046
v 0.14638132 0.62102878 -0.03895792
v 0.15710892 0.63102990 -0.03532735
v 0.19711429 0.58902264 -0.10347746
v 0.19107683 0.58565593 -0.10052586
v 0.18583874 0.59515572 -0.11190934
v 0.19032873 0.59674442 -0.11460589
v 0.14216365 0.57630187 -0.18139824
v 0.14913876 0.56752229 -0.16964139
v 0.13549630 0.55232549 -0.17470048
v 0.12591481 0.56283361 -0.18814063
v 0.21738338 0.64095318 -0.09635592
v 0.21437581 0.64928496 -0.10772578
v 0.21361446 0.65539318 -0.09795275
v 0.21612534 0.64463854 -0.08559707
v 0.21048519 0.66171741 -0.08500160
v 0.20253623 0.66603148 -0.07076900
v 0.20362285 0.65253848 -0.05898279
v 0.21245103 0.64864409 -0.07236604
v 0.16130860 0.18020955 -0.02136029
v 0.14909640 0.17655301 -0.04794782
v 0.09479526 0.31210291 0.03418309
v 0.10987245 0.31464559 0.01841707
v 0.07729066 0.23024920 0.06182323
v 0.01348387 0.09804317 0.06737781
v 0.02707434 0.11242613 0.08224999
v 0.01967801 0.02787647 0.03515767
v 0.16572931 0.18152827 0.00776894
v 0.04081475 -0.02659747 0.04020326
v 0.02958756 0.00107273 0.03687653
v 0.08133227 -0.03575176 -0.01089886
v 0.07090427 -0.01016405 -0.02061968
v 0.09681906 -0.01044211 -0.02518074
v 0.10475680 -0.03501737 -0.01483479
v 0.12341984 -0.00829193 -0.01917943
v 0.12835327 -0.03196576 -0.00889295
v 0.13197854 -0.06955180 0.14165626
v 0.17025283 -0.29830980 0.02056538
v 0.19241837 -0.32887655 0.03064421
v 0.17413411 -0.33080569 0.02318497
v 0.19025417 -0.29563937 0.02750376
v 0.20056580 -0.26361322 0.04432361
v 0.20549788 -0.29417235 0.04313313
v 0.19888325 -0.33316964 0.11332455
v 0.17733267 -0.36396864 0.03009761
v 0.19327775 -0.36343691 0.03717798
v 0.20717423 -0.32735544 0.04566177
v 0.20654193 -0.36228192 0.04884069
v 0.00932361 0.08151770 0.04176962
v -0.00015014 0.08648854 -0.04417803
v 0.14874299 0.15285429 0.06921738
v 0.15505740 0.12520167 0.07582873
v 0.06868495 0.14999366 0.09004466
v 0.09321988 0.16491750 0.08521215
v 0.10705370 0.38709089 0.01437340
v 0.09240936 0.38967299 0.02919449
v 0.11435299 0.42901784 0.00176927
v 0.11149711 0.40655577 0.00770199
v 0.12497711 0.40677649 -0.00895567
v 0.12836632 0.42827499 -0.01419933
v 0.14345825 0.42654017 -0.05329441
v 0.13835782 0.40623507 -0.04934080
v 0.13755430 0.40563145 -0.07162547
v 0.14274478 0.42610264 -0.07639699
v 0.12695411 0.38671860 -0.08650353
v 0.13337508 0.38684323 -0.06610671
v 0.07863555 0.41822067 -0.15417849
v 0.08282109 0.44263038 -0.16196743
v 0.09938200 0.43828756 -0.15006159
v 0.09458902 0.41471726 -0.14248653
v 0.02121618 0.17066947 0.09797356
v 0.00502195 0.09128499 0.05495300
v 0.07659413 0.09557015 0.10172872
v 0.10077085 0.12570652 0.09845341
v 0.12975983 0.12788501 0.09306301
v 0.17099212 0.61182606 -0.08786714
v 0.16948470 0.59412080 -0.15677345
v 0.16820981 0.60204011 -0.16325551
v 0.20597853 0.63971251 -0.04607680
v 0.21579435 0.63560730 -0.05915514
v 0.14033934 0.61989272 -0.05682485
v 0.17086940 0.66979021 -0.06286614
v 0.15957731 0.66662449 -0.06208044
v 0.15680821 0.66000527 -0.06148300
v 0.10704815 0.21932158 0.05713364
v 0.11413707 0.19650692 0.06670796
v 0.13792427 0.20541099 0.05413167
v 0.00105650 0.08138707 0.00299880
v -0.00101242 0.08526704 -0.00290847
v 0.04730154 0.13135779 0.09111505
v 0.06028511 -0.07857394 0.05184612
v 0.05130159 -0.05344868 0.04665258
v 0.06674997 -0.10381594 0.05519015
v 0.07263218 -0.12814942 0.05668105
v 0.07930671 -0.15247828 0.05751911
v 0.08877844 -0.17624831 0.05932155
v 0.10049486 -0.19855958 0.06087094
v 0.10978030 -0.22353479 0.05704316
v 0.10819767 -0.28168476 0.05874270
v 0.11362156 -0.25088999 0.04960901
v 0.11627965 -0.27946469 0.04378019
v 0.11884468 -0.30891126 0.03950776
v 0.13332851 -0.37073344 0.04284087
v 0.12363628 -0.33942741 0.03861499
v 0.14204922 -0.40242985 0.04743631
v 0.14766836 -0.43520293 0.05026055
v -0.00205901 0.08524722 0.02919716
v -0.00019290 0.08370969 0.01686923
v 0.10875573 0.70403546 -0.08447878
v 0.15153699 0.60063922 -0.08810380
v 0.15728502 0.60778815 -0.09229870
v 0.14237364 0.62901986 -0.06426758
v -0.00032269 0.09126058 -0.06325953
v -0.00153447 0.09915152 -0.08019287
v 0.22975500 0.59000415 -0.05222580
v 0.22927025 0.60344648 -0.04770947
v 0.14594878 0.61156142 -0.06500684
v 0.15769415 0.62274438 -0.08722035
v 0.15981722 0.62785274 -0.09355652
v 0.19494700 0.63327891 0.05801883
v 0.18247032 0.64432913 0.05739811
v 0.18339831 0.64426976 0.06940497
v 0.19590053 0.63227987 0.07042310
v 0.18986623 0.63034075 0.04683264
v 0.17769334 0.64072824 0.04733334
v 0.14712712 0.59049767 0.04623278
v 0.13689378 0.60553133 0.05045778
v 0.14547522 0.61156309 0.04238079
v 0.15607019 0.59764069 0.03819417
v 0.15989454 0.64558923 0.04115374
v 0.17141774 0.63461471 0.04002558
v 0.16371964 0.62673491 0.03785203
v 0.15197363 0.63844550 0.03975178
v 0.14112748 0.58338821 0.07337108
v 0.15020356 0.56688625 0.06941806
v 0.15533230 0.56802523 0.08300015
v 0.14651164 0.58501136 0.08569844
v 0.18907553 0.54296237 0.02944592
v 0.19441871 0.53847641 0.02878815
v 0.19096401 0.52783269 0.03308657
v 0.18461500 0.53357065 0.03575432
v 0.22063071 0.61239386 0.05593270
v 0.20789686 0.62297565 0.05719602
v 0.20877072 0.61973816 0.07101286
v 0.22133964 0.60688299 0.07036363
v 0.19582190 0.59304166 0.02820959
v 0.20567393 0.58179557 0.02519296
v 0.19530874 0.57009172 0.02528064
v 0.18549570 0.58107245 0.02793125
v 0.23294391 0.59240133 0.06835614
v 0.23380730 0.60081589 0.05511922
v 0.17456719 0.61473864 0.03504311
v 0.18537995 0.60404158 0.03122582
v 0.17600699 0.59345943 0.03072152
v 0.16545917 0.60587430 0.03530245
v 0.12509879 0.61659604 0.07806883
v 0.13284801 0.59996808 0.07624750
v 0.13815947 0.60175174 0.08742483
v 0.12999325 0.61889011 0.08775701
v 0.14359161 0.63170624 0.04144573
v 0.15491596 0.61868882 0.03863712
v 0.13445179 0.62544960 0.04564722
v 0.16202950 0.64726853 0.08847076
v 0.17383520 0.63304424 0.09106933
v 0.18026745 0.64003384 0.08103785
v 0.16791096 0.65300298 0.07917321
v 0.16886136 0.56262636 0.03596501
v 0.15777381 0.57635474 0.04111429
v 0.16674627 0.58430052 0.03446768
v 0.17661487 0.57122642 0.03009871
v 0.21495271 0.61077023 0.04246665
v 0.20271254 0.62053204 0.04486877
v 0.18555844 0.61776233 0.09267808
v 0.19731595 0.60174745 0.09371053
v 0.20497614 0.61238849 0.08319727
v 0.19256674 0.62659729 0.08248428
v 0.19794300 0.57182574 0.09811363
v 0.18707696 0.59014094 0.09945017
v 0.17560394 0.57992947 0.09905208
v 0.18568650 0.56143594 0.09784352
v 0.17393392 0.54228652 0.04069456
v 0.18013573 0.55110943 0.03177484
v 0.16073099 0.55075353 0.06368183
v 0.17171766 0.53598511 0.05601814
v 0.17621699 0.53368771 0.07233612
v 0.16502899 0.55067182 0.07915656
v 0.23583549 0.58163130 0.03234877
v 0.22779368 0.58712161 0.02918641
v 0.23977268 0.59330577 0.04023864
v 0.24811648 0.58532286 0.04186153
v 0.24468823 0.58935189 0.05399962
v 0.25284615 0.57850111 0.05223623
v 0.25782663 0.55489820 0.05101158
v 0.25624946 0.55699539 0.05542837
v 0.25468475 0.54254901 0.05795051
v 0.25559118 0.54095697 0.04958193
v 0.21998091 0.53262675 0.09270366
v 0.20886099 0.55219316 0.09659520
v 0.19615564 0.54125625 0.09519397
v 0.20680475 0.52038956 0.09046698
v 0.20219487 0.50272906 0.06692317
v 0.19559035 0.51679498 0.07862255
v 0.18721017 0.51917410 0.06335867
v 0.19448873 0.50846517 0.05355123
v 0.20305523 0.51285183 0.01348215
v 0.20570153 0.50257385 0.02754346
v 0.19591016 0.51061130 0.02659681
v 0.19266918 0.51927972 0.01431158
v 0.18445468 0.53341198 0.02818981
v 0.18502270 0.54462105 0.03148666
v 0.17802268 0.55053264 0.02391639
v 0.17896882 0.54032487 0.01930100
v 0.22618639 0.58601046 0.03909141
v 0.23211949 0.58096242 0.04365726
v 0.24677235 0.58008301 0.04407938
v 0.24273217 0.58374453 0.03597549
v 0.22864687 0.51723915 0.08545394
v 0.21413121 0.50170153 0.08021609
v 0.19030173 0.52817893 0.03274322
v 0.19340144 0.52556872 0.03268193
v 0.19617181 0.53635383 0.03059229
v 0.19259459 0.53921908 0.03391849
v 0.20625047 0.56100386 0.03914151
v 0.21185584 0.55839568 0.03334369
v 0.22443062 0.56791079 0.03525959
v 0.22111329 0.56924963 0.04108801
v 0.23713750 0.57724369 0.04449092
v 0.23950475 0.57686222 0.03878577
v 0.25224203 0.57885015 0.04535271
v 0.25108963 0.57747668 0.04823105
v 0.23581828 0.51141667 0.07424022
v 0.23829471 0.50798339 0.06070271
v 0.24776185 0.51870710 0.06101945
v 0.24628355 0.52324212 0.07384413
v 0.19851476 0.50351375 0.04465525
v 0.20606196 0.49665850 0.05239181
v 0.20902748 0.55893582 0.02645390
v 0.20292901 0.54732853 0.03138277
v 0.20042329 0.54820710 0.02689772
v 0.25792763 0.57159209 0.05168909
v 0.21358903 0.50944638 0.01394796
v 0.20841953 0.52106255 -0.00156507
v 0.21979013 0.52079684 -0.00137788
v 0.22451958 0.51057148 0.01489508
v 0.19779006 0.52475506 -0.00080529
v 0.18747264 0.53126287 0.00012636
v 0.16972819 0.55961853 0.01303896
v 0.17115453 0.55015546 0.00781256
v 0.17404409 0.57048506 0.01855388
v 0.18235292 0.56140202 0.02913368
v 0.19060354 0.57152796 0.03337270
v 0.18226746 0.58127952 0.02289733
v 0.21743983 0.59533584 0.02592245
v 0.23426263 0.59135771 0.02170411
v 0.25163728 0.57205939 0.03317359
v 0.24427548 0.57960534 0.01780152
v 0.18830112 0.52204299 0.02682145
v 0.19289386 0.51644343 0.03353171
v 0.17608744 0.60714769 0.09894325
v 0.16524485 0.62396085 0.09731243
v 0.15561183 0.61447120 0.09891681
v 0.16572124 0.59719253 0.09958969
v 0.14623258 0.60669339 0.09495150
v 0.13769631 0.62361103 0.09415884
v 0.19484448 0.61404335 0.03588796
v 0.18311420 0.62374955 0.03890759
v 0.16647506 0.65104920 0.04757638
v 0.22077461 0.57002991 0.02774985
v 0.21351629 0.57411623 0.02417061
v 0.25246033 0.52821547 0.04894026
v 0.25159577 0.52958107 0.03725938
v 0.25522032 0.54210961 0.03944948
v 0.24181922 0.53322911 0.08227158
v 0.24980153 0.54699671 0.06824122
v 0.23929523 0.56357419 0.07486857
v 0.23267865 0.54801607 0.08670571
v 0.23862818 0.50667500 0.04693525
v 0.23788758 0.50946003 0.03291106
v 0.24661335 0.51857597 0.03479476
v 0.24753946 0.51674306 0.04813504
v 0.20596948 0.58012354 0.03783128
v 0.21344930 0.57439727 0.04154892
v 0.24981645 0.55402625 0.01059902
v 0.24981686 0.56569177 0.01481506
v 0.25451261 0.55901265 0.03075114
v 0.25347975 0.54653734 0.02666602
v 0.25675175 0.55600756 0.04205252
v 0.24664477 0.54312426 0.00563258
v 0.25023502 0.53487831 0.02296886
v 0.19696452 0.59051895 0.02614388
v 0.23535998 0.51622355 0.01646763
v 0.23048963 0.52597338 -0.00055185
v 0.23988833 0.53394657 0.00215375
v 0.24436699 0.52460504 0.01938698
v 0.15558843 0.58963203 0.09484039
v 0.16461530 0.57219696 0.09333953
v 0.19020750 0.51691264 0.04202676
v 0.18212321 0.52390438 0.04785544
v 0.19406195 0.51430929 0.03762430
v 0.14114326 0.58493114 0.05893745
v 0.13229054 0.60107964 0.06303620
v 0.16225177 0.55511904 0.04758820
v 0.15118314 0.56979674 0.05354772
v 0.20900775 0.58417600 0.09280126
v 0.21657392 0.49565071 0.04350260
v 0.21571746 0.49577975 0.05883707
v 0.20652030 0.49679586 0.03964296
v 0.17765838 0.54068482 0.00307757
v 0.18395081 0.52920741 0.01610515
v 0.22669888 0.50245428 0.07150090
v 0.16935068 0.55367082 -0.01324299
v 0.25066102 0.56432945 0.05919231
v 0.25501478 0.56975794 0.04419392
v 0.25802153 0.56891763 0.05121614
v 0.17153317 0.65628314 0.06803562
v 0.20610759 0.60348201 0.03319287
v 0.20234042 0.56253737 0.02424676
v 0.19486471 0.55229640 0.02603893
v 0.21604931 0.50019920 0.02963261
v 0.22692248 0.50287360 0.03148808
v 0.22728390 0.49957094 0.04604042
v 0.18952970 0.55573606 0.03579794
v 0.19760621 0.56653148 0.03856188
v 0.12433046 0.61690801 0.06636156
v 0.19781470 0.55042797 0.03661318
v 0.24276403 0.57770050 0.06479642
v 0.01797174 0.66177016 -0.20195632
v -0.00008743 0.64768016 -0.20045945
v -0.00019516 0.65960717 -0.19899134
v 0.14418033 0.51994091 -0.05152794
v 0.11398204 0.49731827 -0.00665442
v 0.12576394 0.49906698 -0.02037777
v 0.14791086 0.59149820 -0.08392599
v 0.14681101 0.58081007 -0.07956713
v 0.16591489 0.62146884 -0.10027129
v 0.16244908 0.61536181 -0.09801152
v 0.13929234 0.56338090 -0.05522036
v 0.06082692 0.91154641 -0.11091941
v 0.06069136 0.90420252 -0.11251406
v 0.05947736 0.92562342 -0.11313547
v 0.00958017 0.35756171 0.07675794
v -0.00106111 0.32657313 0.07929403
v -0.00142571 0.31274855 0.08032908
v 0.06204571 0.89933252 -0.09275097
v 0.06137182 0.89236623 -0.09727941
v 0.06457195 0.89665008 -0.09352776
v 0.06165266 0.90158331 -0.09101387
v 0.06127549 0.90043354 -0.09118924
v 0.05779360 0.93106604 -0.10381404
v 0.06104714 0.89518273 -0.11180283
v 0.06110792 0.88603675 -0.10908093
v 0.05825955 0.91870469 -0.09722213
v 0.04075061 0.30591989 -0.12719285
v 0.04377165 0.28672683 -0.12675066
v 0.02282559 0.28435409 -0.12760158
v 0.02058974 0.30357701 -0.12679029
v 0.00122950 0.26748699 -0.13122320
v 0.00020375 0.28438622 -0.12593654
v 0.02505965 0.26517522 -0.13132940
v 0.12427702 0.24337319 -0.10175706
v 0.12152475 0.26477414 -0.10304411
v 0.13322288 0.27068162 -0.08349529
v 0.13786036 0.25025415 -0.08165944
v 0.13340759 0.29116011 -0.06174440
v 0.14090975 0.27516314 -0.06084581
v 0.12536846 0.28813386 -0.08360524
v 0.13567729 0.29227763 -0.03815532
v 0.14260301 0.27689314 -0.03638074
v 0.13284712 0.29155374 -0.01644433
v 0.13944876 0.27513492 -0.01365449
v 0.13151450 0.27190006 0.00780156
v 0.11636784 0.26766923 0.02710263
v 0.10113620 0.24157532 0.04926039
v 0.09698635 0.26051140 0.04405055
v 0.07606793 0.25390643 0.05639213
v 0.05640608 0.24692309 0.06650155
v 0.03838035 0.24237382 0.07384122
v 0.02261479 0.24018802 0.07817888
v 0.00859502 0.23955560 0.08105602
v -0.00407865 0.23813847 0.08153121
v -0.00541861 0.21678457 0.08429474
v 0.09958465 0.69356114 -0.06207488
v 0.08591942 0.73524410 -0.17207080
v 0.10537235 0.73626590 -0.15500879
v 0.09793273 0.72954732 -0.17390680
v 0.12435979 0.67589253 -0.20025004
v 0.10454543 0.67096013 -0.21015073
v 0.10528304 0.68644583 -0.20476235
v 0.12634219 0.69315004 -0.19262600
v 0.07662570 0.72604465 -0.18334760
v 0.06923074 0.73022974 -0.18031487
v 0.08571215 0.71980190 -0.18769640
v 0.06989105 0.71168363 -0.19653252
v 0.05229706 0.70592284 -0.20037128
v 0.15409803 0.72125238 -0.14193510
v 0.16754435 0.71813917 -0.13349324
v 0.16744085 0.70759094 -0.15134078
v 0.15555306 0.70954931 -0.15988636
v 0.15273862 0.66496265 -0.18352555
v 0.16495916 0.66550678 -0.17515831
v 0.16294399 0.65232497 -0.17715777
v 0.15090044 0.65083551 -0.18593369
v 0.19351862 0.69661516 -0.10226068
v 0.19897529 0.68683547 -0.09182368
v 0.20422520 0.68218517 -0.10801531
v 0.19760950 0.69140840 -0.11961401
v 0.16599256 0.67870283 -0.17066900
v 0.09675080 0.56608444 -0.20320742
v 0.11690718 0.57552725 -0.19880565
v 0.13387126 0.58580899 -0.19154890
v 0.16607611 0.61006778 -0.16832082
v 0.16160206 0.59462833 -0.16917954
v 0.15918760 0.60453826 -0.17529535
v 0.17171440 0.61432296 -0.16165411
v 0.17774755 0.61609834 -0.15587160
v 0.16081099 0.67441446 -0.06349040
v 0.15276736 0.65713698 -0.05577704
v 0.15024798 0.65165430 -0.05948436
v 0.18820141 0.61396295 -0.14055187
v 0.18741438 0.61091089 -0.13786910
v 0.18301329 0.61122984 -0.14379147
v 0.18289641 0.61426896 -0.14695218
v 0.13954191 0.72327352 -0.14876635
v 0.20522249 0.67435753 -0.12133197
v 0.20516102 0.66458166 -0.12940636
v 0.19603172 0.67015904 -0.14067759
v 0.19808911 0.68207067 -0.13234115
v 0.20396113 0.65559858 -0.13662691
v 0.20125155 0.64643592 -0.14166334
v 0.19308870 0.64973962 -0.15194207
v 0.19546133 0.66035473 -0.14748049
v 0.19027831 0.61814910 -0.14173192
v 0.18312654 0.61820799 -0.15035905
v 0.18716691 0.67622709 -0.06952171
v 0.17331028 0.71412539 -0.10223074
v 0.16342971 0.72061932 -0.11138742
v 0.15600520 0.71309912 -0.08955636
v 0.16347037 0.70602000 -0.08254460
v 0.17022894 0.61864686 -0.09705161
v 0.17635755 0.61350799 -0.10290743
v 0.18059826 0.60877049 -0.10917892
v 0.18174659 0.60584068 -0.13522306
v 0.18341525 0.60457397 -0.11453888
v 0.14462417 0.63505363 -0.06947300
v 0.14768541 0.64652765 -0.06257807
v 0.14908406 0.69806641 -0.07194766
v 0.15465547 0.69112313 -0.06763160
v 0.20127235 0.67719591 -0.08171183
v 0.20846100 0.67251682 -0.09721896
v 0.19533993 0.60305965 -0.12060098
v 0.19051488 0.60648495 -0.12912281
v 0.19274732 0.60992032 -0.13149093
v 0.17682657 0.60086149 -0.14411806
v 0.18224047 0.60798329 -0.14017606
v 0.17905220 0.71288258 -0.12306646
v 0.21060583 0.65659493 -0.11959332
v 0.20957243 0.66533232 -0.10995960
v 0.18620618 0.66303110 -0.15700687
v 0.17611897 0.66452241 -0.16618896
v 0.17706993 0.67755604 -0.16073669
v 0.18741639 0.67483282 -0.15092129
v 0.20534684 0.63228732 -0.13317685
v 0.20719163 0.64079642 -0.13153769
v 0.17386077 0.65197885 -0.16912216
v 0.18399000 0.65141040 -0.16106266
v 0.19545230 0.61391175 -0.13271469
v 0.14251319 0.70337677 -0.07709314
v 0.12694657 0.69058579 -0.06390332
v 0.13636792 0.68830025 -0.06107767
v 0.14434321 0.68215549 -0.05741182
v 0.14855921 0.67527831 -0.05511801
v 0.15144686 0.66613966 -0.05488220
v 0.11647948 0.69138807 -0.06346219
v 0.22715333 0.49945772 0.05857781
v 0.19339302 0.59980631 -0.11708724
v 0.20120037 0.59917831 -0.11057152
v 0.19982301 0.59407347 -0.10723899
v 0.22634411 0.57996160 -0.05983242
v -0.01846335 0.85391045 0.01543053
v -0.01631213 0.84792328 0.01433391
v -0.02481698 0.87694681 0.01099671
v -0.02399374 0.87360936 0.01244489
v 0.25308132 0.53017044 0.06013492
v 0.25089878 0.53315097 0.06902394
v 0.22070032 0.56621826 0.09021690
v 0.22800973 0.58025759 0.07913351
v 0.21682233 0.59691000 0.08244298
v 0.22791824 0.60152531 0.04084129
v 0.21740758 0.59408879 0.03006326
v 0.18689562 0.56037718 0.02737056
v 0.18493667 0.53529364 0.08587597
v 0.14819053 0.68025482 0.05316286
v 0.13746887 0.69380563 0.05168620
v 0.13814113 0.69669634 0.06178327
v 0.14864974 0.68184066 0.06396411
v 0.12831247 0.70741761 0.05051515
v 0.13315177 0.68714541 0.04624142
v 0.12459631 0.69985366 0.04507310
v 0.12697469 0.67969638 0.04415923
v 0.11860740 0.69174361 0.04370783
v 0.11111049 0.68503475 0.04516590
v 0.11961797 0.67353868 0.04489655
v 0.11236413 0.66848379 0.04772346
v 0.10465868 0.68020833 0.04879639
v 0.11485064 0.65150404 0.05126874
v 0.11002138 0.64801437 0.05925873
v 0.10240930 0.66221297 0.06117619
v 0.10659581 0.66474485 0.05324992
v 0.09430628 0.67634642 0.07727595
v 0.10181649 0.66234845 0.07877403
v 0.10601422 0.66601682 0.08486594
v 0.09686524 0.67982399 0.08314741
v 0.12729023 0.66317934 0.09306148
v 0.11750801 0.67862266 0.09174612
v 0.11146428 0.67163903 0.08920537
v 0.12028709 0.65598023 0.09133506
v 0.10677409 0.69310182 0.09165253
v 0.12337260 0.68524480 0.08860584
v 0.11307499 0.69977254 0.08792670
v 0.15492511 0.66276574 0.04576478
v 0.15959871 0.66739351 0.05453306
v 0.17056137 0.65524113 0.05655259
v 0.12951727 0.66164958 0.04310169
v 0.13712332 0.66822422 0.04265210
v 0.14820525 0.65653509 0.04184038
v 0.14042476 0.64964235 0.04168439
v 0.12740731 0.61985135 0.05483069
v 0.11850600 0.63452846 0.05761617
v 0.12426586 0.63822818 0.04887699
v 0.12168632 0.65604591 0.04587372
v 0.13208172 0.64358437 0.04428433
v 0.10783415 0.64663422 0.06939266
v 0.10069284 0.66143227 0.07037388
v 0.14528483 0.68022084 0.07415891
v 0.13463323 0.69520175 0.07226181
v 0.12873255 0.69066137 0.08110399
v 0.13965207 0.67581046 0.08286773
v 0.11592250 0.63249147 0.06818579
v 0.15650055 0.66647708 0.07612897
v 0.15064526 0.66163111 0.08513576
v 0.13375762 0.67020273 0.08986060
v 0.14390230 0.65517181 0.09206173
v 0.12449081 0.70978445 0.07128483
v 0.12866563 0.71128690 0.06063983
v 0.16024855 0.66892087 0.06574901
v 0.10926794 0.64721835 0.07933691
v 0.11704569 0.63239920 0.07912126
v 0.12185434 0.63497722 0.08747202
v 0.11375365 0.65030479 0.08692937
v 0.14599316 0.63119757 0.09700075
v 0.13649984 0.64750475 0.09468207
v 0.12878482 0.64008993 0.09243939
v 0.10096569 0.68566692 0.08830281
v 0.15442178 0.63966894 0.09506520
v 0.06765953 0.73507226 0.02452579
v 0.06995451 0.73917460 0.01635662
v 0.07480299 0.73193675 0.01732036
v 0.07348484 0.72888768 0.02662662
v 0.08222339 0.71246332 0.01387528
v 0.08229274 0.71752697 0.00224425
v 0.09180447 0.71600866 0.00020555
v 0.09268752 0.70989799 0.01109996
v 0.07257038 0.74320436 0.00930670
v 0.07594118 0.73451817 0.00905088
v 0.07713822 0.74527293 0.00563709
v 0.06946480 0.75101179 0.01099738
v 0.07399327 0.75621367 0.01186758
v 0.06897104 0.76325172 0.01300777
v 0.06925073 0.76928866 0.02003647
v 0.07943317 0.76076990 0.02012196
v 0.06916204 0.75840503 0.04573949
v 0.05824694 0.76665306 0.03977363
v 0.05191135 0.76227289 0.04750237
v 0.06352845 0.75335556 0.05327669
v 0.04383522 0.74713641 0.05922087
v 0.05611393 0.74037158 0.06342249
v 0.05954045 0.74692452 0.05831161
v 0.04728362 0.75498545 0.05270399
v 0.06166995 0.72836453 0.03640127
v 0.06479353 0.73116547 0.03191105
v 0.07075617 0.72545350 0.03486221
v 0.06754160 0.72198427 0.03949538
v 0.08492637 0.74505293 -0.00324541
v 0.08160463 0.74279231 -0.00355473
v 0.08116239 0.74958533 0.00836697
v 0.08718482 0.74917912 0.01018381
v 0.07280102 0.69712645 0.05130380
v 0.07792285 0.69970644 0.04703076
v 0.08628711 0.69538110 0.05023430
v 0.08149964 0.69214159 0.05556285
v 0.09684628 0.70270753 0.03040108
v 0.10903820 0.71048105 0.03166077
v 0.10988742 0.70660585 0.03767432
v 0.09799471 0.70064443 0.03818943
v 0.09445471 0.70535314 0.02052912
v 0.10256419 0.71557760 0.01172540
v 0.10602415 0.71268928 0.02195331
v 0.09996694 0.72145796 0.00065920
v 0.07752544 0.69022888 0.06449565
v 0.06962860 0.69265342 0.06256524
v 0.04410154 0.75785899 -0.01190233
v 0.04629850 0.75811279 -0.00933409
v 0.04291588 0.75472534 -0.00652212
v 0.04098895 0.75476480 -0.00912666
v 0.07114941 0.70258462 0.07850145
v 0.07687643 0.69807994 0.07863229
v 0.07953101 0.70568335 0.08258286
v 0.07453761 0.71053869 0.08062156
v 0.06335118 0.70739770 0.07776806
v 0.06776476 0.71613181 0.07823211
v 0.03825480 0.76710761 -0.01703411
v 0.04027113 0.76943588 -0.01228160
v 0.04390991 0.76703703 -0.01283610
v 0.04187202 0.76502931 -0.01682800
v 0.06223169 0.74077576 0.02150786
v 0.06530166 0.74521118 0.01463102
v 0.05439475 0.75267231 0.01205936
v 0.05897102 0.75511920 0.01002619
v 0.06181869 0.75114173 0.01237543
v 0.05656978 0.74714363 0.01791441
v 0.04797632 0.73780924 0.03270400
v 0.05010277 0.74209428 0.02666923
v 0.05668122 0.73690248 0.03047419
v 0.05397761 0.73242772 0.03657094
v 0.04765990 0.72469223 0.04325338
v 0.04355231 0.72120130 0.04578102
v 0.03799927 0.72599953 0.04401736
v 0.04175726 0.73031497 0.04054236
v 0.03437233 0.74366504 0.03058882
v 0.03127956 0.73993611 0.03371774
v 0.02655536 0.74377292 0.02956626
v 0.03024128 0.74733329 0.02725670
v 0.08161372 0.69417167 0.07983763
v 0.08455217 0.70092440 0.08402787
v 0.03750202 0.73129684 0.06839079
v 0.02722639 0.73602247 0.06615099
v 0.02515388 0.72578818 0.06635283
v 0.03566611 0.72184408 0.06919050
v 0.07881182 0.71862853 0.07877649
v 0.08382499 0.71412420 0.08191794
v 0.03373158 0.76705682 -0.01505262
v 0.03529480 0.76975077 -0.01080704
v 0.10394153 0.73025370 0.00330277
v 0.10809496 0.72608107 0.01772065
v 0.11128584 0.72283292 0.02970579
v 0.11306617 0.71966660 0.03718932
v 0.11536330 0.71609885 0.04084101
v 0.05063614 0.74804652 0.01917274
v 0.06110251 0.73606944 0.02833690
v 0.05952081 0.72570944 0.03966485
v 0.04250985 0.70835942 0.05468789
v 0.04572344 0.71269262 0.04965378
v 0.05157292 0.70884550 0.04995483
v 0.04781657 0.70403016 0.05746305
v 0.03366235 0.71420538 0.06558108
v 0.02533430 0.71823615 0.06318808
v 0.02829176 0.71555459 0.05695108
v 0.03430751 0.71183264 0.05866733
v 0.08986071 0.74608529 -0.00528459
v 0.09420314 0.74674535 0.00787306
v 0.06886721 0.69567835 0.07273648
v 0.07553786 0.69244510 0.07321224
v 0.08147746 0.68999684 0.07407490
v 0.07219955 0.71052241 0.04367606
v 0.07424760 0.71335113 0.04095882
v 0.08309448 0.70302689 0.04019232
v 0.08090985 0.70134413 0.04444800
v 0.07683805 0.71927357 0.02643083
v 0.07693678 0.72217453 0.01653485
v 0.08270749 0.70814353 0.02411583
v 0.09101897 0.69764054 0.04556986
v 0.09712389 0.69473004 0.04724211
v 0.09197459 0.69204819 0.05306540
v 0.08697855 0.68929398 0.05949575
v 0.08294484 0.68809950 0.06717362
v 0.09986937 0.68901873 0.04832396
v 0.09512606 0.68647599 0.05449225
v 0.09064817 0.68452132 0.06175503
v 0.08743814 0.68401825 0.06903300
v 0.09684974 0.70312786 0.08873776
v 0.08934787 0.70928699 0.08503324
v 0.09106830 0.69551229 0.08695246
v 0.11425808 0.70195615 0.04136829
v 0.10597786 0.69423962 0.04385004
v 0.10310706 0.69904095 0.04170906
v 0.11873919 0.71085215 0.04347648
v 0.08500209 0.72239023 -0.00593548
v 0.07968107 0.72768140 -0.00248563
v 0.08176672 0.73019642 -0.00907370
v 0.08719641 0.72657675 -0.01250413
v 0.06592223 0.75698292 0.01142363
v 0.06208009 0.75988072 0.00933602
v 0.06287268 0.76645327 0.01075864
v 0.06134254 0.69614613 0.06130616
v 0.06431240 0.70020795 0.05196726
v 0.04978788 0.75173914 0.01414979
v 0.04373628 0.77086192 -0.00663951
v 0.05115712 0.77224582 0.00336033
v 0.05497998 0.76786083 0.00180891
v 0.04790151 0.76772499 -0.00772867
v 0.04356378 0.75566179 0.01361164
v 0.04061604 0.75703245 0.00931031
v 0.04598802 0.75451183 0.00721714
v 0.04862201 0.75411505 0.01149818
v 0.02833900 0.73540169 0.03766578
v 0.02375579 0.73852026 0.03415656
v 0.04745802 0.76943636 0.02982880
v 0.06573600 0.77073860 0.03065753
v 0.05571035 0.77618146 0.02435845
v 0.04496989 0.73404843 0.03723963
v 0.03618002 0.73529661 0.03717113
v 0.03922704 0.73876148 0.03384662
v 0.04722396 0.74882567 0.01915206
v 0.04573280 0.74595898 0.02347487
v 0.04276606 0.75030208 0.02026832
v 0.04583645 0.75190079 0.01621228
v 0.04281440 0.70796537 0.06732671
v 0.04554275 0.71714163 0.07278171
v 0.04615983 0.76286691 -0.01162076
v 0.04388335 0.76177752 -0.01475191
v 0.08762014 0.68953305 0.08167836
v 0.08649498 0.68577838 0.07571463
v 0.05120713 0.72852880 0.04020099
v 0.07547751 0.76170099 0.03512195
v 0.05712828 0.72215718 0.04238127
v 0.02278122 0.74531400 0.04959366
v 0.01765025 0.74519080 0.04241794
v 0.01704693 0.73909575 0.04123357
v 0.01979601 0.73770142 0.04633325
v 0.03661579 0.75722474 0.00119185
v 0.03389016 0.75698256 -0.00366038
v 0.03859529 0.75462663 -0.00438833
v 0.04119003 0.75439632 -0.00020385
v 0.05314547 0.75414944 0.00959614
v 0.05048072 0.75464141 0.00531766
v 0.05411738 0.75725049 0.00309488
v 0.05678150 0.75634444 0.00732276
v 0.05942938 0.76120746 0.00696382
v 0.05572158 0.76239634 0.00205249
v 0.03313303 0.76222384 0.00048900
v 0.03808975 0.76258844 0.00977910
v 0.04035121 0.76913619 0.00883800
v 0.03424370 0.76783437 -0.00232041
v 0.06708100 0.73446143 0.06782064
v 0.05207613 0.73339212 0.06788121
v 0.06308964 0.72793931 0.07165951
v 0.03246719 0.75291502 0.05364345
v 0.02885914 0.74305034 0.05826631
v 0.04023355 0.73919356 0.06397378
v 0.04889047 0.72642183 0.07112251
v 0.04067752 0.76126367 0.02007169
v 0.03958553 0.76524997 0.02326852
v 0.04361004 0.76878870 0.01816598
v 0.05342671 0.71718454 0.04568046
v 0.04977995 0.76299381 -0.00676754
v 0.10837507 0.73297286 0.05434061
v 0.10370967 0.73691201 0.05031065
v 0.09506616 0.73775434 0.06234004
v 0.10204682 0.73277509 0.06479037
v 0.04561514 0.75445998 -0.00290447
v 0.04932398 0.75764549 -0.00518805
v 0.02426010 0.73194337 0.04060546
v 0.01900795 0.73184669 0.04152775
v 0.01714531 0.73554569 0.03924316
v 0.02040213 0.73573250 0.03689209
v 0.05921569 0.72136909 0.07484083
v 0.01898813 0.73613459 0.06118670
v 0.01569137 0.72597605 0.06044596
v 0.07221776 0.72314638 0.07579224
v 0.08403662 0.72572118 0.07496839
v 0.07671177 0.72950935 0.07195850
v 0.03572136 0.75924003 0.04301739
v 0.07037100 0.74042559 0.06370550
v 0.08025259 0.73512459 0.06765938
v 0.08909863 0.73145211 0.07033402
v 0.09565097 0.72778082 0.07261160
v 0.08967027 0.72181058 0.07768934
v 0.03883541 0.77121603 -0.00493604
v 0.03132981 0.76599568 -0.00808233
v 0.10298353 0.70949060 0.08420380
v 0.09558758 0.71687740 0.08093549
v 0.10904503 0.71501625 0.07796016
v 0.10171458 0.72291696 0.07540616
v 0.08912176 0.74411911 0.05539943
v 0.08409441 0.74040908 0.06248054
v 0.07904947 0.75102061 0.05121095
v 0.07407391 0.74607676 0.05847992
v 0.04127377 0.76948094 0.04004584
v 0.02704936 0.75468832 -0.01687700
v 0.02900526 0.75180066 -0.01413095
v 0.03168881 0.75533265 -0.00824690
v 0.02940649 0.75808561 -0.01055354
v 0.03108937 0.76052356 -0.00528663
v 0.02957001 0.76342517 -0.01270592
v 0.08564490 0.75433850 0.03997731
v 0.04027081 0.75415230 0.01739126
v 0.09773532 0.74463487 0.04104620
v 0.09777564 0.74813581 0.02313940
v 0.08915782 0.75550199 0.02458313
v 0.10827398 0.73692000 0.02762878
v 0.11133671 0.73305261 0.03918020
v 0.11594403 0.72434050 0.04748610
v 0.11288074 0.72808933 0.04517519
v 0.12081012 0.71820474 0.05003239
v 0.10392168 0.73957431 0.01242281
v 0.03811461 0.75218022 -0.01240778
v 0.04194209 0.75469553 -0.01526541
v 0.11289018 0.72854459 0.05683176
v 0.11972773 0.72156274 0.05913863
v 0.07757381 0.72517526 0.00624734
v 0.06338623 0.71574259 0.04396123
v 0.06076419 0.71118832 0.04640004
v 0.05744421 0.70466280 0.05066377
v 0.05395678 0.70004523 0.05957459
v 0.11545730 0.72034442 0.06988022
v 0.09972672 0.67724270 0.05455124
v 0.09600234 0.67560476 0.06223150
v 0.11850676 0.70489055 0.08040867
v 0.04219902 0.75790989 -0.01872599
v 0.02526626 0.74920255 0.02881348
v 0.02683297 0.75029898 0.02809179
v 0.09258410 0.72173661 -0.00724685
v 0.09340316 0.72695082 -0.01404512
v 0.09834954 0.73944581 -0.01363483
v 0.10162798 0.73512203 -0.00611916
v 0.09930894 0.72689390 -0.00728464
v 0.09704348 0.73184186 -0.01442261
v 0.07003945 0.70793205 0.04524940
v 0.06715298 0.70485425 0.04778391
v 0.05483332 0.71240717 0.07586709
v 0.05194592 0.70367128 0.07030597
v 0.05938640 0.76720655 0.00758603
v 0.05645996 0.77220148 0.01090616
v 0.06087568 0.77308846 0.01577333
v 0.04587871 0.77304780 0.00680727
v 0.04084343 0.76139843 0.01549420
v 0.04059544 0.75851500 0.01704106
v 0.07596892 0.71641773 0.03525439
v 0.08327845 0.70507836 0.03326721
v 0.07950440 0.73652977 -0.00499600
v 0.07767618 0.73531044 0.00194761
v 0.04278541 0.74241447 0.02922492
v 0.03009382 0.76042271 0.03103137
v 0.03583828 0.76599145 0.02949011
v 0.03867108 0.74690831 0.02592213
v 0.04006433 0.76037037 -0.02177161
v 0.03616601 0.76212656 -0.02313185
v 0.05076763 0.77378005 0.01550487
v 0.03285533 0.73083550 0.04107346
v 0.02663022 0.75513893 0.02968639
v 0.02725405 0.75534153 0.03611743
v 0.02018696 0.72024107 0.05909404
v 0.10790056 0.72798938 0.06719369
v 0.03603545 0.75402331 -0.00738031
v 0.03316954 0.75126845 -0.01154929
v 0.02772537 0.75891221 -0.01907229
v 0.03149602 0.76196581 -0.02110034
v 0.06085256 0.69954079 0.07153207
v 0.06539425 0.71908426 0.04200527
v 0.09400792 0.67486399 0.07034426
v 0.09972665 0.74213439 -0.00029522
v 0.09560665 0.74498892 -0.00955950
v 0.03570151 0.75088316 0.02340773
v 0.02008981 0.73907799 0.05368173
v 0.02275372 0.75404435 0.03309214
v 0.01959789 0.75211442 0.03894705
v 0.02542439 0.75283158 0.04596543
v 0.02347213 0.75167549 0.02904189
v 0.02983221 0.75653768 -0.02639717
v 0.02625534 0.75386345 -0.02429909
v 0.03477503 0.75693643 -0.02737409
v 0.03860128 0.75609004 -0.02479714
v 0.04057163 0.75423563 -0.02136701
v 0.02567364 0.75064117 -0.02153468
v 0.02740535 0.74870569 -0.01833004
v 0.03193009 0.74797118 -0.01508182
v 0.02557357 0.74607915 -0.02453208
v 0.02573068 0.74831337 -0.02829063
v 0.03570659 0.74587613 -0.03327626
v 0.03305583 0.74492669 -0.03444940
v 0.03224695 0.74823761 -0.03289491
v 0.03425816 0.75104380 -0.03146130
v 0.03576885 0.74117601 -0.03486282
v 0.03304067 0.74088383 -0.03630322
v 0.02940474 0.74431044 -0.03405374
v 0.02942456 0.74844724 -0.03209811
v 0.02952977 0.73982489 -0.03606790
v 0.02735052 0.73850310 -0.03372049
v 0.02731673 0.74283439 -0.03167123
v 0.02735350 0.74658555 -0.03062367
v 0.02918445 0.75188869 -0.03034699
v 0.03455561 0.73710430 -0.03605849
v 0.03121203 0.73406059 -0.03593498
v 0.02981816 0.73614836 -0.03754860
v 0.03276192 0.73793596 -0.03739613
v 0.03794920 0.75133812 -0.02760094
v 0.03769672 0.74578327 -0.03026837
v 0.03720722 0.74063361 -0.03203326
v 0.03574654 0.73628879 -0.03323126
v 0.03876148 0.74414587 -0.02704078
v 0.03757317 0.73920149 -0.02929658
v 0.03592601 0.73590136 -0.03031242
v 0.03805616 0.74204367 -0.02414000
v 0.03654340 0.73775226 -0.02713007
v 0.03963785 0.75017601 -0.02371794
v 0.03904833 0.74810791 -0.02034855
v 0.03544845 0.73580390 -0.02848804
v 0.03238642 0.73333818 -0.03312182
v 0.02596439 0.74222010 -0.02927125
v 0.02671060 0.73739123 -0.03110367
v 0.02597076 0.74111170 -0.02666891
v 0.02697045 0.73669052 -0.02888083
v 0.02739641 0.73564082 -0.03540647
v 0.02774668 0.73409873 -0.03362924
v 0.04044223 0.75134611 -0.01789683
v 0.03653944 0.74913472 -0.01517457
v 0.03551739 0.74615592 -0.01795316
v 0.03475882 0.74016058 -0.02178532
v 0.03104852 0.74487960 -0.01836240
v 0.02723801 0.74471563 -0.02145487
v 0.02808253 0.73922753 -0.02460074
v 0.03055616 0.73955303 -0.02206296
v 0.02856433 0.73588634 -0.02694982
v 0.03075537 0.73583710 -0.02538019
v 0.03384520 0.73631787 -0.02556044
v 0.03006305 0.73373270 -0.02876866
v 0.02866387 0.73364323 -0.03106678
v 0.03291205 0.73391479 -0.03017312
v 0.03340355 0.73469698 -0.02795458
v 0.03135417 0.73433840 -0.02739531
v 0.02493009 0.74927044 0.00118321
v 0.02574432 0.75280100 0.00495237
v 0.02328098 0.74910790 0.00718784
v 0.02261420 0.74572515 0.00365233
v 0.01703106 0.75772727 -0.00507694
v 0.01745582 0.76272833 0.00013816
v 0.02220845 0.76021820 0.00107962
v 0.02176759 0.75509739 -0.00359702
v 0.01131481 0.75652117 -0.00273722
v 0.01168397 0.76145822 0.00227469
v 0.02238408 0.76567954 0.00719500
v 0.03314012 0.76468182 0.01704621
v 0.03531957 0.76091683 0.01477259
v 0.02651873 0.76220578 0.00666654
v 0.02334163 0.74920881 0.02340746
v 0.02741235 0.74874657 0.02155828
v 0.02514055 0.75646132 0.00297046
v 0.02443981 0.75224876 -0.00122434
v 0.01769146 0.74994844 0.01555735
v 0.01510236 0.74745297 0.00965518
v 0.01976961 0.74727571 0.00929689
v 0.02196845 0.74864775 0.01427275
v 0.03166342 0.75076956 0.01830369
v 0.03648299 0.75296426 0.01455891
v 0.03697193 0.75706315 0.01387775
v 0.01395783 0.75380427 0.01497728
v 0.02123269 0.75465345 0.02429879
v 0.02339581 0.76087987 0.02315539
v 0.01390037 0.75975031 0.01245254
v 0.02874875 0.75835282 0.00776494
v 0.02612376 0.75043857 0.01148391
v 0.02912149 0.75423574 0.00889754
v 0.01748386 0.76509917 0.01038438
v 0.01002389 0.75526720 0.00503469
v 0.01283459 0.73928982 -0.00367069
v 0.01512500 0.73759407 -0.00047106
v 0.01472747 0.74290812 0.00483811
v 0.01179756 0.74501067 0.00218910
v 0.01176104 0.75031042 0.00769490
v 0.01052079 0.74966443 -0.00043577
v 0.02290633 0.74025071 -0.00017774
v 0.02524507 0.74366772 -0.00304544
v 0.02492935 0.74604481 -0.00616199
v 0.02832207 0.76580292 0.02075583
v 0.02223509 0.74791420 -0.00897211
v 0.01773955 0.74945235 -0.01125062
v 0.01905448 0.74353290 0.00558317
v 0.01919991 0.73810667 0.00122702
v 0.01143574 0.74310547 -0.00657558
v 0.01287640 0.74798316 -0.00949430
v 0.01418823 0.74057883 -0.01454538
v 0.01285583 0.73690850 -0.01132405
v 0.01845969 0.74240291 -0.01599145
v 0.02262697 0.74280471 -0.01268047
v 0.02482095 0.74217540 -0.00905055
v 0.01375569 0.73442948 -0.00816733
v 0.01583123 0.73358679 -0.00481522
v 0.01942633 0.73449463 -0.00252420
v 0.01729238 0.72915292 -0.01047477
v 0.01633602 0.73013622 -0.01442769
v 0.02953869 0.72773165 -0.02013391
v 0.02790719 0.72620022 -0.02142507
v 0.02489147 0.72995663 -0.02042779
v 0.02631593 0.73220426 -0.01985005
v 0.02218336 0.73229247 -0.01985675
v 0.02193040 0.73589355 -0.01917559
v 0.02256411 0.72736871 -0.01969498
v 0.01982006 0.73079932 -0.01867697
v 0.02575812 0.72315109 -0.02109906
v 0.02446845 0.72164208 -0.01830453
v 0.02130726 0.72618669 -0.01706880
v 0.01918060 0.72906601 -0.01647624
v 0.03180441 0.72324765 -0.02051148
v 0.03005081 0.72306180 -0.02210146
v 0.01665065 0.73404074 -0.01815325
v 0.02440202 0.73832977 -0.01517153
v 0.02811235 0.73361701 -0.01692319
v 0.03140077 0.72833979 -0.01758301
v 0.03282031 0.72367847 -0.01784632
v 0.02949458 0.73371631 -0.01309761
v 0.03222138 0.72844166 -0.01455104
v 0.03273565 0.72427034 -0.01496848
v 0.02934119 0.73226100 -0.00937101
v 0.03166252 0.72715360 -0.01161075
v 0.02605708 0.73858553 -0.01116410
v 0.02589735 0.73727834 -0.00746402
v 0.03217769 0.72442758 -0.01291397
v 0.03151697 0.72000420 -0.01731154
v 0.03070033 0.71918714 -0.02007067
v 0.02871081 0.71942055 -0.02244741
v 0.02117136 0.72564733 -0.01464060
v 0.02522138 0.72137368 -0.01591691
v 0.02153754 0.72456664 -0.01222038
v 0.02561253 0.72085744 -0.01397911
v 0.02674890 0.71851885 -0.01963207
v 0.02794769 0.71840513 -0.01784983
v 0.02480700 0.74001473 -0.00592196
v 0.02284860 0.73711681 -0.00328022
v 0.02397765 0.73457903 -0.00479764
v 0.02711967 0.72923422 -0.00697151
v 0.02092488 0.73147559 -0.00440517
v 0.01860183 0.72933805 -0.00708234
v 0.02229244 0.72480583 -0.00941929
v 0.02430108 0.72641587 -0.00704715
v 0.02604547 0.72146320 -0.01190519
v 0.02727395 0.72278064 -0.00991747
v 0.02965853 0.72482955 -0.00960845
v 0.02893072 0.71998316 -0.01358840
v 0.02881223 0.71887666 -0.01566476
v 0.03146437 0.72119939 -0.01452357
v 0.03092897 0.72257423 -0.01217476
v 0.02906173 0.72133338 -0.01179424
v 0.01477159 0.73736006 0.01411188
v 0.01372214 0.73974657 0.01679200
v 0.01236036 0.73573971 0.01932299
v 0.01347608 0.73303437 0.01719230
v 0.00762350 0.74286127 0.01044571
v 0.00716865 0.74828547 0.01482838
v 0.01035017 0.74665016 0.01414341
v 0.01076204 0.74210620 0.01004916
v 0.00404898 0.74048781 0.01229656
v 0.00248417 0.74627906 0.01746643
v 0.01049313 0.75092262 0.02006805
v 0.01753539 0.75241834 0.02803475
v 0.01981705 0.74970734 0.02563697
v 0.01348606 0.74885768 0.01851398
v 0.01291805 0.74350911 0.01500183
v 0.01319513 0.74038017 0.01145387
v 0.00813702 0.73466057 0.02760881
v 0.00624777 0.73245335 0.02233070
v 0.00956632 0.73298317 0.02133113
v 0.01114291 0.73513889 0.02608502
v 0.01960549 0.73849958 0.03000689
v 0.02172166 0.74195772 0.02690870
v 0.02146572 0.74584383 0.02572244
v 0.00481793 0.73759514 0.02793729
v 0.01135609 0.73926222 0.03619534
v 0.01091668 0.74512327 0.03560323
v 0.00367942 0.74365908 0.02637798
v 0.01545766 0.74485761 0.01917320
v 0.01478475 0.73692226 0.02308047
v 0.01633638 0.74100751 0.02072895
v 0.00677425 0.74911892 0.02382946
v 0.00104024 0.74015176 0.02013355
v 0.00519208 0.72552454 0.01125360
v 0.00793245 0.72445381 0.01402968
v 0.00669191 0.72938359 0.01972854
v 0.00326417 0.73116839 0.01762724
v 0.00271727 0.73487800 0.02225304
v 0.00244332 0.73577702 0.01518530
v 0.01490080 0.72899747 0.01368117
v 0.01645990 0.73264372 0.01087028
v 0.01474159 0.73472583 0.00729787
v 0.01390770 0.75086403 0.03198463
v 0.01341811 0.73573989 0.03484046
v 0.01243518 0.73581469 0.00504124
v 0.00919431 0.73568809 0.00386316
v 0.01063558 0.73006004 0.01915383
v 0.01157460 0.72601986 0.01525617
v 0.00424100 0.72915792 0.00812989
v 0.00569618 0.73372644 0.00553107
v 0.00763181 0.72758460 0.00011104
v 0.00588319 0.72378206 0.00313014
v 0.01118998 0.72990644 -0.00126618
v 0.01406349 0.73096728 0.00106847
v 0.01589260 0.73084462 0.00395775
v 0.00764702 0.72150552 0.00718707
v 0.01002029 0.72162831 0.01002634
v 0.01250480 0.72360539 0.01152086
v 0.01047787 0.71837604 0.00599289
v 0.01006362 0.71950591 0.00155020
v 0.02191553 0.71844792 -0.00515831
v 0.02071700 0.71720612 -0.00553370
v 0.01772356 0.72036564 -0.00408232
v 0.01869440 0.72207904 -0.00408357
v 0.01493788 0.72234547 -0.00365126
v 0.01413286 0.72506201 -0.00339967
v 0.01548350 0.71790051 -0.00339520
v 0.01276368 0.72072285 -0.00265217
v 0.01858351 0.71471667 -0.00447595
v 0.01748097 0.71286380 -0.00138611
v 0.01450428 0.71633899 -0.00001556
v 0.01197600 0.71877491 -0.00025600
v 0.02393746 0.71475184 -0.00594693
v 0.02233663 0.71431816 -0.00653422
v 0.01039156 0.72328377 -0.00202101
v 0.01606047 0.72745264 -0.00151688
v 0.02001491 0.72338736 -0.00257146
v 0.02341053 0.71962208 -0.00350362
v 0.02523649 0.71566916 -0.00353438
v 0.02098283 0.72371054 0.00015610
v 0.02420610 0.71969068 -0.00078440
v 0.02541897 0.71636522 -0.00093740
v 0.02151909 0.72313458 0.00338376
v 0.02397117 0.71908879 0.00171912
v 0.01749542 0.72757137 0.00165933
v 0.01799989 0.72680676 0.00516844
v 0.02479705 0.71675235 0.00100529
v 0.02412301 0.71187770 -0.00170028
v 0.02295539 0.71121585 -0.00436997
v 0.02096748 0.71170068 -0.00578535
v 0.01372355 0.71525466 0.00225848
v 0.01725191 0.71188903 0.00087297
v 0.01463112 0.71502960 0.00508195
v 0.01809892 0.71207106 0.00318104
v 0.01954401 0.71082354 -0.00301743
v 0.02023825 0.71023583 -0.00147653
v 0.01648683 0.72935301 0.00743324
v 0.01532621 0.72666562 0.01043528
v 0.01714858 0.72503901 0.00846803
v 0.02076313 0.72111541 0.00668907
v 0.01466945 0.72193593 0.00999910
v 0.01273733 0.71933568 0.00864160
v 0.01803544 0.71495867 0.00726247
v 0.01891378 0.71787775 0.00819790
v 0.01951990 0.71306527 0.00515777
v 0.02124611 0.71499550 0.00587940
v 0.02302116 0.71721691 0.00448871
v 0.02218142 0.71212637 0.00288093
v 0.02120835 0.71068203 0.00083065
v 0.02481818 0.71356714 0.00076824
v 0.02444708 0.71501637 0.00260919
v 0.02283829 0.71363533 0.00401860
v 0.01641935 0.73658586 0.03277326
v 0.00798960 0.72518629 0.03261822
v 0.00790463 0.72655225 0.03460824
v 0.00735470 0.72300392 0.03666830
v 0.00771773 0.72178793 0.03505605
v 0.00048690 0.72956759 0.03121835
v 0.00057434 0.73346597 0.03548372
v 0.00368482 0.73313385 0.03396422
v 0.00349475 0.72985196 0.02997178
v -0.00185239 0.72651726 0.03406382
v -0.00234373 0.73020726 0.03856260
v 0.00371352 0.73543632 0.04025722
v 0.01286602 0.73724973 0.04736537
v 0.01428032 0.73568404 0.04274529
v 0.00691642 0.73477215 0.03782707
v 0.01503578 0.72042990 0.05332303
v 0.00931981 0.72020561 0.04880577
v 0.01169553 0.72032237 0.04511148
v 0.01912567 0.71996462 0.05114836
v 0.00653400 0.73062813 0.03385353
v 0.00623911 0.72790301 0.03078961
v 0.00411497 0.72004473 0.04388863
v 0.00359102 0.71842116 0.04046458
v 0.00608885 0.72019768 0.03872931
v 0.00713797 0.72105408 0.04135293
v 0.02119991 0.72186232 0.04698125
v 0.01301184 0.72290766 0.04189801
v 0.01521769 0.72653401 0.04103959
v 0.02134237 0.72644240 0.04434204
v 0.01429075 0.73068577 0.04085654
v 0.00138137 0.72257423 0.04612058
v 0.00767651 0.72254384 0.05192149
v 0.00744662 0.72753513 0.05407393
v -0.00036150 0.72708601 0.04575568
v 0.00820953 0.73139954 0.03663117
v 0.00900550 0.72405380 0.03951722
v 0.00861160 0.72740388 0.03704596
v 0.00120156 0.73302734 0.04412252
v -0.00235678 0.72456062 0.04029626
v 0.00099887 0.71370244 0.03312618
v 0.00397907 0.71379316 0.03417015
v 0.00378472 0.71626931 0.03804535
v 0.00006321 0.71709502 0.03775674
v -0.00006875 0.72005147 0.04097855
v -0.00189574 0.72087085 0.03605092
v 0.00776107 0.71918821 0.03216058
v 0.00842131 0.72235006 0.02919126
v 0.00671009 0.72436351 0.02682722
v 0.01082125 0.73478580 0.05274510
v 0.00394957 0.72518456 0.02518749
v 0.00070211 0.72443300 0.02550066
v 0.00637458 0.71852028 0.03688502
v 0.00671323 0.71620917 0.03379971
v -0.00120240 0.71633375 0.03099173
v -0.00129748 0.72125286 0.02822614
v -0.00027455 0.71691495 0.02320391
v 0.00077683 0.71259069 0.02633077
v 0.00196048 0.72071242 0.02174169
v 0.00473253 0.72220433 0.02257258
v 0.00696858 0.72178102 0.02461714
v 0.00336620 0.71075368 0.02968061
v 0.00560386 0.71158075 0.03090847
v 0.00731367 0.71431881 0.03071517
v 0.00552383 0.70841020 0.02622706
v 0.00378630 0.70999640 0.02272236
v 0.01104075 0.71469927 0.01438105
v 0.00960037 0.71348727 0.01400930
v 0.00775766 0.71482122 0.01603830
v 0.00833774 0.71688998 0.01651740
v 0.00537676 0.71599871 0.01802444
v 0.00463942 0.71818984 0.01907766
v 0.00620794 0.71208292 0.01670700
v 0.00408384 0.71364641 0.01909322
v 0.00857773 0.71022749 0.01423615
v 0.00903648 0.70698386 0.01676750
v 0.00646779 0.70847213 0.01892394
v 0.00453371 0.71044445 0.02021337
v 0.01303339 0.71195233 0.01262790
v 0.01133639 0.71169782 0.01239073
v 0.00224243 0.71489710 0.02095211
v 0.00667739 0.72021490 0.02029908
v 0.00970477 0.71802878 0.01753438
v 0.01319531 0.71519929 0.01494569
v 0.01496252 0.71165955 0.01397979
v 0.01115143 0.71791077 0.01942372
v 0.01396763 0.71492016 0.01710349
v 0.01549366 0.71181953 0.01613677
v 0.01190597 0.71683222 0.02188963
v 0.01422149 0.71414679 0.01920128
v 0.00851496 0.72035074 0.02250117
v 0.00948656 0.71907961 0.02492481
v 0.01521245 0.71209133 0.01777840
v 0.01454037 0.70845592 0.01475269
v 0.01304096 0.70816135 0.01308811
v 0.01069543 0.70849371 0.01237130
v 0.00701910 0.70702636 0.02081114
v 0.00996184 0.70562553 0.01828033
v 0.00806335 0.70674658 0.02315742
v 0.01138982 0.70579177 0.01966161
v 0.01048332 0.70634258 0.01462620
v 0.01191700 0.70577145 0.01546085
v 0.00880049 0.72032934 0.02716964
v 0.00878310 0.71761745 0.02918535
v 0.00982305 0.71613324 0.02732521
v 0.01204273 0.71428561 0.02427030
v 0.00881985 0.71251088 0.02850312
v 0.00734463 0.70963693 0.02824968
v 0.00971609 0.70787174 0.02475810
v 0.01118362 0.71061325 0.02536607
v 0.01249209 0.70712692 0.02104515
v 0.01360443 0.70931429 0.02161229
v 0.01426962 0.71210027 0.02091265
v 0.01436746 0.70769298 0.01820672
v 0.01351812 0.70636165 0.01682383
v 0.01527265 0.70928776 0.01663095
v 0.01519454 0.71044779 0.01844370
v 0.01467085 0.70896906 0.01925772
v 0.01305416 0.72260153 0.05559951
v 0.08580026 0.74849141 -0.01520807
v 0.08171168 0.74669957 -0.01278511
v 0.07859433 0.73758572 -0.01344854
v 0.08054727 0.73198605 -0.01617208
v 0.08581227 0.72997963 -0.01934019
v 0.09091416 0.73210537 -0.02184880
v 0.09405920 0.73662996 -0.02328405
v 0.07948583 0.74293888 -0.01259467
v 0.09068686 0.74812365 -0.01857105
v 0.09448117 0.74313086 -0.02226493
v 0.09053442 0.74448407 -0.03151849
v 0.08762541 0.74977732 -0.02793451
v 0.08952066 0.73714507 -0.03172241
v 0.08684257 0.73319381 -0.02878539
v 0.08330148 0.73116052 -0.02483106
v 0.08289263 0.75079894 -0.02230689
v 0.07918602 0.74882483 -0.01904538
v 0.07722041 0.74409723 -0.01811159
v 0.08011377 0.75230229 -0.03026208
v 0.08147073 0.75103223 -0.03709775
v 0.07552880 0.73817444 -0.04437228
v 0.07753611 0.74113548 -0.04674184
v 0.07983583 0.74037826 -0.04370070
v 0.07860672 0.73702991 -0.04142612
v 0.08145785 0.74085379 -0.04144856
v 0.08240658 0.73795581 -0.03815201
v 0.08045495 0.74593651 -0.04477990
v 0.08177572 0.74543798 -0.04172070
v 0.07874399 0.75094891 -0.04317428
v 0.08114284 0.74949455 -0.04142240
v 0.07833183 0.74658072 -0.04827026
v 0.07519305 0.74237633 -0.04882921
v 0.07499838 0.74640572 -0.04939041
v 0.07315844 0.74090815 -0.04714899
v 0.08439815 0.74519682 -0.03900053
v 0.08143759 0.73296231 -0.03379856
v 0.07658225 0.73420548 -0.03801547
v 0.07303637 0.73665059 -0.04142056
v 0.07046771 0.74026793 -0.04395750
v 0.07362884 0.73310941 -0.03423278
v 0.07013774 0.73670042 -0.03796433
v 0.06882453 0.74065924 -0.04056436
v 0.07104462 0.73595786 -0.03013018
v 0.06886083 0.73911303 -0.03532763
v 0.07868868 0.73176539 -0.02818781
v 0.07617509 0.73381376 -0.02419046
v 0.06795299 0.74129957 -0.03846210
v 0.06961054 0.74537277 -0.04484051
v 0.07175195 0.74580908 -0.04841317
v 0.07722420 0.75275940 -0.04016668
v 0.07706541 0.75102878 -0.04632527
v 0.07461476 0.75234938 -0.04347141
v 0.07548040 0.75273800 -0.03570710
v 0.07227093 0.75207031 -0.04011935
v 0.07492822 0.74995315 -0.04823899
v 0.07266378 0.75038511 -0.04644629
v 0.07872912 0.73275018 -0.02078199
v 0.07671803 0.73793638 -0.01883188
v 0.07464656 0.73905194 -0.02215455
v 0.07096803 0.74120015 -0.02861866
v 0.07485956 0.74550819 -0.02274798
v 0.07738382 0.75047165 -0.02543941
v 0.07339603 0.75071895 -0.03213593
v 0.07165283 0.74680817 -0.02928340
v 0.07044756 0.75009656 -0.03712913
v 0.06919622 0.74720275 -0.03499958
v 0.06856906 0.74302971 -0.03464420
v 0.06916040 0.74811667 -0.04029602
v 0.07039976 0.74950981 -0.04329489
v 0.06864238 0.74472594 -0.04131542
v 0.06816763 0.74411070 -0.03844294
v 0.06862348 0.74671686 -0.03814115
v 0.02378634 0.71820474 0.05428413
v 0.02612773 0.72070640 0.04944746
v 0.03119835 0.71789896 0.05182213
v 0.03650531 0.71323460 0.05312678
v 0.03966460 0.70809531 0.06000368
v 0.03974393 0.71714574 0.04881185
v 0.03401712 0.72171879 0.04768854
v 0.02803013 0.72607112 0.04460642
v 0.04757917 0.71707332 0.04678923
v 0.00341818 0.93245560 -0.01933682
v 0.00683386 0.93209046 -0.02068669
v 0.00970871 0.92635500 -0.02179810
v 0.00701170 0.92583925 -0.02049084
v 0.00361780 0.92532432 -0.01965633
v -0.00022653 0.92490768 -0.01935976
v -0.00679008 0.93139696 -0.02050746
v -0.00170238 0.93295169 -0.01943567
v -0.01434068 0.92338377 -0.02329281
v -0.01286434 0.92538321 -0.02364975
v -0.01358133 0.92268962 -0.02265484
v -0.00811282 0.92376739 -0.02069597
v -0.01141659 0.92317247 -0.02225722
v 0.01151330 0.92996120 -0.02328955
v 0.01276779 0.92880660 -0.02399901
v 0.00948285 0.93105245 -0.02193816
v -0.00432185 0.92440450 -0.01970407
v 0.01289492 0.92778283 -0.02393937
v 0.01179097 0.92698109 -0.02313812
v -0.01054145 0.92870903 -0.02240157
v 0.00360271 0.92784536 -0.02005981
v -0.00044752 0.92738223 -0.01970138
v -0.00566446 0.92938268 -0.01989410
v -0.00092154 0.93030453 -0.01934183
v -0.00818141 0.92577732 -0.02088397
v -0.01033313 0.92505950 -0.02198854
v 0.00676067 0.92770970 -0.02088157
v -0.00463774 0.92680746 -0.01976414
v 0.00360899 0.93040788 -0.02002992
v -0.01091986 0.92561376 -0.02217837
v -0.00925118 0.92747140 -0.02122514
v 0.01191744 0.92874622 -0.02373784
v 0.01193537 0.92831814 -0.02368654
v 0.02048253 0.67678708 -0.03943978
v 0.02099639 0.66236830 -0.03213657
v 0.00683917 0.93005204 -0.02108743
v 0.01091308 0.92817557 -0.02309820
v 0.00906888 0.92799282 -0.02212019
v 0.00913631 0.92957425 -0.02215877
v 0.01086812 0.92912972 -0.02315758
v 0.16016792 0.62018198 -0.02022126
v 0.14998770 0.60978115 -0.02400479
v 0.21123287 0.62683439 -0.03044620
v 0.22231145 0.62046272 -0.04468182
v 0.05971624 0.39698622 0.05458036
v 0.10891161 0.41087651 -0.12881854
v 0.11392545 0.43319371 -0.13605891
v 0.04277343 0.42606720 -0.16532786
v 0.06123740 0.42199320 -0.16226967
v 0.13899405 0.42761636 -0.03247862
v 0.13456500 0.40675560 -0.02835486
v 0.10024521 0.43096894 0.01605625
v 0.09656931 0.40850836 0.02229358
v 0.12021334 0.38704038 -0.00327728
v 0.07381736 0.37344754 -0.13866612
v 0.07543542 0.39568067 -0.14598519
v 0.09038350 0.39320427 -0.13391109
v 0.08922134 0.37240717 -0.12837490
v 0.02167029 0.40538570 -0.15537085
v 0.02389913 0.42972264 -0.16254152
v 0.14682031 0.44858372 -0.05717035
v 0.14707042 0.44741365 -0.08040740
v 0.13304462 0.45071954 -0.12348536
v 0.12060010 0.45521000 -0.14157876
v 0.08836138 0.46811005 -0.16914016
v 0.10577474 0.46165934 -0.15610974
v 0.08774713 0.45683309 0.02301366
v 0.07087367 0.48127532 0.02426181
v 0.14113516 0.45054743 -0.03566043
v 0.02891782 0.46122760 0.03983127
v 0.05059724 0.50554585 -0.19403596
v 0.07445284 0.50219637 -0.18852153
v 0.14262785 0.44809568 -0.10289922
v 0.03342470 0.62280649 -0.01424363
v 0.03294270 0.60862827 -0.00840257
v 0.04643326 0.61334020 -0.00687729
v 0.04743655 0.62742770 -0.01330075
v 0.05984491 0.61642331 -0.00642147
v 0.07275124 0.61853206 -0.00696804
v 0.08506007 0.61987245 -0.00869109
v 0.11630603 0.61720753 -0.01762745
v 0.10702287 0.61907703 -0.01400223
v 0.13047776 0.60941613 -0.02871735
v 0.12429357 0.61441219 -0.02203152
v 0.13341708 0.59944624 -0.03867965
v 0.13547070 0.58717757 -0.05034642
v 0.14029349 0.57492983 -0.06196691
v 0.14108150 0.58757019 -0.06705021
v 0.13324858 0.57531565 -0.04473228
v 0.12972566 0.58757806 -0.03495947
v 0.12592088 0.59637940 -0.02579207
v 0.02459855 0.57112092 -0.00235467
v 0.02782805 0.54885954 0.00145484
v 0.01880695 0.69012022 -0.04698335
v 0.17458567 0.55352366 0.09084960
v 0.14369540 0.67563587 0.04477909
v 0.03360834 0.70044118 -0.19852170
v 0.01556122 0.69622111 -0.19465747
v -0.00007466 0.68240774 -0.19470656
v -0.00055942 0.69338572 -0.19221014
v 0.10954354 0.72220945 -0.17620713
v 0.09469297 0.71236831 -0.19228196
v 0.07543221 0.70293576 -0.20254217
v 0.05494867 0.69570708 -0.20582488
v 0.12936501 0.47519872 -0.01988965
v 0.03831303 0.66676354 -0.20645949
v 0.05717528 0.68492895 -0.21001029
v 0.08017131 0.69219422 -0.20756027
v 0.10324262 0.70152318 -0.19778436
v 0.12499508 0.71252358 -0.17925650
v 0.14214237 0.71124303 -0.16842428
v 0.16642332 0.69363707 -0.16269608
v 0.17775923 0.69119829 -0.15265217
v 0.17947318 0.70394576 -0.14132415
v 0.18772694 0.69936562 -0.13176051
v 0.18890838 0.68800300 -0.14305696
v 0.21952096 0.63356322 -0.07508489
v 0.22244856 0.62191933 -0.06769881
v 0.22404867 0.61081678 -0.06713235
v 0.22305617 0.60016215 -0.07012278
v 0.22003829 0.59185439 -0.07589713
v 0.21416545 0.58740669 -0.08515203
v 0.20656626 0.58895147 -0.09660992
v 0.18827026 0.60455501 -0.12635517
v 0.18500370 0.60864216 -0.13494799
v 0.17411223 0.59476686 -0.14600796
v 0.17015222 0.58796668 -0.14891569
v 0.14460586 0.54497772 -0.15991656
v 0.15497208 0.56021601 -0.15725870
v 0.13427764 0.52599728 -0.16308069
v 0.08445688 0.27386644 -0.12280695
v 0.07891766 0.29226065 -0.11924805
v 0.09492306 0.29611397 -0.11155017
v 0.10068124 0.27807653 -0.11432771
v 0.01935156 0.32795191 -0.13119730
v 0.03874692 0.32820421 -0.13261105
v 0.12997535 0.30644935 -0.03940471
v 0.12808912 0.30460995 -0.06317514
v 0.12050416 0.30275306 -0.08337010
v 0.10893179 0.29991758 -0.09917455
v 0.12699111 0.30691272 -0.01908256
v 0.06153402 0.28856522 0.06180534
v 0.07770937 0.29242939 0.04949148
v 0.01272084 0.28085065 0.07964393
v 0.02860873 0.28216887 0.07692683
v 0.12042876 0.30425045 0.00079265
v 0.04495415 0.28487247 0.07090211
v 0.09403531 0.29643795 0.03574454
v 0.10913756 0.30043444 0.01914421
v 0.07639217 0.30928981 -0.12115914
v 0.05874525 0.30792680 -0.12559876
v 0.05673286 0.32882291 -0.13079248
v 0.04402901 0.57698071 -0.20850188
v 0.06713744 0.57955003 -0.21009269
v 0.08881826 0.58344865 -0.21041024
v 0.10633697 0.60635048 -0.21139856
v 0.12562454 0.61345780 -0.20389985
v 0.12846819 0.59889615 -0.19899507
v 0.10889922 0.59006369 -0.20684232
v 0.15190463 0.62464952 -0.18451487
v 0.16139178 0.62887120 -0.17596565
v 0.16295527 0.61858982 -0.17278567
v 0.15541574 0.61408645 -0.18050188
v 0.17029510 0.62236667 -0.16565867
v 0.17855190 0.62369967 -0.15913256
v 0.18557042 0.62371951 -0.15214533
v 0.19318293 0.62276423 -0.14256227
v 0.19919638 0.63763958 -0.14394599
v 0.19079851 0.64002156 -0.15361586
v 0.15020470 0.63744634 -0.18638305
v 0.13788199 0.63310111 -0.19665222
v 0.03986842 0.61135507 -0.21091479
v 0.01955728 0.60914135 -0.20628530
v 0.14663103 0.56784898 -0.07486608
v 0.15371732 0.56266034 -0.08845615
v 0.15958354 0.56023097 -0.10273262
v 0.16251540 0.56027871 -0.11681736
v 0.16390581 0.56232327 -0.13004866
v 0.16313513 0.56546158 -0.14260545
v 0.16084808 0.57042485 -0.15454915
v 0.16555421 0.57963073 -0.15185766
v 0.15739132 0.57699847 -0.16536409
v 0.16378976 0.58602530 -0.16142175
v 0.15278488 0.58523113 -0.17526942
v 0.14778179 0.59561884 -0.18365566
v 0.14347121 0.60717827 -0.18980764
v 0.14015900 0.61952704 -0.19420175
v 0.10538381 0.62311250 -0.21343660
v 0.12358219 0.62839109 -0.20641139
v 0.08353841 0.63477397 -0.21757978
v 0.08339580 0.64993930 -0.21704072
v 0.08475775 0.60127783 -0.21484783
v 0.08400806 0.61830074 -0.21690169
v 0.07099423 0.73957777 -0.17160051
v 0.05401803 0.73357499 -0.17997497
v 0.20959778 0.60261649 -0.10220347
v 0.21181560 0.59649813 -0.09410955
v 0.20677921 0.59636819 -0.10175149
v 0.20647219 0.60079443 -0.10586293
v 0.21605104 0.60027206 -0.08790946
v 0.21547468 0.61250442 -0.09645602
v 0.21845302 0.60717326 -0.08433083
v 0.21217719 0.60657716 -0.09859160
v 0.22034246 0.61553705 -0.08269265
v 0.21705925 0.61982191 -0.09566513
v 0.22043400 0.62402612 -0.08329219
v 0.21815369 0.62661308 -0.09536552
v 0.21819100 0.63195217 -0.09560305
v 0.21931840 0.63259298 -0.08776438
v 0.20910494 0.64899749 -0.12685660
v 0.21340549 0.64303416 -0.11519933
v 0.21658634 0.63672853 -0.10383967
v 0.19904087 0.61905420 -0.13308044
v 0.20506582 0.61547989 -0.12142493
v 0.20930506 0.61139596 -0.10942584
v 0.21231769 0.61707807 -0.10847776
v 0.20814370 0.62112266 -0.12113528
v 0.20251431 0.62491250 -0.13344033
v 0.04020960 0.59634703 -0.21047403
v 0.06233982 0.59807336 -0.21326524
v 0.17078166 0.63114452 -0.16842192
v 0.17936304 0.63204181 -0.16162227
v 0.18786950 0.63147181 -0.15381707
v 0.19606933 0.62918395 -0.14427499
v 0.18186714 0.64147484 -0.16235702
v 0.17209911 0.64140171 -0.16982746
v 0.16147313 0.63993734 -0.17743075
v 0.06201187 0.61473185 -0.21481292
v 0.01989186 0.59445745 -0.20661561
v 0.15880503 0.68273741 -0.06335280
v 0.16879170 0.69700205 -0.07577121
v 0.17925844 0.70540720 -0.09371836
v 0.18570057 0.70621455 -0.11363371
v -0.00084171 0.73124713 -0.17897473
v 0.19841126 0.50467187 0.03588888
v 0.00271594 0.53634548 -0.19566825
v 0.00186763 0.55812657 -0.20002949
v 0.00608661 0.45842966 -0.16788988
v 0.00522335 0.48430777 -0.17877479
v 0.03749029 0.35254353 -0.14071980
v 0.01906654 0.35459864 -0.13941744
v 0.01982675 0.38062635 -0.14811343
v -0.00019835 0.30360717 -0.12315726
v 0.00017597 0.32954916 -0.12561673
v 0.00354690 0.38410416 -0.14238955
v 0.00545980 0.40945947 -0.15055034
v 0.02602094 0.50840712 -0.19142568
v 0.02202038 0.57675380 -0.20582363
v 0.00025091 0.59408259 -0.20405562
v 0.00022535 0.60888559 -0.20395212
v 0.00055414 0.62265575 -0.20339595
v 0.09149367 0.59370631 -0.00163613
v 0.09364341 0.60653198 -0.00615269
v 0.08315861 0.60652566 -0.00319870
v 0.08200467 0.59421718 0.00114834
v 0.10834619 0.59195966 -0.01003698
v 0.11220755 0.60436440 -0.01392060
v 0.10360541 0.60589707 -0.00976269
v 0.10024054 0.59324598 -0.00550867
v 0.11953570 0.60139018 -0.01912380
v 0.11542535 0.58920288 -0.01545495
v 0.08957127 0.58065206 0.00208509
v 0.09808727 0.58025742 -0.00184860
v 0.08077953 0.58089375 0.00472893
v 0.11162423 0.57684642 -0.01135021
v 0.10522538 0.57907033 -0.00623234
v 0.00001973 0.80651224 -0.00118000
v -0.00368131 0.81529492 0.01240099
v -0.02011251 0.85890222 0.01492399
v -0.02112454 0.86288667 0.01204605
v -0.00072690 0.78136253 -0.02254120
v -0.00014419 0.77072525 -0.02829411
v -0.01808187 0.83952576 0.01687346
v -0.01488462 0.82611144 0.01962596
v -0.02819738 0.88399440 0.01020691
v -0.02712094 0.88024437 0.00957200
v -0.02497398 0.86989170 0.01322495
v -0.02383006 0.86622506 0.01271309
v 0.00072250 0.76046318 -0.03602696
v -0.00250314 0.79248333 -0.01458941
v 0.00355317 0.74005038 -0.05118313
v 0.00497041 0.73008823 -0.05641083
v 0.01534773 0.72073030 -0.05923030
v 0.01636210 0.71013469 -0.05792126
v 0.02282614 0.58861327 -0.00661112
v 0.01998584 0.63318557 -0.02091873
v 0.02071136 0.61808699 -0.01552743
v 0.02019209 0.64754677 -0.02595232
v 0.01762380 0.70069915 -0.05293400
v 0.00185590 0.75018054 -0.04442820
v -0.02110958 0.85370320 0.01510868
v -0.01962330 0.84751546 0.01445361
v -0.02626045 0.87641382 0.01052841
v -0.02559675 0.87319314 0.01199541
v 0.00759263 0.67458594 -0.03973990
v 0.00802884 0.66009063 -0.03244315
v 0.02148489 0.60367268 -0.01055338
v 0.01235781 0.56734461 -0.00525703
v 0.01200464 0.54529011 -0.00016607
v 0.00666338 0.68791330 -0.04679506
v 0.01125562 0.52218074 0.00872525
v 0.14476694 0.12134847 -0.05486669
v 0.13081631 0.10116884 -0.06891066
v 0.12044725 0.11404410 -0.08451912
v 0.13127339 0.12887320 -0.07528406
v 0.13495792 0.17356420 -0.07091912
v 0.13510108 0.19929361 -0.07276535
v 0.13702622 0.22527294 -0.07697353
v 0.10294019 0.10443726 -0.09341015
v 0.07937281 0.11629841 -0.11480003
v 0.08259966 0.09810492 -0.10251441
v 0.12356091 0.21772328 -0.09690939
v 0.12206014 0.19232783 -0.09360358
v 0.12258959 0.13374215 -0.08708134
v 0.12458831 0.14647806 -0.08988809
v 0.13642226 0.14783645 -0.07225672
v 0.09897447 0.12061805 -0.10595883
v 0.11400021 0.12715709 -0.09557076
v 0.04815651 0.26700282 -0.13009104
v 0.05179967 0.24738654 -0.13391492
v 0.02878225 0.24547489 -0.13468191
v 0.11497304 0.28365064 -0.10040241
v 0.10650603 0.25931513 -0.11697517
v -0.00158661 0.11046743 -0.09692015
v 0.11311637 0.14255044 -0.10294255
v 0.07669491 0.13651288 -0.12386223
v 0.09718402 0.13904563 -0.11498357
v 0.07636769 0.20584105 -0.13431270
v 0.09441380 0.20796676 -0.12563191
v 0.09470232 0.18397406 -0.12409867
v 0.07655713 0.18214506 -0.13386032
v 0.10976807 0.21158603 -0.11335442
v 0.10916619 0.23679638 -0.11611239
v 0.07426284 0.22869758 -0.13359989
v 0.09273683 0.23217368 -0.12649882
v 0.08953366 0.25510937 -0.12640288
v 0.10922517 0.18621582 -0.11106237
v 0.07602856 0.15796277 -0.13034120
v 0.05195449 0.15650311 -0.13509092
v 0.02638880 0.15733844 -0.13300139
v 0.00088454 0.15613604 -0.13068937
v 0.00164491 0.17891583 -0.13655028
v 0.07149612 0.25084242 -0.13137782
v 0.06200155 0.28934693 -0.12342931
v 0.06730898 0.27011901 -0.12752654
v 0.05591655 0.35208559 -0.13626902
v 0.13546653 -0.04233697 0.13712712
v 0.00177557 0.08193767 0.01740590
v 0.00293544 0.08465520 0.03438292
v 0.16195843 0.18246946 0.03792463
v 0.16432819 0.14790136 -0.02013206
v 0.14754675 0.14847165 -0.04755675
v 0.01606919 0.09534329 0.06123865
v 0.03027306 0.10681897 0.07555537
v 0.14364997 0.17956665 0.06226093
v 0.09745365 0.14598802 0.09103087
v 0.00718868 0.08880731 0.04766765
v 0.12332038 0.16844046 -0.09119765
v 0.11051879 0.16329804 -0.10688986
v 0.09518996 0.16037330 -0.12026982
v 0.05238511 0.13542783 -0.12770046
v 0.02500895 0.13711482 -0.12575537
v -0.00044406 0.13873965 -0.12114230
v 0.01141148 0.15442103 0.10075054
v 0.00138986 0.16382515 0.09893491
v 0.00755791 0.16693410 0.09886359
v -0.00649530 0.17784929 0.09542958
v -0.00697733 0.16089961 0.09908342
v 0.00182988 0.14632744 0.09893044
v -0.00651035 0.14461288 0.09839579
v -0.00696699 0.12998995 0.09368747
v 0.05896137 0.26993227 0.06371985
v 0.07642978 0.27436078 0.05204012
v 0.01099170 0.26209384 0.08189845
v 0.02591036 0.26341379 0.07859436
v 0.12466884 0.28832692 0.00356343
v 0.04195506 0.26580614 0.07278505
v 0.09467211 0.27926958 0.03834666
v 0.11193549 0.28384143 0.02210845
v 0.00188396 0.22528172 -0.13699502
v 0.00170661 0.24659964 -0.13378371
v -0.00371664 0.26064584 0.08301069
v -0.01114449 0.81359309 0.01198392
v -0.00623088 0.80342507 -0.00209044
v -0.04212200 0.98299277 -0.04799240
v 0.00543211 0.77870190 -0.14587125
v -0.03761838 0.93954849 -0.01632793
v -0.02276343 0.86242664 0.01177411
v -0.02912342 0.88681650 0.01259089
v 0.00554667 0.71944106 -0.06053990
v 0.00585530 0.70793778 -0.05963060
v -0.00428999 0.08628884 0.02776480
v 0.00599012 0.69830424 -0.05425858
v -0.00213824 0.08620614 0.01391818
v 0.00613360 0.43333843 -0.15762359
v 0.14798257 -0.46580020 0.07566065
v 0.14864667 -0.46583840 0.06262070
v 0.15235385 -0.49211824 0.06848902
v 0.14928187 -0.49088478 0.08075376
v 0.16805227 -0.46257174 0.04124512
v 0.15722777 -0.46494550 0.04632678
v 0.18146269 -0.46107575 0.04063464
v 0.19236761 -0.46024525 0.04698187
v 0.18922558 -0.48861203 0.05030461
v 0.18030074 -0.49033767 0.04267854
v 0.19976482 -0.45936331 0.05653237
v 0.20254175 -0.48508543 0.06890948
v 0.20400962 -0.45868185 0.06765865
v 0.20193590 -0.45748669 0.08523437
v 0.19978191 -0.48268262 0.08597423
v 0.19371946 -0.45987165 0.10196187
v 0.19381714 -0.48322406 0.10274852
v 0.18049653 -0.46177566 0.11012809
v 0.15208676 -0.46594569 0.08888168
v 0.15166268 -0.48929045 0.09489939
v 0.16864708 -0.49173054 0.04309601
v 0.16116385 -0.49299359 0.05024059
v 0.15657170 -0.49284750 0.05946493
v 0.15196893 -0.46587819 0.05291703
v 0.15141712 -0.51727819 0.07518175
v 0.14456736 -0.51406980 0.08823372
v 0.16800275 -0.52045047 0.04549679
v 0.16362767 -0.51987600 0.05752432
v 0.18497804 -0.51542628 0.05454504
v 0.17890288 -0.51846397 0.04388672
v 0.20604949 -0.50937539 0.07016029
v 0.19665624 -0.51242834 0.06104761
v 0.19741939 -0.48675206 0.05883016
v 0.20390737 -0.50575435 0.08741206
v 0.19652066 -0.50231552 0.10601611
v 0.14946783 -0.50931168 0.10432286
v 0.15731692 -0.51899147 0.06658053
v 0.21281524 -0.53201592 0.26310462
v 0.21180303 -0.52790630 0.26086116
v 0.20739727 -0.52787822 0.26078072
v 0.20592040 -0.53239024 0.26315781
v 0.16946767 -0.52948123 0.26931030
v 0.16728090 -0.51917124 0.26736084
v 0.15929012 -0.52153772 0.26494044
v 0.15876183 -0.53297788 0.26660192
v 0.18878309 -0.53059202 0.26939142
v 0.19023563 -0.53428876 0.26755106
v 0.19503970 -0.53429425 0.26785398
v 0.19662726 -0.53028595 0.27053165
v 0.23778573 -0.53786826 0.23795906
v 0.23825568 -0.54280454 0.23746575
v 0.24272387 -0.54281396 0.23649588
v 0.24369879 -0.53884697 0.23654863
v 0.22202539 -0.53487968 0.25393313
v 0.22255638 -0.53991735 0.25263301
v 0.22692315 -0.53952897 0.25182575
v 0.22858411 -0.53582180 0.25253242
v 0.17412664 -0.52352983 0.24540251
v 0.16198866 -0.52330053 0.24157241
v 0.15943275 -0.52283287 0.25527066
v 0.17072971 -0.52033752 0.25798631
v 0.15415183 -0.53251624 0.25438011
v 0.15610072 -0.53447354 0.24045461
v 0.16258696 -0.54131675 0.24208155
v 0.16084205 -0.53742671 0.25419232
v 0.17386140 -0.54019797 0.24594621
v 0.17109546 -0.53651059 0.25681216
v 0.17932905 -0.53316176 0.24851578
v 0.17837536 -0.52839494 0.26098180
v 0.20029324 -0.53206599 0.25106335
v 0.19611698 -0.52604687 0.24888134
v 0.19602250 -0.52486062 0.26112789
v 0.20164110 -0.53051186 0.26276481
v 0.18564960 -0.52582115 0.24902517
v 0.18839018 -0.52538127 0.26080418
v 0.18165463 -0.53484291 0.25071791
v 0.18717515 -0.53989595 0.24985734
v 0.18823557 -0.53615427 0.26121959
v 0.18280743 -0.53127515 0.26219240
v 0.19607067 -0.53910118 0.25024813
v 0.19696970 -0.53636372 0.26140463
v 0.21446860 -0.52763236 0.24456292
v 0.20452665 -0.52838552 0.24540713
v 0.20612594 -0.52851725 0.25511071
v 0.21343991 -0.52761579 0.25510317
v 0.20156980 -0.53534597 0.25692984
v 0.20101707 -0.53698504 0.24772486
v 0.20627697 -0.54097188 0.24742511
v 0.20678189 -0.53826499 0.25697649
v 0.21507230 -0.53990149 0.24732587
v 0.21410355 -0.53834522 0.25766197
v 0.21916848 -0.53267682 0.24693459
v 0.21809658 -0.53268254 0.25768593
v 0.23556596 -0.53579295 0.23690979
v 0.23211302 -0.52998179 0.23496938
v 0.23009430 -0.53124964 0.24503818
v 0.23291391 -0.53643990 0.24630699
v 0.22441213 -0.53018296 0.23732868
v 0.22415876 -0.53067189 0.24585682
v 0.21928339 -0.53433216 0.24726322
v 0.22086662 -0.53414679 0.24025099
v 0.22335385 -0.54233503 0.23989102
v 0.22157659 -0.54171622 0.24767597
v 0.23172469 -0.54298127 0.23800582
v 0.22923116 -0.54178715 0.24696983
v 0.24758855 -0.53386152 0.22187629
v 0.24576637 -0.53437841 0.23027003
v 0.24787375 -0.53979260 0.23089176
v 0.24954879 -0.54072499 0.22118524
v 0.24075407 -0.53239954 0.22520709
v 0.23994106 -0.53323001 0.23147736
v 0.23607157 -0.53772205 0.23262592
v 0.23784354 -0.53711748 0.22779390
v 0.23850890 -0.54567492 0.22746611
v 0.23724246 -0.54528320 0.23316535
v 0.24551792 -0.54592526 0.22428527
v 0.24450892 -0.54511070 0.23194820
v 0.18115520 -0.52780974 0.23323545
v 0.16472331 -0.52407992 0.22814710
v 0.16161291 -0.53480369 0.26251853
v 0.15970935 -0.53678572 0.22770073
v 0.16746891 -0.53420401 0.26400495
v 0.18147832 -0.54362500 0.23612145
v 0.16693847 -0.54483443 0.22999525
v 0.18070251 -0.53478909 0.24273077
v 0.19491319 -0.52557886 0.26774925
v 0.20144780 -0.54362047 0.23644313
v 0.20049818 -0.53670776 0.24255626
v 0.19016795 -0.52576923 0.26738143
v 0.20021263 -0.52888048 0.23390411
v 0.21852766 -0.53143299 0.22862625
v 0.20780560 -0.53653753 0.26227400
v 0.21190159 -0.53661752 0.26244923
v 0.22021104 -0.54442644 0.23243614
v 0.22076277 -0.53392208 0.23832464
v 0.22796534 -0.53188276 0.25094029
v 0.23623572 -0.54647028 0.22437051
v 0.23784995 -0.53651071 0.22806948
v 0.22430407 -0.53136367 0.25128186
v 0.23603848 -0.53202897 0.22001863
v 0.24298677 -0.53581262 0.23483846
v 0.24760129 -0.54864681 0.21458855
v 0.25229067 -0.54241788 0.20885916
v 0.23979524 -0.53484440 0.23576871
v 0.24868011 -0.53421402 0.21067595
v 0.15995647 -0.48665768 0.10667680
v 0.15885687 -0.46505868 0.10101791
v 0.16872907 -0.46397877 0.10818283
v 0.17066085 -0.48444271 0.11279175
v 0.18177542 -0.48362839 0.11222284
v 0.16100606 -0.50429046 0.11550591
v 0.17345445 -0.50061643 0.11992265
v 0.18455499 -0.50098324 0.11670053
v 0.20648995 -0.52585936 0.08660085
v 0.20808381 -0.52979320 0.06944209
v 0.19505367 -0.53345561 0.06290072
v 0.18555823 -0.53754604 0.05432525
v 0.17962311 -0.54084718 0.04339798
v 0.15378159 -0.52624822 0.11336596
v 0.16325715 -0.51666284 0.12726933
v 0.17729022 -0.51121843 0.13179427
v 0.19118698 -0.51204169 0.12601560
v 0.16292585 -0.52399266 0.21265733
v 0.18105376 -0.52200484 0.21359773
v 0.17815851 -0.52036166 0.19426352
v 0.16452365 -0.53194726 0.19503938
v 0.19902107 -0.52607346 0.21274605
v 0.19663984 -0.52155066 0.19230330
v 0.21657433 -0.52945256 0.20817280
v 0.21331777 -0.52672386 0.18753412
v 0.23307841 -0.53244072 0.20107484
v 0.22787486 -0.53248191 0.18080571
v 0.24686271 -0.53615248 0.19407833
v 0.24140292 -0.53896928 0.17401257
v 0.25392705 -0.54491603 0.19221972
v 0.25183302 -0.54842138 0.17170745
v 0.15845460 -0.54178321 0.21325152
v 0.16163635 -0.54787076 0.19572407
v 0.16846713 -0.55191880 0.21525532
v 0.17162339 -0.55911112 0.19739228
v 0.18491904 -0.55103832 0.21458034
v 0.18717213 -0.55887550 0.19616374
v 0.24811563 -0.55918205 0.17877306
v 0.24899828 -0.55391407 0.19882660
v 0.20362279 -0.55102259 0.21242841
v 0.20500949 -0.55791247 0.19316107
v 0.22135501 -0.55272698 0.20892978
v 0.22172363 -0.55954146 0.18908298
v 0.23653668 -0.55420440 0.20442156
v 0.23611858 -0.56072450 0.18437010
v 0.17207123 -0.52362931 0.17274261
v 0.19053319 -0.51789021 0.17042850
v 0.20572895 -0.52406645 0.16439059
v 0.22004828 -0.53126872 0.15707783
v 0.23287454 -0.54262829 0.15111777
v 0.24478011 -0.55301023 0.14948484
v 0.21554790 -0.52855814 0.12929201
v 0.22436020 -0.54928172 0.12852971
v 0.23371971 -0.56150854 0.12983985
v 0.22636101 -0.56887317 0.10974628
v 0.21951880 -0.55612957 0.10657333
v 0.20948619 -0.56960809 0.07168537
v 0.21423930 -0.56261897 0.08704001
v 0.22125758 -0.57592607 0.08985412
v 0.21673727 -0.58475935 0.07384878
v 0.21358894 -0.53748679 0.10559919
v 0.20886782 -0.54469389 0.08594438
v 0.20261846 -0.54940522 0.07196367
v 0.20046094 -0.59525788 0.05415851
v 0.19734168 -0.57886589 0.04888299
v 0.20490439 -0.57480365 0.05969727
v 0.21077110 -0.59106898 0.06240693
v 0.18361150 -0.59994859 0.05299616
v 0.18128882 -0.58406389 0.04502562
v 0.16557272 -0.58446622 0.05704927
v 0.16735615 -0.59973747 0.06348467
v 0.19119547 -0.55716741 0.05099350
v 0.19642301 -0.55383474 0.06193289
v 0.17998181 -0.56161785 0.04422578
v 0.16609325 -0.56249416 0.05319831
v 0.16022979 -0.57910496 0.07414246
v 0.16240843 -0.55843544 0.06830114
v 0.16012959 -0.59462065 0.07981366
v 0.16305754 -0.54051852 0.17426977
v 0.16426207 -0.55338502 0.17512791
v 0.19903465 -0.51756549 0.14295287
v 0.18306907 -0.51483518 0.14934042
v 0.16434997 -0.52667522 0.14571051
v 0.15859276 -0.54815996 0.15092072
v 0.16410221 -0.56212223 0.15289144
v 0.15577821 -0.55754983 0.13077022
v 0.16326852 -0.56974053 0.13337573
v 0.17362711 -0.56332219 0.17564248
v 0.17447296 -0.56862104 0.15310034
v 0.17231375 -0.57592857 0.13387643
v 0.15503703 -0.56496465 0.11305058
v 0.16118860 -0.57699430 0.11663362
v 0.15714359 -0.57003373 0.09815452
v 0.15981634 -0.58324623 0.10309374
v 0.15902804 -0.58883369 0.09214762
v 0.15948161 -0.57417083 0.08665843
v 0.15652350 -0.55325556 0.09059142
v 0.15916297 -0.55583596 0.07961263
v 0.15422234 -0.54885042 0.10571976
v 0.15484530 -0.54067743 0.12390308
v 0.24372466 -0.56532729 0.15623441
v 0.23502980 -0.57208276 0.13486400
v 0.22605327 -0.57842457 0.11482260
v 0.22038656 -0.58721977 0.09582326
v 0.21377747 -0.59553123 0.08123153
v 0.20748672 -0.60058177 0.07176477
v 0.19829868 -0.60371065 0.06489256
v 0.18439683 -0.60510540 0.06434649
v 0.17273892 -0.60543478 0.07093096
v 0.16752325 -0.60239917 0.08421105
v 0.16644740 -0.59856802 0.09559172
v 0.16925406 -0.58477676 0.11797178
v 0.16696055 -0.59285676 0.10613960
v 0.14907040 -0.53340852 0.09757343
v 0.15234399 -0.53684813 0.08258347
v 0.15679878 -0.53857255 0.07298815
v 0.16770706 -0.54221678 0.05014656
v 0.16369832 -0.54004210 0.06367087
v 0.18806061 -0.56617224 0.17447059
v 0.20465127 -0.56555855 0.17084262
v 0.22014228 -0.56644285 0.16641891
v 0.23317991 -0.56743062 0.16163087
v 0.22712278 -0.57494640 0.13974059
v 0.21539748 -0.57462811 0.14391112
v 0.20089875 -0.57407022 0.14822610
v 0.18644975 -0.57190663 0.15167883
v 0.21901852 -0.58293414 0.12026992
v 0.20874013 -0.58316374 0.12461883
v 0.19546174 -0.58268356 0.12855637
v 0.18306267 -0.58015847 0.13246453
v 0.17882408 -0.58970040 0.11672637
v 0.18954982 -0.59150261 0.11187017
v 0.20134863 -0.59155118 0.10783291
v 0.21116111 -0.59103048 0.10255513
v 0.20488617 -0.59751320 0.08875054
v 0.19558500 -0.59726131 0.09450114
v 0.18509939 -0.59738821 0.09900007
v 0.17615253 -0.59642637 0.10381266
v 0.20001209 -0.60130346 0.08041444
v 0.18568617 -0.60552669 0.07265553
v 0.19403005 -0.60388535 0.07477069
v 0.17780085 -0.60607672 0.07657194
v 0.17518176 -0.60352397 0.08562714
v 0.17505898 -0.60036731 0.09458017
v 0.18192413 -0.60277247 0.08456296
v 0.18309706 -0.60045254 0.09097686
v 0.19217260 -0.60036743 0.08650288
v 0.18898647 -0.60255474 0.08090499
v 0.18181095 -0.60426795 0.07938722
v 0.18548262 -0.60414696 0.07765588
v 0.20168713 -0.51963317 0.10974929
v -0.00036191 0.74512303 -0.17178048
v -0.00035965 0.67138684 -0.19726256
v 0.12514853 -0.21273717 0.13321769
v 0.13808368 -0.21380216 0.14097446
v 0.15093714 -0.21041748 0.14349210
v 0.11953947 0.17466846 0.07660406
v 0.07709019 0.39386004 0.04289307
v 0.08484846 0.43436199 0.02875856
v 0.08090316 0.41313201 0.03518812
v 0.12469500 0.15126032 0.08463652
v 0.12978797 0.45143485 -0.01784635
v -0.00104593 0.12437871 -0.10982502
v -0.00001561 0.63593817 -0.20219040
v 0.09660274 0.61993402 -0.01150870
v 0.00200364 0.20241414 -0.13824047
v 0.06142171 0.90354234 -0.08676065
v 0.05931319 0.90161103 -0.08878368
v 0.05929061 0.89776266 -0.08873959
v 0.05883523 0.89524949 -0.09306699
v 0.05923188 0.89261872 -0.09593023
v 0.06015341 0.89111137 -0.09747255
v 0.06109795 0.89805150 -0.09096212
v 0.05965582 0.89972955 -0.09468096
v 0.06065346 0.90035236 -0.09053994
v 0.06140094 0.90021271 -0.08956392
v 0.00853587 0.64507437 -0.02620743
v 0.00896411 0.63005042 -0.02136156
v 0.00977709 0.61531842 -0.01643325
v 0.01062608 0.60078871 -0.01214726
v -0.02224725 0.85845250 0.01483853
v -0.00144549 0.34128028 0.07762477
v -0.00180177 0.35920858 0.07362399
v 0.00189609 0.35737631 -0.13312440
v -0.00215306 0.29677480 0.08069815
v -0.00033696 0.37778994 0.07234925
v 0.00378126 0.51109481 -0.18855573
v 0.01183868 0.58555317 -0.00828078
v -0.00259118 0.27874118 0.08044104
v 0.00086279 0.57717240 -0.20272304
v 0.00178535 0.40054291 0.06272066
v -0.00613923 0.19637552 0.08989122
v 0.00707582 0.45957789 0.04026920
v -0.07603889 0.94539273 -0.05181385
v -0.08328000 0.93250120 -0.05908194
v -0.08000569 0.92872500 -0.04589874
v -0.07200664 0.93824720 -0.03809521
v -0.07688634 0.92473668 -0.03642023
v -0.06854933 0.93098748 -0.03067654
v -0.08589919 0.91920656 -0.06506408
v -0.08369924 0.91837525 -0.05294961
v -0.08215430 0.88406682 -0.04888849
v -0.08220788 0.89274383 -0.05143962
v -0.08505786 0.88682330 -0.05921870
v -0.08306412 0.87527221 -0.05595496
v -0.07614900 0.86021078 -0.04055921
v -0.07430175 0.84907776 -0.04714834
v -0.06981163 0.84586805 -0.03474037
v -0.07032140 0.85758215 -0.03041953
v -0.04823923 0.88519669 -0.01135215
v -0.05179977 0.88920349 -0.01524005
v -0.05580097 0.88246226 -0.01515756
v -0.05136709 0.87787920 -0.01112636
v -0.04336833 0.89875072 -0.00803575
v -0.04137393 0.90496355 -0.00273030
v -0.04175075 0.90834576 -0.00926733
v -0.04445857 0.90164459 -0.01332650
v -0.04299126 0.88204741 -0.00722552
v -0.04624925 0.87433314 -0.00737924
v -0.04384303 0.88964331 -0.00630552
v -0.04555856 0.89212048 -0.01110827
v -0.04235689 0.88929284 0.00615849
v -0.04079875 0.89213443 0.01081138
v -0.04286377 0.89693391 0.00897699
v -0.04399328 0.89275575 0.00292696
v -0.04301775 0.88413846 -0.00235153
v -0.04001678 0.88295966 0.00134652
v -0.04208885 0.88596988 0.00282789
v -0.04392434 0.88807541 -0.00100774
v -0.04289352 0.89580894 -0.00238978
v -0.04203385 0.90134013 0.00357938
v -0.03997062 0.90552741 0.01016311
v -0.04003089 0.89970136 0.01638925
v -0.05717010 0.86173379 -0.01277928
v -0.05251943 0.86009538 -0.00814504
v -0.04965829 0.86701035 -0.00770371
v -0.05458274 0.86981761 -0.01137735
v -0.03945457 0.87847894 -0.00084276
v -0.03897056 0.86331338 0.00538465
v -0.03515670 0.86682433 0.00902204
v -0.03606062 0.87031412 0.00788882
v -0.04048916 0.86691010 0.00385159
v -0.05858762 0.84442312 -0.01510991
v -0.05632830 0.83509541 -0.01500247
v -0.05234780 0.83886874 -0.00822630
v -0.05428378 0.84587437 -0.00902729
v -0.04859436 0.83276486 -0.00651730
v -0.05251974 0.82619238 -0.01321591
v -0.04059432 0.81420708 -0.00384566
v -0.03938380 0.82579768 0.00293554
v -0.04411409 0.82864094 -0.00277005
v -0.04725652 0.81945115 -0.00978671
v -0.03083235 0.83654642 0.00916507
v -0.03371951 0.82367522 0.00970546
v -0.02783170 0.82312596 0.01561877
v -0.02658475 0.83703315 0.01361697
v -0.03631124 0.85654277 0.00429182
v -0.03766625 0.85987341 0.00553439
v -0.04038329 0.85707974 0.00223255
v -0.03917192 0.85458577 0.00144842
v -0.04257115 0.85258162 -0.00157703
v -0.04267883 0.85361570 -0.00107761
v -0.04435045 0.85393941 -0.00167825
v -0.04415606 0.85176015 -0.00222251
v -0.04092055 0.85351682 -0.00035791
v -0.04130657 0.85193574 -0.00075349
v -0.03901586 0.85189599 0.00129819
v -0.03678462 0.85277009 0.00464876
v -0.02671529 0.85680133 0.01375815
v -0.02658314 0.86129296 0.01110875
v -0.02891361 0.86010486 0.00970537
v -0.03010525 0.85578346 0.01224900
v -0.04357878 0.85666949 -0.00055370
v -0.04184390 0.85963404 0.00186406
v -0.04400853 0.86260593 0.00046527
v -0.04593739 0.85789770 -0.00164431
v -0.04910544 0.85925412 -0.00400305
v -0.05020205 0.85354352 -0.00513905
v -0.04687218 0.85390174 -0.00289267
v -0.04267867 0.85001516 -0.00178363
v -0.04653808 0.85028052 -0.00354642
v -0.04504582 0.84706736 -0.00323082
v -0.04240935 0.84509194 -0.00108793
v -0.04055579 0.84921050 0.00048869
v -0.03762760 0.84922969 0.00405594
v -0.03907533 0.84407306 0.00249615
v -0.03473172 0.84417337 0.00680181
v -0.03413511 0.84981126 0.00870615
v -0.04644301 0.86508763 -0.00253840
v -0.04988693 0.84818220 -0.00582347
v -0.05409099 0.85315239 -0.00892931
v -0.04810593 0.84316969 -0.00534610
v -0.04530023 0.83941066 -0.00302349
v -0.03636965 0.83604532 0.00479986
v -0.04122716 0.83705968 0.00047135
v -0.03349846 0.81106544 0.00241271
v -0.02583733 0.80958146 0.00807274
v -0.07209398 0.92060941 -0.03373037
v -0.06518952 0.92498249 -0.03056870
v -0.07070641 0.91287005 -0.03442864
v -0.06805985 0.91530609 -0.03196035
v -0.06899576 0.91769075 -0.03304487
v -0.07227946 0.91415322 -0.03598592
v -0.07860039 0.89783108 -0.04640530
v -0.07888386 0.89151043 -0.04470930
v -0.07526705 0.89809424 -0.04186344
v -0.07530298 0.90208560 -0.04233881
v -0.06836510 0.89529556 -0.03188092
v -0.06795295 0.90262181 -0.03210581
v -0.07042003 0.90186113 -0.03501602
v -0.07188666 0.89433771 -0.03558697
v -0.06496944 0.90381813 -0.02960747
v -0.06477599 0.89737165 -0.02873676
v -0.06097379 0.90025127 -0.02649260
v -0.06147555 0.90555638 -0.02790485
v -0.06336221 0.92094958 -0.03068553
v -0.06338239 0.91763276 -0.03005761
v -0.05750944 0.91877294 -0.02938320
v -0.05656174 0.92258334 -0.02955818
v -0.04635786 0.91420269 -0.02880003
v -0.04398931 0.91537815 -0.02676842
v -0.04492403 0.91890109 -0.02783322
v -0.04739313 0.91606808 -0.02918655
v -0.04738491 0.91221541 -0.02753673
v -0.04559109 0.91153204 -0.02564283
v -0.07207101 0.96594596 -0.05962594
v -0.08117522 0.95162320 -0.06769620
v -0.06656373 0.95584536 -0.04234069
v -0.08718276 0.93573648 -0.07399592
v -0.08982204 0.91950071 -0.07891500
v -0.06811406 0.83455890 -0.03807797
v -0.06173433 0.83371323 -0.02550454
v -0.06397477 0.84438825 -0.02400782
v -0.06386404 0.82333302 -0.03917150
v -0.05676302 0.82321697 -0.02462577
v -0.04062499 0.80566764 -0.01904358
v -0.05013368 0.81326640 -0.02254730
v -0.06850833 0.82664549 -0.05783743
v -0.06267966 0.81752378 -0.06074093
v -0.05669774 0.81196094 -0.04050079
v -0.06675079 0.82483047 -0.07865024
v -0.06150021 0.82110751 -0.08507041
v -0.05421954 0.80729860 -0.06721827
v -0.03595004 0.77684820 -0.05697763
v -0.04696663 0.77984631 -0.07027760
v -0.04880774 0.76882839 -0.07539578
v -0.03769860 0.76627785 -0.06218165
v -0.07250747 0.83771718 -0.05401881
v -0.08695941 0.89390147 -0.07088257
v -0.08610955 0.87964857 -0.06919225
v -0.08532018 0.89816988 -0.05972950
v -0.09570628 0.93915892 -0.11029813
v -0.09671612 0.92065048 -0.10946484
v -0.09440020 0.92082620 -0.09372167
v -0.09213284 0.93881011 -0.09073770
v -0.07465865 0.97736144 -0.10731356
v -0.08787797 0.95910132 -0.10958581
v -0.08603342 0.95697117 -0.08678082
v -0.07440151 0.97388446 -0.08077562
v -0.09624039 0.91659117 -0.12654580
v -0.09461135 0.93446308 -0.13101523
v -0.09199322 0.92482632 -0.15096641
v -0.09391213 0.91044295 -0.14122733
v -0.08615107 0.95438719 -0.13587144
v -0.08243363 0.94274187 -0.16092749
v -0.06059626 0.82177937 -0.09752599
v -0.05776993 0.80790114 -0.08864708
v -0.05497339 0.79414666 -0.08482386
v -0.04720037 0.79296207 -0.06690730
v -0.06800815 0.95984524 -0.16725865
v -0.07221767 0.97191209 -0.13747606
v -0.06963599 0.87759387 -0.17302971
v -0.07676665 0.87171984 -0.15927550
v -0.08424935 0.88670480 -0.15576272
v -0.07790995 0.89510691 -0.17124337
v -0.05995613 0.88330603 -0.18760963
v -0.06846677 0.90444255 -0.18703508
v -0.04968896 0.83324862 -0.15244967
v -0.03872707 0.83328462 -0.16460817
v -0.03323405 0.82233763 -0.15125631
v -0.04310916 0.82249546 -0.14013520
v -0.08073147 0.91723001 -0.04311017
v -0.08197591 0.90938914 -0.04849847
v -0.07752521 0.90992296 -0.04209784
v -0.07590583 0.91536808 -0.03822306
v -0.08713201 0.90680242 -0.06854154
v -0.08516248 0.90812117 -0.05727829
v -0.09191426 0.90558654 -0.09593946
v -0.09407984 0.90553594 -0.10902235
v -0.09313635 0.89901865 -0.13417903
v -0.09518002 0.90335774 -0.12210438
v -0.07980340 0.86858290 -0.14724720
v -0.08491170 0.87803960 -0.14544681
v -0.05912360 0.82617950 -0.11556152
v -0.05115148 0.82362080 -0.12799147
v -0.04754680 0.81059933 -0.11977799
v -0.05571180 0.80972195 -0.10690431
v -0.02968250 0.81142509 -0.13968635
v -0.03900832 0.81100619 -0.13051116
v -0.05350161 0.78410733 -0.10371425
v -0.04573343 0.78662050 -0.11653197
v -0.04827415 0.77662593 -0.12069644
v -0.05311305 0.77382934 -0.10695497
v -0.04087119 0.77798998 -0.13347314
v -0.03771875 0.78820056 -0.12740169
v -0.02887921 0.78946120 -0.13684364
v -0.03158388 0.77820253 -0.14237581
v -0.01665930 0.76111376 -0.04323357
v -0.02653075 0.76347280 -0.05190407
v -0.02733558 0.75373089 -0.05799115
v -0.01641814 0.75140655 -0.04983322
v -0.05314831 0.76534569 -0.11362454
v -0.05154762 0.76959944 -0.12863629
v -0.05626678 0.83563566 -0.13972303
v -0.06313092 0.83898354 -0.12984967
v -0.04499207 0.76985741 -0.14179131
v -0.04548266 0.79813850 -0.11590055
v -0.03749283 0.79929096 -0.12659128
v -0.01837866 0.81117809 -0.14641422
v -0.02112281 0.82161021 -0.15980813
v -0.04787396 0.89530599 -0.01539234
v -0.05247474 0.90602779 -0.02484287
v -0.04870310 0.90864933 -0.02502131
v -0.05001678 0.91090679 -0.02682833
v -0.05347709 0.90910876 -0.02652039
v -0.05011328 0.94859767 -0.02436396
v -0.06158987 0.94493580 -0.03025766
v -0.05851695 0.93446386 -0.02422721
v -0.04673512 0.93498397 -0.01962450
v -0.06946733 0.87195265 -0.02589829
v -0.06288168 0.86540139 -0.01833373
v -0.05970393 0.87464869 -0.01595593
v -0.06371541 0.88124335 -0.02104668
v -0.07338969 0.90481758 -0.03972679
v -0.07299124 0.90742683 -0.03833094
v -0.07471813 0.90638506 -0.04098716
v -0.05868474 0.85350472 -0.01436007
v -0.06439658 0.85506463 -0.02132317
v -0.08270911 0.86660796 -0.06549007
v -0.08216929 0.90151000 -0.05132705
v -0.05953297 0.99251020 -0.10409904
v -0.06082207 0.98667693 -0.07441767
v -0.05468064 0.98756361 -0.13727058
v -0.04954462 0.97483945 -0.17088583
v -0.05418770 0.91468775 -0.19986644
v -0.03409921 0.92578125 -0.20650589
v -0.02582119 0.89842713 -0.20786668
v -0.04552365 0.89033329 -0.20069735
v -0.02515199 0.83412313 -0.17383753
v -0.01753682 0.78991652 -0.14158638
v -0.02024042 0.77743375 -0.14594691
v -0.05863144 0.97560662 -0.05199802
v -0.05422253 0.96191770 -0.03656954
v -0.08986367 0.90438956 -0.08179142
v -0.08046263 0.87717128 -0.04382660
v -0.07647098 0.87299889 -0.03612654
v -0.07528161 0.88453794 -0.03494471
v -0.07813986 0.88680303 -0.04067489
v -0.08010235 0.86641598 -0.05016473
v -0.07792424 0.85561442 -0.05894058
v -0.07639781 0.84389436 -0.07123981
v -0.07128042 0.83184719 -0.07465044
v -0.08556875 0.91173589 -0.16486982
v -0.08907902 0.90098405 -0.15193759
v -0.06226417 0.93885291 -0.18917988
v -0.07714713 0.92489052 -0.17883134
v -0.08967292 0.89229214 -0.14461808
v -0.04192054 0.95351398 -0.19520003
v -0.03661050 0.87453753 0.00564572
v -0.03600467 0.87905651 0.00431138
v -0.04195435 0.87182021 -0.00021368
v -0.03022400 0.85066712 0.01188827
v -0.03008648 0.84456372 0.01041532
v -0.02595620 0.84553599 0.01266347
v -0.02644734 0.85205567 0.01374307
v -0.02080601 0.80197352 -0.00689017
v -0.02988449 0.80247641 -0.01239384
v -0.01677751 0.77158380 -0.03542181
v -0.02573429 0.77331901 -0.04490803
v -0.03843972 0.88829333 0.00625445
v -0.03831697 0.88709390 0.00442835
v -0.03681489 0.88784480 0.00522703
v -0.03719389 0.88886523 0.00690214
v -0.04211348 0.85531336 -0.00009145
v -0.03134084 0.86866915 0.01150089
v -0.03039645 0.86473238 0.01093340
v -0.02766567 0.86545455 0.01199742
v -0.02840459 0.86913645 0.01244311
v -0.04200706 0.79995549 -0.04004956
v -0.03680823 0.78832233 -0.05033415
v -0.05470214 0.77131355 -0.09200048
v -0.05417340 0.78152132 -0.08676657
v -0.05419433 0.79661155 -0.10334820
v -0.02883622 0.79988635 -0.13623708
v -0.01814932 0.80152881 -0.14211974
v -0.00547763 0.80093038 -0.14652358
v -0.00511404 0.81242955 -0.15203050
v -0.02785639 0.79357046 -0.02704938
v -0.02639418 0.78308523 -0.03769680
v -0.01712923 0.78239942 -0.02925437
v -0.01794418 0.79217911 -0.01957779
v -0.03308669 0.88724345 0.00934364
v -0.03329460 0.88539386 0.00748999
v -0.03118811 0.88373852 0.00899779
v -0.03169078 0.88682330 0.01110683
v -0.03827648 0.88469672 0.00325542
v -0.03596449 0.88226420 0.00422420
v -0.03597384 0.88431752 0.00374584
v -0.03951313 0.88608021 0.00424246
v -0.03977400 0.88815975 0.00647566
v -0.03643714 0.89112765 0.01150404
v -0.03681064 0.89307606 0.01625840
v -0.03889603 0.89006102 0.00940584
v -0.03490472 0.88788390 0.00737280
v -0.03450759 0.88622761 0.00588968
v -0.03613314 0.88624799 0.00377440
v -0.03770148 0.88606298 0.00353260
v -0.03640732 0.89040577 0.00946197
v -0.03779802 0.88948011 0.00805255
v -0.03933461 0.91013312 0.00299504
v -0.00782714 0.77074802 -0.03060082
v -0.00821423 0.78231561 -0.02429495
v -0.04206214 0.85336590 -0.00126485
v -0.05665928 0.92770624 -0.02780768
v -0.07046607 0.88549566 -0.02909678
v -0.05409443 0.89354193 -0.01951161
v -0.05567494 0.89832056 -0.02274843
v -0.06014755 0.89391732 -0.02393546
v -0.05845318 0.88792634 -0.01990702
v -0.04830327 0.92678958 -0.02528308
v -0.04234649 0.92298853 -0.02420821
v -0.04076722 0.92674226 -0.01758566
v -0.04116186 0.91686070 -0.02206784
v -0.04310861 0.91084152 -0.02219179
v -0.04218385 0.91026843 -0.01597434
v -0.04015594 0.91878271 -0.01308163
v -0.07375725 0.91038668 -0.03878339
v -0.07213172 0.91010910 -0.03654574
v -0.04545518 0.90402496 -0.01822719
v -0.04674905 0.90630060 -0.02242083
v -0.05108043 0.90243876 -0.02236053
v -0.04957932 0.89865112 -0.01920200
v -0.06493831 0.88943601 -0.02577720
v -0.07814789 0.90433818 -0.04527565
v -0.07421502 0.89543086 -0.03930114
v -0.06470052 0.83655381 -0.11476432
v -0.06952859 0.84317911 -0.12490726
v -0.06903930 0.83500218 -0.09413974
v -0.06775079 0.83628684 -0.09808298
v -0.06329390 0.83135211 -0.09404589
v -0.06691582 0.83136725 -0.08947895
v -0.08438995 0.87377083 -0.12803856
v -0.08437188 0.87540084 -0.12384938
v -0.08696332 0.88091183 -0.12476867
v -0.08586553 0.87791610 -0.13223536
v -0.08652570 0.87902093 -0.11826324
v -0.08586753 0.87621439 -0.11755408
v -0.08582809 0.87666392 -0.11401892
v -0.08721176 0.88223660 -0.11700411
v -0.08693127 0.88203788 -0.10916503
v -0.09051578 0.89263403 -0.10865340
v -0.09094188 0.89196026 -0.11921220
v -0.08655287 0.88756394 -0.08585155
v -0.08880083 0.89129311 -0.09811081
v -0.08533523 0.87888771 -0.10175166
v -0.08283912 0.87345362 -0.09517943
v -0.07417252 0.84245515 -0.08540925
v -0.07113584 0.83482754 -0.08624142
v -0.06296647 0.83316517 -0.10311238
v -0.05230408 0.86413097 -0.18331027
v -0.06348377 0.86060083 -0.16986653
v -0.07074293 0.85831070 -0.15708676
v -0.07480556 0.85791051 -0.14506133
v -0.03840049 0.86813653 -0.19606265
v -0.01942404 0.87316668 -0.20240298
v -0.08416668 0.87172782 -0.08025529
v -0.08021060 0.86350816 -0.09027800
v -0.05581870 0.84596229 -0.16335616
v -0.04481374 0.84768343 -0.17585698
v -0.06410310 0.84551954 -0.14971362
v -0.06828950 0.84897196 -0.13919239
v -0.03155627 0.85003620 -0.18650109
v -0.01393052 0.85191232 -0.19077164
v -0.00949788 0.83600914 -0.17688805
v -0.07576070 0.84050071 -0.09624204
v -0.07517486 0.83574808 -0.09426850
v -0.07283039 0.83545333 -0.09180856
v -0.07417350 0.84067488 -0.09170684
v -0.07744515 0.85231388 -0.08715740
v -0.08056056 0.85793817 -0.07657477
v -0.03994268 0.91469073 -0.00408395
v -0.02173083 0.82452554 0.01876992
v -0.02237238 0.83800340 0.01594117
v -0.03244582 0.87601924 0.00885705
v -0.03194302 0.87228757 0.01026791
v -0.02886138 0.87250268 0.01135065
v -0.02932892 0.87616980 0.00986759
v -0.04982322 0.92185807 -0.02904853
v -0.00668956 0.82381546 -0.16472203
v -0.00582730 0.79022574 -0.14459695
v -0.00783211 0.77841401 -0.14674419
v -0.03533868 0.76753157 -0.15056422
v -0.02343966 0.76589096 -0.15426284
v -0.02993621 0.88012278 0.00883616
v -0.03274047 0.87984180 0.00764257
v -0.03566577 0.88957632 0.00860902
v -0.03406986 0.86280924 0.00894852
v -0.03418124 0.88477683 0.00578884
v -0.03320722 0.88280863 0.00676039
v -0.02917363 0.88395834 0.00995521
v -0.02833638 0.88016397 0.00940122
v -0.05696779 0.90344989 -0.02527568
v -0.05761359 0.90746266 -0.02708114
v -0.03433681 0.88960028 0.01104626
v -0.03346451 0.88961601 0.01389471
v -0.03958388 0.75631499 -0.06820808
v -0.05049323 0.75895309 -0.08204558
v -0.02567580 0.86588919 0.01245333
v -0.02651275 0.86942220 0.01302903
v -0.07967225 0.86517775 -0.10069680
v -0.08249431 0.87063742 -0.10500873
v -0.08217208 0.86434805 -0.10870919
v -0.07983322 0.85994518 -0.10543678
v -0.00760319 0.75999099 -0.03773454
v -0.05344380 0.76160908 -0.09849741
v -0.01081159 0.76601863 -0.15547124
v -0.07235698 0.90188640 -0.03755266
v -0.07327607 0.90288234 -0.03939780
v -0.05181557 0.91821432 -0.02957769
v -0.03382231 0.85469013 0.00890438
v -0.03290129 0.85864401 0.00782669
v -0.01000406 0.79322302 -0.01533528
v -0.03014381 0.88700914 0.01226509
v -0.08149540 0.87034678 -0.11939161
v -0.08069191 0.86735350 -0.11809304
v -0.08346692 0.86592251 -0.11603440
v -0.08417287 0.86916363 -0.11621150
v -0.08729203 0.87302625 -0.11236532
v -0.08900717 0.87557089 -0.11508104
v -0.08859355 0.87182325 -0.11607912
v -0.08676958 0.86973423 -0.11440524
v -0.08496463 0.87475443 -0.10968611
v -0.08441771 0.86975324 -0.11076436
v -0.09110580 0.87589347 -0.11779982
v -0.08970210 0.87327945 -0.11842486
v -0.08521435 0.87630498 -0.11980203
v -0.08873744 0.87725461 -0.11867805
v -0.08926803 0.87743962 -0.12352393
v -0.09267095 0.87515843 -0.12212849
v -0.08990942 0.87507147 -0.12981519
v -0.09385795 0.87252343 -0.12734587
v -0.08870357 0.86981785 -0.13373785
v -0.09342439 0.86784089 -0.13158585
v -0.07610471 0.84807956 -0.09393857
v -0.07464883 0.84751546 -0.10076329
v -0.08671989 0.86322784 -0.13501622
v -0.09234251 0.86189103 -0.13411117
v -0.08497725 0.85608327 -0.13374837
v -0.08997248 0.85550606 -0.13328220
v -0.08268715 0.84962499 -0.13107078
v -0.08741190 0.84907448 -0.13064179
v -0.08016845 0.84342325 -0.12611635
v -0.08490777 0.84383470 -0.12567928
v -0.07776415 0.83667731 -0.11838469
v -0.08306766 0.83950877 -0.11874694
v -0.08956516 0.86751902 -0.13037142
v -0.08935111 0.87172204 -0.12736849
v -0.08281327 0.86960018 -0.12897898
v -0.08957061 0.87386364 -0.12249435
v -0.07671398 0.86104655 -0.12305977
v -0.07656944 0.85867399 -0.12033965
v -0.08030379 0.85906816 -0.11768126
v -0.07753614 0.86162102 -0.11994818
v -0.07919939 0.85696775 -0.10886398
v -0.07774330 0.85271692 -0.10668132
v -0.07722188 0.85396945 -0.10224252
v -0.07552630 0.84939444 -0.10594954
v -0.07572281 0.85301554 -0.10872058
v -0.07537956 0.85032892 -0.10784245
v -0.07590123 0.85581291 -0.10994766
v -0.07534594 0.84858865 -0.10859479
v -0.07619545 0.84725749 -0.10666820
v -0.07459934 0.84948659 -0.10954699
v -0.07452336 0.85066736 -0.10921252
v -0.07411421 0.85198700 -0.11046194
v -0.07376478 0.85378909 -0.11320329
v -0.07807661 0.85669732 -0.09692223
v -0.06968988 0.84245396 -0.11420427
v -0.07428887 0.84716904 -0.12093866
v -0.08081090 0.83677554 -0.11114725
v -0.07624614 0.83255982 -0.10929003
v -0.07530305 0.83275270 -0.09550878
v -0.07565577 0.83104837 -0.10137159
v -0.08066075 0.86485589 -0.12894002
v -0.07935208 0.85867476 -0.12868261
v -0.06826956 0.83994877 -0.10499254
v -0.07706869 0.85322022 -0.12601031
v -0.08229671 0.84349060 -0.11842007
v -0.08047932 0.84176159 -0.11273553
v -0.08465405 0.84667194 -0.12362199
v -0.07685290 0.84424525 -0.10327229
v -0.07873371 0.84210181 -0.10720399
v -0.07912957 0.83700633 -0.10432795
v -0.07784870 0.83861101 -0.09933521
v -0.07901024 0.84601873 -0.11309749
v -0.08156961 0.84729594 -0.11715491
v -0.07614442 0.84836626 -0.11456244
v -0.07848030 0.84985334 -0.11814802
v -0.07562957 0.84797704 -0.11084326
v -0.07723467 0.84611839 -0.10941947
v -0.07271864 0.85018480 -0.11537688
v -0.07497068 0.85309416 -0.11953596
v -0.07386790 0.84938633 -0.11132155
v -0.08130591 0.85198808 -0.12014230
v -0.07834072 0.85540617 -0.12109159
v -0.08227067 0.85806137 -0.12122454
v -0.08422701 0.85498595 -0.12151715
v -0.08393697 0.84947228 -0.12099420
v -0.08612195 0.85258383 -0.12419642
v -0.08594671 0.85119522 -0.12776959
v -0.08700398 0.85715961 -0.12679838
v -0.08745956 0.85673785 -0.13018054
v -0.08570185 0.85794139 -0.12370333
v -0.08475816 0.85982507 -0.12176726
v -0.08900099 0.86250931 -0.13126856
v -0.08795670 0.86189115 -0.12782811
v -0.08811776 0.86613774 -0.12751195
v -0.08684424 0.86148286 -0.12484425
v -0.08688670 0.86486685 -0.12449754
v -0.08586503 0.86149299 -0.12270992
v -0.08560078 0.86356914 -0.12192822
v -0.08632267 0.87292010 -0.11910953
v -0.08533898 0.87165177 -0.11698615
v -0.08712173 0.87214762 -0.12221885
v -0.08536191 0.86997592 -0.12099453
v -0.08496752 0.87132299 -0.11964495
v -0.08376729 0.87064159 -0.11884961
v -0.08429518 0.86804616 -0.11945084
v -0.08179812 0.86670828 -0.12029664
v -0.01601848 0.73158717 -0.05987196
v -0.00493663 0.73076391 -0.05646055
v -0.00579565 0.74065566 -0.05149594
v -0.01623750 0.74182391 -0.05593540
v -0.08622421 0.86781824 -0.12292169
v -0.08492081 0.86579436 -0.12041891
v -0.08751346 0.86984277 -0.12549941
v -0.08169287 0.86237258 -0.12161930
v -0.08308659 0.86395645 -0.12063926
v -0.08408549 0.86204565 -0.12100335
v -0.08268512 0.86085063 -0.12121954
v -0.07975710 0.85996592 -0.11083798
v -0.07709388 0.85828298 -0.11341447
v -0.07533901 0.85557240 -0.11638003
v -0.04744305 0.71756947 -0.07824533
v -0.04458899 0.72687608 -0.08009158
v -0.05723786 0.72922063 -0.09544282
v -0.06286062 0.72160232 -0.09270346
v -0.05406305 0.70132697 -0.05615134
v -0.07869680 0.70513564 -0.07011805
v -0.07079743 0.68959075 -0.04737386
v -0.05212292 0.68647015 -0.04413973
v -0.06535552 0.67312980 -0.03563000
v -0.04949932 0.67002428 -0.03585821
v -0.05510303 0.62815392 -0.01310352
v -0.04180968 0.62658536 -0.01300411
v -0.04398117 0.64009327 -0.02052146
v -0.05765471 0.64186496 -0.02002978
v -0.07088654 0.56436116 0.00254858
v -0.06837704 0.54776049 0.00472871
v -0.05800149 0.55088478 0.00800660
v -0.06158573 0.56572294 0.00545558
v -0.12005576 0.64382648 -0.02674465
v -0.12519446 0.65807235 -0.03186416
v -0.13261467 0.64894390 -0.03057690
v -0.12656143 0.63471711 -0.02875011
v -0.10215671 0.72622216 -0.11875398
v -0.09302749 0.71696508 -0.09676770
v -0.08241218 0.72148573 -0.10450044
v -0.09205055 0.73186731 -0.12278622
v -0.10630757 0.57196921 -0.02869217
v -0.10235348 0.56071913 -0.02283849
v -0.09791140 0.56908512 -0.01811964
v -0.10152539 0.58022380 -0.02206041
v -0.09659290 0.47789818 -0.00650851
v -0.09961284 0.45765215 -0.00349117
v -0.08545060 0.45835438 0.00885017
v -0.08273724 0.47848672 0.00464828
v -0.13004763 0.49613133 -0.06318343
v -0.13808632 0.49329448 -0.08497745
v -0.13581844 0.47454265 -0.08244263
v -0.12961900 0.47683766 -0.06073259
v -0.08053605 0.62782133 -0.01495258
v -0.06814308 0.62841368 -0.01398715
v -0.07134770 0.64237076 -0.01987291
v -0.08461180 0.64156353 -0.02004515
v -0.21319202 0.58355182 0.01022814
v -0.20148993 0.57081133 0.00758395
v -0.18828104 0.58406782 0.00027135
v -0.20056838 0.59589005 0.00159955
v -0.13176575 0.37826154 -0.03882768
v -0.13181509 0.37876755 -0.06060597
v -0.13542126 0.35971588 -0.05562745
v -0.13449825 0.35841179 -0.03275520
v -0.17048977 0.67267507 -0.04858158
v -0.16493711 0.68321514 -0.05325688
v -0.17604858 0.69204593 -0.07067858
v -0.18333670 0.68140978 -0.06306362
v -0.11537033 0.61347854 -0.02682404
v -0.10990570 0.61990309 -0.02144907
v -0.11491859 0.63169110 -0.02389679
v -0.12039457 0.62368470 -0.02793967
v -0.14309758 0.52977514 -0.09063007
v -0.13611779 0.53322595 -0.07345497
v -0.13836698 0.54980910 -0.07798683
v -0.14579058 0.54680651 -0.09301838
v -0.13314110 0.51469487 -0.06870067
v -0.14082175 0.51121169 -0.08784635
v -0.10217880 0.62406951 -0.01829653
v -0.09204525 0.62631297 -0.01613727
v -0.09706248 0.64001232 -0.02073642
v -0.10728842 0.63743293 -0.02206007
v -0.06726350 0.53205043 0.00761567
v -0.05372467 0.53653514 0.01125982
v -0.12873864 0.35690969 -0.01048140
v -0.11811972 0.35468149 0.00934184
v -0.11691311 0.37656385 0.00189651
v -0.12653193 0.37769091 -0.01736395
v -0.06714237 0.49922997 0.01038579
v -0.06615911 0.51679808 0.00850339
v -0.07877932 0.51472747 0.00120054
v -0.08113404 0.49738812 0.00241414
v -0.10371194 0.35274366 0.02644791
v -0.08769566 0.35198134 0.04156822
v -0.08748500 0.37545338 0.03392510
v -0.10340192 0.37541145 0.01913453
v -0.06094655 0.65655875 -0.02775240
v -0.04648665 0.65432876 -0.02824648
v -0.08551227 0.56220889 -0.00656261
v -0.08544123 0.54687059 -0.00569829
v -0.07754329 0.54694021 -0.00044817
v -0.07880300 0.56317019 -0.00199862
v -0.12961204 0.61039424 -0.04730281
v -0.13030860 0.62269181 -0.03532266
v -0.13925034 0.63478839 -0.03573263
v -0.13698500 0.61605752 -0.04817166
v -0.13867706 0.34020504 -0.05122390
v -0.13695699 0.33873218 -0.02766934
v -0.10478461 0.32978991 0.03071294
v -0.08826710 0.32806069 0.04593061
v -0.16969369 0.59659916 -0.09913930
v -0.16472873 0.59191310 -0.09879301
v -0.15787448 0.59545785 -0.08683874
v -0.16271083 0.60085744 -0.08915629
v -0.03109666 0.56516188 0.00925348
v -0.04218011 0.57328582 0.00772473
v -0.04858070 0.55929339 0.00969565
v -0.04006025 0.54725379 0.01176419
v -0.08686806 0.53046882 -0.00541165
v -0.08919045 0.51499104 -0.00714295
v -0.07809976 0.53036690 0.00132248
v -0.01853302 0.55476761 0.00772157
v -0.02950875 0.53093886 0.01288002
v -0.03200404 0.65172815 -0.02829871
v -0.03002409 0.63810712 -0.02096901
v -0.03382926 0.66662347 -0.03451514
v -0.01856428 0.66381335 -0.03312790
v -0.01852978 0.67921448 -0.03925317
v -0.03423268 0.68223447 -0.04146810
v -0.01790409 0.69305325 -0.04619507
v -0.03386742 0.69631600 -0.04951876
v -0.03033543 0.71336412 -0.06861643
v -0.02816189 0.72324997 -0.07094655
v -0.12349315 0.61353314 -0.03525521
v -0.11888918 0.60426390 -0.03510967
v -0.11978688 0.33259165 0.01408720
v -0.11655291 0.65701252 -0.18921003
v -0.11520045 0.64278424 -0.19266511
v -0.12953866 0.64402521 -0.18208997
v -0.13194376 0.65811563 -0.17844896
v -0.11157442 0.72397017 -0.11559480
v -0.10450417 0.71464002 -0.09247032
v -0.16505353 0.60230285 -0.14302984
v -0.16001098 0.60041428 -0.14872149
v -0.16186081 0.59389925 -0.14305788
v -0.16583496 0.59675032 -0.13873053
v -0.17492989 0.59398884 -0.11553495
v -0.17832774 0.59107703 -0.10980439
v -0.18018986 0.59291774 -0.11333013
v -0.17514235 0.59638768 -0.12023673
v -0.13095231 0.36014438 -0.07757249
v -0.12623750 0.37877116 -0.08169363
v -0.12680219 0.50125128 -0.14440939
v -0.13562697 0.49605727 -0.12552473
v -0.14170520 0.51549011 -0.12576173
v -0.13503255 0.52192175 -0.14281398
v -0.01914954 0.63747537 -0.20314024
v -0.01871269 0.62378412 -0.20465052
v -0.03960954 0.62741041 -0.20546055
v -0.04008820 0.64159095 -0.20406276
v -0.08235776 0.66557932 -0.20296475
v -0.08307092 0.67921042 -0.19899115
v -0.06032896 0.67316270 -0.20204772
v -0.06088960 0.66013032 -0.20440876
v -0.09995567 0.65493435 -0.19914745
v -0.09954030 0.64063025 -0.20138341
v -0.15036480 0.54693514 -0.10865650
v -0.14731094 0.53056264 -0.10817371
v -0.15555903 0.56693834 -0.10921092
v -0.15095434 0.56793249 -0.09554118
v -0.15258586 0.57412857 -0.09594890
v -0.15724659 0.57286066 -0.10872007
v -0.08251278 0.73903394 -0.12574276
v -0.08418257 0.74297076 -0.14454226
v -0.09537052 0.73659611 -0.14162837
v -0.05233853 0.71953815 -0.18176299
v -0.05335566 0.71323442 -0.18593231
v -0.06712034 0.71688402 -0.18026924
v -0.06240271 0.72271222 -0.17655031
v -0.04263826 0.55660057 -0.20421711
v -0.01962251 0.55681741 -0.20374171
v -0.01892217 0.53408962 -0.19944791
v -0.04399315 0.53173721 -0.19918691
v -0.16230771 0.57987928 -0.11939126
v -0.16627774 0.58432233 -0.11731058
v -0.16756865 0.58741671 -0.12583488
v -0.16285487 0.58312023 -0.12865372
v -0.15963314 0.57838219 -0.13053305
v -0.15633821 0.57210344 -0.13256064
v -0.15714027 0.56861383 -0.12137933
v -0.15974997 0.57517529 -0.12037281
v -0.14252168 0.54010391 -0.14028987
v -0.14687236 0.53424227 -0.12462542
v -0.15149759 0.54971415 -0.12350997
v -0.14878139 0.55459487 -0.13749930
v -0.01354370 0.45585188 -0.17440219
v -0.03590613 0.45228845 -0.17692982
v -0.03866104 0.47875223 -0.18551192
v -0.01536628 0.48124734 -0.18402664
v -0.15594776 0.60926723 -0.06945191
v -0.14877778 0.61417103 -0.05691691
v -0.15150303 0.60800529 -0.05301982
v -0.15997642 0.60190701 -0.06456709
v -0.19418859 0.59743655 -0.11332791
v -0.20150444 0.59382844 -0.10625841
v -0.20422259 0.59765559 -0.10654233
v -0.19657743 0.60164678 -0.11443138
v -0.17270043 0.58542132 -0.06589974
v -0.16327593 0.59133601 -0.05681919
v -0.16877253 0.57797170 -0.04635985
v -0.17833646 0.57136583 -0.05678008
v -0.12470688 0.72086835 -0.13601986
v -0.12100939 0.72329760 -0.11197048
v -0.11605026 0.72531098 -0.13755408
v -0.17893818 0.58658224 -0.09010540
v -0.18266495 0.57509321 -0.08249807
v -0.18678755 0.57299328 -0.08948028
v -0.18078357 0.58387905 -0.09721188
v -0.22959585 0.59271079 0.00626722
v -0.21605979 0.60436076 -0.00275095
v -0.19304422 0.55052364 -0.05499001
v -0.20150997 0.54661053 -0.06250657
v -0.18948409 0.56088591 -0.07283165
v -0.18468632 0.56518459 -0.06576900
v -0.11945619 0.48028985 -0.14330934
v -0.12971608 0.47682163 -0.12414465
v -0.10776392 0.35847008 -0.11455104
v -0.12105115 0.35991788 -0.09759535
v -0.11619657 0.37925085 -0.10095528
v -0.10363351 0.37860799 -0.11767253
v -0.13495497 0.34114912 -0.07428086
v -0.11114265 0.33791673 -0.10935222
v -0.12544060 0.33988860 -0.09339742
v -0.06426091 0.75648403 -0.14273599
v -0.05629215 0.75445342 -0.15587102
v -0.06406513 0.74591732 -0.15955302
v -0.07379942 0.74957538 -0.14492729
v -0.15468355 0.23220029 -0.06072934
v -0.15446948 0.20389442 -0.05702646
v -0.16240729 0.20868070 -0.02955069
v -0.15892862 0.23557830 -0.03468867
v -0.03406047 0.73493034 -0.17573418
v -0.05023537 0.74012792 -0.16849922
v -0.04372297 0.74958813 -0.16415825
v -0.03050107 0.74486089 -0.16821013
v -0.15435724 0.25797898 -0.03844137
v -0.15071160 0.25617224 -0.06435557
v -0.06546485 0.75098568 -0.12455076
v -0.07393064 0.74521309 -0.12648858
v -0.06705122 0.73594016 -0.11081676
v -0.06010471 0.74358344 -0.10965134
v -0.05314588 0.73933947 -0.09340122
v -0.16463122 0.21009877 -0.00581446
v -0.15816669 0.23299892 -0.01022724
v -0.05044165 0.76228189 -0.14994882
v -0.03895951 0.75828946 -0.15784191
v -0.02648744 0.75533068 -0.16187282
v -0.01292749 0.75536293 -0.16370907
v -0.13543786 0.32247111 -0.06999239
v -0.13854890 0.32188189 -0.04729734
v -0.11024772 0.08667672 -0.08241113
v -0.08566330 0.08070359 -0.08945020
v -0.08788709 0.06609589 -0.07047400
v -0.11549887 0.07275051 -0.06332299
v -0.02537904 0.08914199 -0.08808738
v -0.02627781 0.08089307 -0.06919081
v -0.05555261 0.06997180 -0.07282910
v -0.05733366 0.08123368 -0.09150051
v -0.02567248 0.20314005 -0.13865115
v -0.05171159 0.20350707 -0.13889414
v -0.05057565 0.22562951 -0.13625941
v -0.02623396 0.22518466 -0.13633573
v -0.11228690 0.31887418 -0.10477293
v -0.12644242 0.32088959 -0.08913147
v -0.13587758 0.32027444 -0.02486576
v -0.18406130 0.10243446 0.04437347
v -0.18199226 0.09390935 0.01200903
v -0.18492480 0.06647369 0.02097340
v -0.18896072 0.07303801 0.05160936
v -0.14734113 0.04721928 -0.02422385
v -0.14384821 0.06937927 -0.03757171
v -0.11704524 0.05802929 -0.04767343
v -0.11949865 0.03902614 -0.03550123
v -0.07151451 0.32679611 0.06012315
v -0.08794848 0.30759662 0.04691778
v -0.07095666 0.30509746 0.05994894
v -0.02071248 0.31920063 0.08285429
v -0.03919050 0.32249001 0.07973705
v -0.03649540 0.29995990 0.07687326
v -0.01962465 0.29759672 0.08066517
v -0.02866703 0.19610852 0.08602932
v -0.01682763 0.19665936 0.08732776
v -0.01657117 0.21666858 0.08239481
v -0.03069466 0.21593559 0.08036736
v -0.15301159 0.22871198 0.01587721
v -0.13851982 0.22492655 0.03901250
v -0.13287811 0.24460718 0.03025623
v -0.14724442 0.24976356 0.00945503
v -0.02638231 0.07625675 -0.05006566
v -0.05416631 0.06126431 -0.05385388
v -0.18192214 0.07953167 0.08400872
v -0.17479360 0.10819244 0.07466059
v -0.16027252 0.08418792 0.10850940
v -0.12977166 0.08418456 0.11858659
v -0.12539572 0.10999206 0.10794504
v -0.15385360 0.11057517 0.09795988
v -0.02175147 0.10676205 0.08089784
v -0.03178114 0.13281441 0.09403183
v -0.03959389 0.12337318 0.08892266
v -0.02578782 0.10473517 0.07402106
v -0.02634691 0.11869708 -0.11747792
v -0.02624761 0.10282663 -0.10577573
v -0.05521925 0.09622374 -0.10651036
v -0.05397714 0.11408669 -0.11942906
v -0.09399790 0.33567396 -0.12035644
v -0.09510586 0.31567091 -0.11556091
v -0.07582875 0.33333981 -0.12670189
v -0.09199786 0.35610920 -0.12569830
v -0.07419182 0.35495430 -0.13260086
v -0.08764157 0.49392602 -0.17439191
v -0.10547678 0.48550361 -0.16092348
v -0.11311653 0.50718576 -0.16233340
v -0.09618115 0.51694667 -0.17712626
v -0.06068195 0.63274723 -0.20657463
v -0.06099527 0.64686620 -0.20540887
v -0.08717047 0.03833422 -0.03872204
v -0.05138710 0.04767427 -0.03240393
v -0.06727515 0.01930258 -0.01800302
v -0.09669409 0.01588425 -0.02592097
v -0.15112177 0.02186212 -0.01169796
v -0.17196926 0.03007209 0.00485273
v -0.16968822 0.05715704 -0.00654081
v -0.18764141 0.03823644 0.03128912
v -0.19355856 0.04500413 0.06300583
v -0.16282031 0.05600730 0.11985799
v -0.13195735 0.05751577 0.12860261
v -0.04874095 0.06768325 0.08043499
v -0.07033098 0.07326871 0.09737223
v -0.07445090 0.04993096 0.10329090
v -0.05332760 0.04553896 0.08380238
v -0.06671919 0.18910083 0.07970917
v -0.09529414 0.20547056 0.06670985
v -0.10225897 0.18780872 0.07365942
v -0.07848477 0.17076305 0.08487222
v -0.02508698 0.34538686 0.08185682
v -0.04027898 0.35002363 0.07728562
v -0.05487944 0.32556450 0.07214940
v -0.05505986 0.35193402 0.06922696
v -0.07122828 0.35206524 0.05639903
v -0.03428320 0.44275117 0.04513243
v -0.05293332 0.44105038 0.03743421
v -0.05257034 0.42106345 0.04405591
v -0.03443318 0.42218459 0.05265334
v -0.03402093 0.46383059 0.03670548
v -0.05332500 0.46205097 0.03011582
v -0.03136972 0.50608701 0.01928965
v -0.04999850 0.52116573 0.01279925
v -0.05050949 0.50254923 0.01617247
v -0.01752997 0.64904243 -0.02736760
v -0.01606795 0.63542265 -0.02075614
v -0.15899423 0.20730332 0.02230274
v -0.03313388 0.05220175 -0.00545783
v -0.02460258 0.05286440 0.01950368
v -0.03517994 0.02838302 0.02315716
v -0.04617259 0.02409852 0.00047213
v -0.15307134 0.25530395 -0.01416271
v -0.13109955 0.33593541 -0.00517307
v -0.12943619 0.31678909 -0.00357043
v -0.11821995 0.50364286 -0.03947816
v -0.11972689 0.47881222 -0.03946408
v -0.05256179 0.57857329 0.00480847
v -0.05448788 0.56804895 0.00698880
v -0.16746140 0.08235672 -0.01868179
v -0.16496977 0.02889454 0.13007528
v -0.16483477 0.00133044 0.13947198
v -0.13576782 0.00284815 0.14629254
v -0.13377397 0.03034818 0.13739410
v -0.04960629 0.01399046 0.07009823
v -0.06064733 0.01964816 0.08839401
v -0.06896494 -0.00631490 0.09538436
v -0.06026553 -0.01338422 0.07625348
v -0.07061428 -0.03865963 0.08493023
v -0.07804403 -0.03335023 0.10526067
v -0.08406400 -0.05961645 0.11331094
v -0.07811630 -0.06421676 0.09356473
v -0.18634808 0.05095932 0.09551394
v -0.19859868 -0.00781232 0.08960125
v -0.18922448 -0.00330967 0.11840347
v -0.18857488 0.02339429 0.10697970
v -0.19677472 0.01841918 0.07642595
v -0.12568450 0.01662350 -0.02261181
v -0.03960611 0.03836721 0.06549094
v -0.03332268 0.06073770 0.06387268
v -0.06093210 -0.02547875 0.03866048
v -0.07227872 -0.02956086 0.02065910
v -0.05835687 -0.00364017 0.00880982
v -0.04742395 0.00150278 0.03026284
v -0.16064098 -0.02290392 0.01604630
v -0.17813241 -0.01685405 0.03379346
v -0.17540070 0.00694451 0.01928179
v -0.15597254 -0.00012937 0.00201438
v -0.19027454 0.01319739 0.04517627
v -0.19203681 -0.01188147 0.05932173
v -0.19793046 -0.05830112 0.11408097
v -0.18563221 -0.05512208 0.13991219
v -0.18772668 -0.02975735 0.12904376
v -0.19912362 -0.03334469 0.10228962
v -0.19355762 -0.06048661 0.08639419
v -0.19241069 -0.03611678 0.07317530
v -0.18017891 -0.03963864 0.04863569
v -0.18289405 -0.06269503 0.06244627
v -0.16750669 -0.06580409 0.04590543
v -0.16421348 -0.04351377 0.03089744
v -0.14452542 -0.04843119 0.02030094
v -0.14976586 -0.06927121 0.03494492
v -0.12299364 -0.05149257 0.01740479
v -0.10228758 -0.05128616 0.02314034
v -0.11273992 -0.07191643 0.03665894
v -0.13106725 -0.07215369 0.03192945
v -0.08490652 -0.07027781 0.06006064
v -0.09591082 -0.07191923 0.04614121
v -0.08500860 -0.05094391 0.03432320
v -0.07407710 -0.04827726 0.04989384
v -0.11820523 -0.16123757 0.08804443
v -0.12971739 -0.15903521 0.08012774
v -0.12153032 -0.13542786 0.07305331
v -0.10909582 -0.13743070 0.08148393
v -0.14283337 -0.15725484 0.07310696
v -0.15767089 -0.15402144 0.07112676
v -0.14971980 -0.13152140 0.06498175
v -0.13475782 -0.13368326 0.06752790
v -0.17995177 -0.12806755 0.07776424
v -0.16553332 -0.12991527 0.06827880
v -0.17317861 -0.15157619 0.07449251
v -0.18749547 -0.14937562 0.08294113
v -0.20149240 -0.14669234 0.09752263
v -0.19554633 -0.12515607 0.09207791
v -0.20551111 -0.14622137 0.12095784
v -0.20200810 -0.12453383 0.11491908
v -0.19782659 -0.12501538 0.14293399
v -0.20221554 -0.14620018 0.14897886
v -0.09907865 -0.13775194 0.12515149
v -0.10643083 -0.16299361 0.12888132
v -0.10402168 -0.16401267 0.11218084
v -0.09532891 -0.13944548 0.10880075
v -0.12542872 -0.13039151 0.15948516
v -0.14240825 -0.12578481 0.18424577
v -0.14607143 -0.15073675 0.18014365
v -0.13065000 -0.15729773 0.16103452
v -0.19506022 -0.08243248 0.09778848
v -0.19611633 -0.08142626 0.12469663
v -0.17115630 -0.08636928 0.05917718
v -0.18604721 -0.08386910 0.07474351
v -0.09376379 -0.09196708 0.06846587
v -0.10582688 -0.09246445 0.05686824
v -0.08910166 -0.08598512 0.11955824
v -0.08461230 -0.08904386 0.10062883
v -0.16811681 -0.09942025 0.18244003
v -0.16518977 -0.07630846 0.17011201
v -0.18556122 -0.07918987 0.15208808
v -0.18940836 -0.10101295 0.16486134
v -0.19863418 -0.10340911 0.10754913
v -0.19030848 -0.10438079 0.08419399
v -0.17507690 -0.10675570 0.06963404
v -0.15976873 -0.10887772 0.05937710
v -0.14381212 -0.11072928 0.05691231
v -0.12876819 -0.11217293 0.06005655
v -0.11457556 -0.11315590 0.06588433
v -0.10185187 -0.11381772 0.07528426
v -0.08939970 -0.11383745 0.10524250
v -0.09371656 -0.11275148 0.12263115
v -0.17163238 -0.14674345 0.18748413
v -0.17009564 -0.12312657 0.18959339
v -0.19325511 -0.12283301 0.17276216
v -0.19475235 -0.14491588 0.17487352
v -0.17414448 -0.16915753 0.17960024
v -0.15453592 -0.17278147 0.17339794
v -0.15091294 -0.17645022 0.07595109
v -0.16590242 -0.17356750 0.07334287
v -0.18181424 -0.17078447 0.07611196
v -0.20919313 -0.16731852 0.10103927
v -0.21037336 -0.16930276 0.12684020
v -0.20525521 -0.17053121 0.15334311
v -0.19371916 -0.16770956 0.17278057
v -0.12290017 -0.20697543 0.11676125
v -0.11444877 -0.18474180 0.11598832
v -0.11748538 -0.18451291 0.13146558
v -0.12726888 -0.20635876 0.13096866
v -0.13272676 -0.20462126 0.08964844
v -0.14207327 -0.20184895 0.07771805
v -0.13760298 -0.18002909 0.08302161
v -0.12762797 -0.18189493 0.09288026
v -0.15774283 -0.19866997 0.07058614
v -0.17420273 -0.19582880 0.06861533
v -0.19048610 -0.19286078 0.07207817
v -0.21718243 -0.19188222 0.10271071
v -0.19740143 -0.16834247 0.08467491
v -0.20649728 -0.19152942 0.08244561
v -0.21665275 -0.19505215 0.13191012
v -0.20957856 -0.22625232 0.15748656
v -0.20541236 -0.19835550 0.15901081
v -0.22452946 -0.22181511 0.13335659
v -0.19503419 -0.31900626 0.15913314
v -0.21822622 -0.31616837 0.15212730
v -0.21664168 -0.34801030 0.14934510
v -0.19648264 -0.35072583 0.15544900
v -0.13130338 -0.23150378 0.13022202
v -0.12610599 -0.23255274 0.11536370
v -0.13471273 -0.23032504 0.08457219
v -0.14648153 -0.22713411 0.07180852
v -0.23267871 -0.24711454 0.09950192
v -0.22537865 -0.21835634 0.10277379
v -0.21531962 -0.21749637 0.07986102
v -0.22243123 -0.24581537 0.07613744
v -0.13313001 -0.32064772 0.13002712
v -0.12807381 -0.32200345 0.11264122
v -0.12435968 -0.29104990 0.11302190
v -0.12905401 -0.29008016 0.13101715
v -0.14677164 -0.25531402 0.06746196
v -0.13399297 -0.25869989 0.08155974
v -0.13523817 -0.28851900 0.07996063
v -0.14844793 -0.28564000 0.06601677
v -0.23563582 -0.31057122 0.09889640
v -0.23610899 -0.27827281 0.09792300
v -0.22597167 -0.27685693 0.07511677
v -0.22608322 -0.31002295 0.07748353
v -0.21457303 -0.25453496 0.15656230
v -0.23082848 -0.25025994 0.12988295
v -0.23319595 -0.28038070 0.12805775
v -0.21877815 -0.28474241 0.15344772
v -0.18964791 -0.25755548 0.16303778
v -0.19316427 -0.28731781 0.16170545
v -0.14925243 -0.38513917 0.11400512
v -0.13779493 -0.35306248 0.11288072
v -0.14266008 -0.35310000 0.12848921
v -0.15258472 -0.38635644 0.12712255
v -0.15295514 -0.31782314 0.06743427
v -0.13839357 -0.32038265 0.08042047
v -0.14774740 -0.35177124 0.08500235
v -0.15997341 -0.35029855 0.07357362
v -0.22968590 -0.38068840 0.10551669
v -0.23278984 -0.34483215 0.10189996
v -0.22388162 -0.34526044 0.08249849
v -0.22144534 -0.38076702 0.08806508
v -0.21558133 -0.38210630 0.14619169
v -0.23042853 -0.34537461 0.12771335
v -0.22866195 -0.38078845 0.12811355
v -0.21520683 -0.41518784 0.14759682
v -0.20014909 -0.41683286 0.15233563
v -0.19781122 -0.38409942 0.15211368
v -0.16285071 -0.41764012 0.12677911
v -0.15808430 -0.41701412 0.11529940
v -0.16126952 -0.41688097 0.09514200
v -0.16965966 -0.41499963 0.08576145
v -0.16603857 -0.38273597 0.08062949
v -0.15623222 -0.38430151 0.09065901
v -0.19567271 -0.38230681 0.07310972
v -0.18020681 -0.38213545 0.07411414
v -0.18279053 -0.41436553 0.08035233
v -0.19663793 -0.41485289 0.07997877
v -0.21824639 -0.41341004 0.09374681
v -0.20954880 -0.38139743 0.07739504
v -0.20871410 -0.41369683 0.08402660
v -0.22620302 -0.41261950 0.10976329
v -0.22645658 -0.41399607 0.13138063
v -0.01474901 0.08046016 0.00528868
v -0.01671583 0.08270562 0.02821280
v -0.01963402 0.07219633 0.02114102
v -0.01999277 0.07208326 -0.00508267
v -0.08673909 -0.00167632 0.11805925
v -0.08025825 0.02521235 0.10909240
v -0.09691919 -0.05627584 0.13496953
v -0.09297657 -0.02960911 0.12798648
v -0.10012866 -0.08293673 0.13975342
v -0.10491993 -0.10937077 0.14124158
v -0.10935915 -0.13638777 0.14212456
v -0.11726180 -0.16181108 0.14538747
v -0.12764834 -0.18367508 0.14675973
v -0.13886574 -0.20584998 0.14555481
v -0.14634238 -0.25793692 0.14328493
v -0.13039850 -0.25980216 0.13099863
v -0.14587772 -0.23072264 0.14258131
v -0.14930826 -0.31957692 0.14545453
v -0.14672154 -0.28769165 0.14558861
v -0.15599883 -0.35282525 0.14266619
v -0.16405027 -0.38704628 0.13922022
v -0.17311004 -0.41824466 0.13792434
v -0.09169976 0.12454781 0.09529100
v -0.06571289 0.11252439 0.08843920
v -0.06412649 0.12593842 0.08665317
v -0.08853491 0.14102796 0.08860439
v -0.01383724 0.09084767 0.05942927
v -0.01656128 0.09522411 0.06838717
v -0.01915280 0.09592214 0.06215293
v -0.01496388 0.09222013 0.05168893
v -0.19530267 -0.10337588 0.13537258
v -0.15502346 -0.08889186 0.04917412
v -0.13765582 -0.09092972 0.04686140
v -0.12160835 -0.09155911 0.04968017
v -0.12081661 -0.10675997 0.16337541
v -0.11777349 -0.08016643 0.15998812
v -0.13941735 -0.07734576 0.17292766
v -0.14132386 -0.10182053 0.17987588
v -0.18647441 -0.23213780 0.16431203
v -0.16729283 -0.25788060 0.15298074
v -0.16442792 -0.23134542 0.15559058
v -0.18356527 -0.20866710 0.16874143
v -0.18106851 -0.22046414 0.06185653
v -0.19929804 -0.21798751 0.06616865
v -0.16499904 -0.25147444 0.05850171
v -0.18525159 -0.24825519 0.05550860
v -0.16136059 -0.22374421 0.06486769
v -0.11261206 -0.02689654 0.14740397
v -0.13763258 -0.02481499 0.15529373
v -0.13791077 -0.05118757 0.16319512
v -0.11452012 -0.05343792 0.15442900
v -0.11446951 0.39695016 -0.10597683
v -0.10258099 0.39717728 -0.12269188
v -0.10201219 0.53935587 -0.02069703
v -0.10870813 0.52409083 -0.02755957
v -0.09951418 0.51777661 -0.01659279
v -0.09500645 0.53324437 -0.01294442
v -0.11511932 0.53520525 -0.03636363
v -0.10758561 0.54875821 -0.02812906
v -0.11170468 0.56105334 -0.03564492
v -0.11886864 0.54920006 -0.04426458
v -0.13174964 0.60085434 -0.06166903
v -0.13661891 0.60615617 -0.06340622
v -0.03285265 0.48450410 0.02802282
v -0.01199563 0.48309770 0.03046636
v -0.01114907 0.50401735 0.02089085
v -0.05394031 0.30253983 0.07005033
v -0.06764501 0.21922174 0.07102009
v -0.04345044 0.19326082 0.08483288
v -0.04674090 0.21717665 0.07688188
v -0.01564812 0.12834510 0.09365319
v -0.05724942 0.44907522 -0.17215183
v -0.06096035 0.47544885 -0.17928359
v -0.03994264 0.65452945 -0.20263748
v -0.01933554 0.65025103 -0.20127940
v -0.03788374 0.67889291 -0.19845839
v -0.03718563 0.69000715 -0.19553438
v -0.01830580 0.68532836 -0.19496575
v -0.01870884 0.67406416 -0.19753245
v -0.01500893 0.74377811 -0.17107688
v -0.01763577 0.73234415 -0.17781256
v -0.01178089 0.08926156 0.03987408
v -0.01554134 0.09180605 0.04491937
v -0.01202936 0.08810845 0.03080750
v -0.04563687 0.08687252 0.07855488
v -0.03092808 0.07935154 0.06294793
v -0.02968917 0.09251961 0.06346469
v -0.04453344 0.10166439 0.07746993
v -0.17838982 0.13052464 0.03818336
v -0.17857538 0.12483969 0.00345072
v -0.08671463 0.05467597 -0.05365402
v -0.23138016 0.52057862 -0.03558435
v -0.24245003 0.51964039 -0.03993589
v -0.22734839 0.53344631 -0.05591293
v -0.21615735 0.53371131 -0.05052958
v -0.06777912 0.56040686 -0.20066461
v -0.07413949 0.53315449 -0.19040816
v -0.07371076 0.72891092 -0.10951572
v -0.14049821 0.71765268 -0.10185253
v -0.13350539 0.71197414 -0.07810872
v -0.12404450 0.71384788 -0.08390496
v -0.13056622 0.72088683 -0.10750087
v -0.14775456 0.67316544 -0.16372523
v -0.14839259 0.68690252 -0.15496904
v -0.13680333 0.68820322 -0.16370800
v -0.13480616 0.67307806 -0.17275944
v -0.02554766 0.18033275 -0.13797469
v -0.05189262 0.18001294 -0.13995740
v -0.03415457 0.37835589 -0.14975555
v -0.05423224 0.37667653 -0.14749637
v -0.05316291 0.39902300 -0.15634537
v -0.03272001 0.40225548 -0.15826207
v -0.09850904 0.55142319 -0.18791610
v -0.11150685 0.53735471 -0.17517366
v -0.01456432 0.57641625 0.00194034
v -0.01386734 0.59273714 -0.00380723
v -0.02709868 0.59690142 -0.00206215
v -0.02736304 0.58236897 0.00364233
v -0.22966547 0.56427056 -0.07964975
v -0.21122617 0.57189751 -0.09134492
v -0.20520875 0.56512791 -0.08612867
v -0.22277938 0.55210072 -0.07455936
v -0.16272274 0.11417010 -0.03215040
v -0.14117324 0.08866185 -0.05254798
v -0.12784062 0.43586549 -0.09779645
v -0.11934970 0.43700254 -0.11780276
v -0.11647172 0.41637859 -0.11280303
v -0.12583378 0.41551080 -0.09325154
v -0.14000754 0.49278006 -0.10603957
v -0.13528089 0.47454175 -0.10394540
v -0.14373383 0.51178086 -0.10711227
v -0.17048527 0.59281868 -0.11702389
v -0.16812354 0.59115821 -0.10936791
v -0.17222717 0.59440392 -0.10834614
v -0.06804800 0.09420356 0.09220073
v -0.05862589 0.14847916 0.09258814
v -0.04929798 0.16029209 0.09285741
v -0.01102102 0.08890665 0.04801334
v -0.05509150 0.75238425 -0.10510942
v -0.05205342 0.74947095 -0.08851863
v -0.17601940 0.59188384 -0.08250862
v -0.17935368 0.57939291 -0.07470562
v -0.15573812 0.57987350 -0.09642240
v -0.14779389 0.58455372 -0.08445789
v -0.15254343 0.58825368 -0.08475820
v -0.15972783 0.58409107 -0.09719288
v -0.16427398 0.58341169 -0.10784809
v -0.16027203 0.57830387 -0.10852684
v -0.11200242 0.64999807 -0.02701953
v -0.10209432 0.65428698 -0.02691653
v -0.10728793 0.66771746 -0.03466519
v -0.11680526 0.66394651 -0.03368740
v -0.08965974 0.65661889 -0.02653475
v -0.07552949 0.65737486 -0.02700475
v -0.08105200 0.67367077 -0.03533950
v -0.09509848 0.67165828 -0.03488912
v -0.06991082 0.71610379 -0.08419582
v -0.05202153 0.71171349 -0.06904195
v -0.03282942 0.70642108 -0.06017746
v -0.01740693 0.70287168 -0.05421136
v -0.01804703 0.72036523 -0.18425554
v -0.01901546 0.70744401 -0.18823643
v -0.03837651 0.71068311 -0.18764803
v -0.04014333 0.72317278 -0.18226592
v -0.04314662 0.73696852 -0.07876429
v -0.02857722 0.73405182 -0.06777078
v -0.01619451 0.72101796 -0.06136206
v -0.24693406 0.59556669 -0.00184181
v -0.23260491 0.60730606 -0.01146191
v -0.05717259 0.76299751 -0.13670455
v -0.05807149 0.75832033 -0.12034382
v -0.24664450 0.60476917 -0.02293605
v -0.26121724 0.59249926 -0.01281790
v -0.10915717 0.70089781 -0.06697626
v -0.11458527 0.71438044 -0.08855469
v -0.11868406 0.70008129 -0.06377212
v -0.04183406 0.74624681 -0.07444488
v -0.02863267 0.74391669 -0.06321826
v -0.17346725 0.15453205 0.00217087
v -0.17284128 0.15633231 0.03373355
v -0.12519462 0.39702243 -0.02408336
v -0.12991393 0.39731905 -0.04468866
v -0.01433116 0.44142625 0.04960017
v -0.01495541 0.42160860 0.05711672
v -0.00690375 0.75029385 -0.04510662
v -0.03783133 0.37751392 0.07031783
v -0.01945285 0.37248063 0.07483112
v -0.01744267 0.39950648 0.06537740
v -0.03595717 0.40132540 0.06059211
v -0.01333563 0.34267944 0.08108874
v -0.01183917 0.32908249 0.08239971
v -0.02563043 0.17811826 0.09218530
v -0.01584673 0.17922512 0.09391327
v -0.17416225 0.62836999 -0.02915207
v -0.16841067 0.63879627 -0.03591529
v -0.17972341 0.65090132 -0.03951447
v -0.18726039 0.63884073 -0.03309348
v -0.05460557 0.37848377 0.06105407
v -0.07120097 0.37703344 0.04812332
v -0.12466179 0.60262012 -0.04706407
v -0.12833609 0.59366685 -0.06038427
v -0.00909482 0.52650136 0.01124687
v -0.03989659 0.58706576 0.00284722
v -0.03969061 0.60028887 -0.00184265
v -0.05205879 0.60256648 -0.00259467
v -0.05172105 0.59054017 0.00131083
v -0.00872430 0.09054008 0.03798497
v -0.21225235 0.62347984 -0.10558505
v -0.20566249 0.62916607 -0.11640399
v -0.20387289 0.62116045 -0.11720449
v -0.21123517 0.61631125 -0.10620202
v -0.02279688 0.07427990 0.04399364
v -0.02642087 0.05696169 0.04295135
v -0.02308176 0.07569572 -0.02864878
v -0.01049588 0.08005551 -0.01219539
v -0.10192223 0.05398297 0.12007035
v -0.09842729 0.07942978 0.11221334
v -0.10550317 0.02805334 0.12880540
v -0.10964740 0.00050792 0.13847795
v -0.14201638 -0.18055740 0.16006961
v -0.15766777 -0.20384145 0.16076376
v -0.16976780 -0.28745723 0.15212512
v -0.17281389 -0.31895268 0.15119052
v -0.17640431 -0.35237676 0.14868468
v -0.18132362 -0.38633072 0.14620021
v -0.18566729 -0.41830623 0.14756534
v -0.27070782 0.58354700 -0.02289025
v -0.25701135 0.59676039 -0.03615241
v -0.26135269 0.58365148 -0.04500906
v -0.27592760 0.57012099 -0.03050110
v -0.18659157 0.55786633 -0.04713604
v -0.17836356 0.56509578 -0.03700693
v -0.19081056 0.55214304 -0.02722055
v -0.19804798 0.54453492 -0.03639488
v -0.21173003 0.53128517 -0.02469179
v -0.22099413 0.52456093 -0.03065142
v -0.20598425 0.53780234 -0.04431127
v -0.25449073 0.52513897 -0.04264350
v -0.26419863 0.53440720 -0.04220006
v -0.24880463 0.54822969 -0.06027409
v -0.23910490 0.53839624 -0.05879542
v -0.27533290 0.55686480 -0.03568500
v -0.26180395 0.57082349 -0.05140772
v -0.25810573 0.55935466 -0.05670328
v -0.27171338 0.54460204 -0.03948757
v -0.19534244 0.55813587 0.00104001
v -0.19682392 0.54768503 -0.00821657
v -0.18295063 0.56017560 -0.01586017
v -0.18237288 0.57124746 -0.00639881
v -0.19429189 0.65830022 -0.04911622
v -0.20118433 0.64437044 -0.04173946
v -0.13974525 0.62229812 -0.05193831
v -0.14022358 0.63339567 -0.04176037
v -0.14241558 0.62922168 -0.04469506
v -0.14314979 0.62180638 -0.05718656
v -0.20381564 0.61547482 -0.01371035
v -0.19475305 0.62689322 -0.02399641
v -0.20936230 0.63063508 -0.03270651
v -0.21974304 0.61837840 -0.02217619
v -0.17086668 0.58434105 -0.01583177
v -0.17130639 0.57327557 -0.02547073
v -0.16166586 0.58639491 -0.03592719
v -0.16098478 0.59665054 -0.02591594
v -0.21176822 0.54724306 -0.06964599
v -0.19677728 0.56094831 -0.08000606
v -0.15763621 0.62597787 -0.03590649
v -0.16328183 0.61651820 -0.02899446
v -0.12137261 0.59372604 -0.04684673
v -0.14269561 0.57196534 -0.08220974
v -0.14475377 0.57919538 -0.08337993
v -0.09176992 0.54834640 -0.01121106
v -0.09116438 0.56186056 -0.01121418
v -0.12763621 0.53979307 -0.05744375
v -0.12988397 0.55510157 -0.06370673
v -0.09753989 0.55287361 -0.01706831
v -0.09536161 0.56150657 -0.01521674
v -0.06823350 0.48035410 0.01398424
v -0.01638065 0.71133733 -0.06028947
v -0.18059847 0.61816216 -0.01974538
v -0.16798671 0.60776645 -0.02029112
v -0.19741160 0.58027333 -0.09909977
v -0.18681771 0.58730775 -0.10621409
v -0.18352933 0.58411783 -0.10264613
v -0.19233865 0.57548362 -0.09486008
v -0.13159046 0.57836074 -0.17387661
v -0.11643723 0.56573892 -0.18206452
v -0.12535681 0.55481166 -0.16937822
v -0.13803156 0.56922531 -0.16256888
v -0.21685031 0.63407832 -0.09660886
v -0.21912910 0.63794869 -0.08628750
v -0.21240179 0.65019566 -0.09674944
v -0.21058890 0.64328706 -0.10654083
v -0.21209341 0.65680712 -0.08326998
v -0.21827732 0.64248139 -0.07227756
v -0.21282732 0.64475238 -0.05635263
v -0.20607084 0.65996289 -0.06578499
v -0.15197137 0.17645103 -0.05491176
v -0.16278537 0.18045148 -0.02899297
v -0.11886053 0.31305683 0.01539782
v -0.10427932 0.30970532 0.03176335
v -0.08984344 0.22687230 0.05885563
v -0.04162282 0.11752182 0.08360606
v -0.02675509 0.10269693 0.06935978
v -0.03375886 0.03355259 0.04577775
v -0.16978778 0.18202576 -0.00087680
v -0.04506687 0.00793251 0.05138969
v -0.05762635 -0.01883686 0.05816185
v -0.09176785 -0.03104311 0.00822367
v -0.11484365 -0.03079158 0.00282118
v -0.10656457 -0.00862548 -0.01116748
v -0.08059921 -0.00754020 -0.00551495
v -0.13869338 -0.02808738 0.00617936
v -0.13267404 -0.00712699 -0.00825527
v -0.16379425 -0.05163947 0.15768746
v -0.16685301 -0.28270593 0.05606958
v -0.19004440 -0.31307808 0.05667713
v -0.18769394 -0.27922657 0.05342264
v -0.17063624 -0.31566340 0.05886804
v -0.20810594 -0.27715015 0.06007511
v -0.20489213 -0.24628204 0.06124856
v -0.23254955 -0.31196722 0.12798370
v -0.17547609 -0.34868652 0.06592683
v -0.19304708 -0.34757420 0.06518368
v -0.20954654 -0.31087506 0.06387596
v -0.20995770 -0.34602168 0.07110801
v -0.02155229 0.08578533 0.04742787
v -0.16746965 0.13493088 0.06755185
v -0.16067979 0.15868506 0.06108205
v -0.10852569 0.16997406 0.08018039
v -0.08438634 0.15565625 0.08606453
v -0.08699352 0.39628068 0.02592660
v -0.10263464 0.39563966 0.01187594
v -0.10066248 0.43628001 0.00028316
v -0.11284710 0.43604478 -0.01558031
v -0.11406584 0.41579741 -0.01109114
v -0.10140385 0.41539118 0.00555271
v -0.12926632 0.43571985 -0.05408984
v -0.13116744 0.43543005 -0.07632048
v -0.12997192 0.41574708 -0.07169498
v -0.12920573 0.41630256 -0.04975016
v -0.12971063 0.39696169 -0.06558354
v -0.12446795 0.39642662 -0.08654293
v -0.07360953 0.42098832 -0.15628941
v -0.09026426 0.41943961 -0.14425132
v -0.09267640 0.44217053 -0.15019190
v -0.07606926 0.44538307 -0.16248518
v -0.03681536 0.17190894 0.09168864
v -0.01935046 0.09579617 0.05703934
v -0.09480371 0.10426918 0.10399940
v -0.11882345 0.13323143 0.09797901
v -0.14729530 0.13544732 0.08869116
v -0.16942340 0.59748363 -0.07395659
v -0.15575333 0.59795094 -0.15347514
v -0.15762916 0.59002101 -0.14701743
v -0.22676975 0.62582129 -0.06212568
v -0.22132406 0.62868780 -0.04614976
v -0.15466930 0.60647863 -0.03457552
v -0.17407997 0.66182864 -0.04407647
v -0.16104856 0.64923197 -0.03951950
v -0.15840839 0.65792668 -0.04089193
v -0.11887979 0.21685147 0.05542012
v -0.14644477 0.20337319 0.04672576
v -0.12681052 0.19751406 0.06235959
v -0.00806732 0.08364832 0.00472763
v -0.06237909 0.13696122 0.08857487
v -0.06897071 -0.04359093 0.06739174
v -0.07849827 -0.06798178 0.07634293
v -0.08636989 -0.09113866 0.08334363
v -0.09311753 -0.11462885 0.08922692
v -0.09966575 -0.13903496 0.09351088
v -0.10893399 -0.16282108 0.09798259
v -0.11890125 -0.18326777 0.10262945
v -0.12600757 -0.20617038 0.10227565
v -0.12447511 -0.26067823 0.11389267
v -0.12675340 -0.26025340 0.09671366
v -0.12744515 -0.23178005 0.09910211
v -0.12789440 -0.29031667 0.09533669
v -0.13038243 -0.32171112 0.09546005
v -0.14084859 -0.35250989 0.09776224
v -0.15149647 -0.38419080 0.10140778
v -0.15830775 -0.41671696 0.10491201
v -0.00880013 0.08714384 0.03095531
v -0.00831940 0.08610278 0.01906329
v -0.09775645 0.70092201 -0.06986381
v -0.13897738 0.59222829 -0.07313177
v -0.14393115 0.59626603 -0.07429843
v -0.14976138 0.61585039 -0.04145847
v -0.24638754 0.58336592 -0.06571136
v -0.24546081 0.59567589 -0.06007062
v -0.15538663 0.59875971 -0.04601596
v -0.14340630 0.61233354 -0.06382291
v -0.14845455 0.61620915 -0.06764303
v -0.25914800 0.62760365 0.04276951
v -0.26408440 0.62284815 0.05579251
v -0.25194705 0.63543487 0.05992171
v -0.24670871 0.63806731 0.04756439
v -0.24907497 0.62652683 0.03156187
v -0.23785405 0.63628328 0.03753409
v -0.20231093 0.58262348 0.04596193
v -0.20908016 0.59069335 0.03549441
v -0.20064619 0.60348105 0.04317306
v -0.19489354 0.59621447 0.05417338
v -0.21664515 0.64038378 0.03734004
v -0.20785588 0.63244450 0.03800131
v -0.21721196 0.62101072 0.03152960
v -0.22725171 0.62982738 0.03185156
v -0.20788255 0.57327157 0.07399870
v -0.21807072 0.57450843 0.08366172
v -0.22504073 0.55811334 0.07684214
v -0.21396142 0.55807143 0.06684542
v -0.23300959 0.53680986 0.01245029
v -0.23119350 0.52538764 0.02172597
v -0.23779751 0.51872575 0.01630667
v -0.23887296 0.53130639 0.00968252
v -0.28039384 0.60576451 0.03102287
v -0.28519955 0.59720379 0.04423316
v -0.27576146 0.61012149 0.05078635
v -0.27058354 0.61708927 0.03716522
v -0.24360043 0.59147185 0.00897937
v -0.23234916 0.57863247 0.01170228
v -0.23975983 0.56924641 0.00477597
v -0.25068209 0.58252811 0.00157242
v -0.28984091 0.59311604 0.02464746
v -0.29341656 0.58314824 0.03617515
v -0.22667839 0.61092305 0.02383177
v -0.21700639 0.60004103 0.02829509
v -0.22452304 0.58918965 0.01963034
v -0.23490460 0.60106695 0.01560125
v -0.19477509 0.60515738 0.08526082
v -0.20363745 0.60712814 0.09302393
v -0.21111503 0.59115267 0.08873394
v -0.20140779 0.58963311 0.08013938
v -0.19993085 0.62420696 0.04268301
v -0.19261122 0.61678040 0.05025356
v -0.20866372 0.61187220 0.03597040
v -0.23723075 0.63567615 0.08551934
v -0.24042922 0.64312857 0.07543442
v -0.25277710 0.62898195 0.07186431
v -0.24913931 0.62024820 0.08217406
v -0.21766490 0.55677634 0.02808235
v -0.22338703 0.56657302 0.01830547
v -0.21646845 0.57858306 0.02710470
v -0.21020629 0.56950986 0.03714558
v -0.27002066 0.60814762 0.01797398
v -0.26007849 0.61766243 0.02484076
v -0.26030949 0.60478377 0.07772596
v -0.26434025 0.61453986 0.06773355
v -0.27483833 0.60010946 0.06237148
v -0.27032852 0.58891857 0.07234380
v -0.27104735 0.56087053 0.07416423
v -0.25923237 0.55125844 0.07796610
v -0.25111586 0.56885886 0.08416255
v -0.26213226 0.57802659 0.08038046
v -0.22464654 0.54483563 0.01884919
v -0.22321497 0.53569221 0.03098316
v -0.22113344 0.54360926 0.05730788
v -0.23182052 0.54182655 0.06879616
v -0.23879513 0.52568704 0.05813863
v -0.22782645 0.52851117 0.04554656
v -0.28428274 0.57941687 -0.00263217
v -0.29908305 0.58001757 0.00295074
v -0.29056567 0.58896011 0.00541015
v -0.27458212 0.58620948 -0.00264543
v -0.29875472 0.58158255 0.01722332
v -0.30595604 0.57040274 0.01179095
v -0.30875874 0.54493713 0.01000278
v -0.30709070 0.53174949 0.01099078
v -0.30967203 0.53496504 0.01819445
v -0.30968225 0.54843712 0.01427332
v -0.28747654 0.52476680 0.06002343
v -0.27499142 0.51280242 0.06141402
v -0.26689246 0.53246373 0.07067772
v -0.27912697 0.54285693 0.06795995
v -0.26109728 0.49390787 0.04241455
v -0.24951299 0.50027120 0.03394382
v -0.24510911 0.51109648 0.04594472
v -0.25897250 0.50904262 0.05491754
v -0.24469900 0.50011873 -0.00562331
v -0.23531768 0.50692421 -0.00175568
v -0.24316706 0.49862826 0.00886036
v -0.25322914 0.49087095 0.00698948
v -0.23012841 0.51931769 0.01335771
v -0.22103539 0.52620667 0.00743437
v -0.22089650 0.53729832 0.01288532
v -0.23067258 0.53155142 0.01713401
v -0.27317122 0.57675147 0.01176701
v -0.28797337 0.57362270 0.00149398
v -0.29507408 0.57038009 0.00662845
v -0.28117827 0.57230151 0.01162219
v -0.29402855 0.50965261 0.05027279
v -0.27853742 0.49339026 0.05002631
v -0.23818000 0.51508957 0.01531258
v -0.23890221 0.52745616 0.01673473
v -0.24199560 0.52693427 0.01183936
v -0.24079490 0.51488012 0.01440741
v -0.25489211 0.55285132 0.01781170
v -0.27192965 0.56231421 0.01260614
v -0.27377266 0.56510144 0.00419903
v -0.25926244 0.55330998 0.00815338
v -0.28855276 0.57049918 0.00936267
v -0.30285597 0.56868297 0.00876664
v -0.30439454 0.57249188 0.00484781
v -0.29020214 0.57336771 0.00219020
v -0.29688916 0.50212109 0.03830466
v -0.30621254 0.51540589 0.03492768
v -0.30467495 0.50957280 0.02384539
v -0.29544723 0.49823833 0.02604666
v -0.26139998 0.48733896 0.02807368
v -0.25189048 0.49429530 0.02394493
v -0.25325426 0.55655444 0.00045259
v -0.24359551 0.54442567 0.00489102
v -0.24828920 0.54049867 0.00984807
v -0.31087089 0.56268686 0.00980492
v -0.25590551 0.49593189 -0.00878917
v -0.26748833 0.49631125 -0.01126847
v -0.25706819 0.50610489 -0.02462263
v -0.24610324 0.50690025 -0.02086623
v -0.23570769 0.51076061 -0.01735985
v -0.22602841 0.51730734 -0.01208587
v -0.21091256 0.53594542 0.00016202
v -0.20933752 0.54649514 0.00739889
v -0.21489207 0.55863893 0.01268865
v -0.22531345 0.56971425 0.01509888
v -0.23669851 0.56070006 0.01988429
v -0.22596258 0.54922163 0.01713096
v -0.25923517 0.58451140 0.00608283
v -0.27486464 0.58192223 -0.00419123
v -0.29572976 0.56213731 -0.00417937
v -0.28488183 0.57083833 -0.01259397
v -0.24235600 0.50404930 0.01524954
v -0.23531675 0.50843805 0.01043136
v -0.25304741 0.59451646 0.08560548
v -0.24275176 0.58574516 0.08916933
v -0.23317948 0.60244143 0.09348293
v -0.24255769 0.61101127 0.08971503
v -0.21348408 0.61199534 0.09690323
v -0.22221693 0.59547508 0.09303814
v -0.23789293 0.62015718 0.02533314
v -0.24745150 0.61072445 0.01805508
v -0.22653320 0.64671195 0.04194651
v -0.26723278 0.56911957 -0.00286500
v -0.25822797 0.57545507 -0.00327958
v -0.30593652 0.51884937 0.01175845
v -0.30339703 0.53164542 0.00183846
v -0.30152214 0.51871055 0.00151423
v -0.30497470 0.52511841 0.04371113
v -0.29826215 0.53974259 0.05139643
v -0.30092186 0.55445528 0.03871709
v -0.30869737 0.53892946 0.02994233
v -0.29255414 0.49572799 0.01445565
v -0.30116138 0.50651610 0.01279174
v -0.29648733 0.50713354 0.00134224
v -0.28727180 0.49704459 0.00201491
v -0.25319988 0.57029009 0.01865482
v -0.26245406 0.56525785 0.01709002
v -0.28879347 0.54336900 -0.02118215
v -0.29770923 0.53585899 -0.00960009
v -0.29864419 0.54854929 -0.00677599
v -0.28978848 0.55610883 -0.01729104
v -0.30406713 0.54521441 0.00247414
v -0.28488919 0.53162575 -0.02412970
v -0.29457721 0.52342850 -0.01094003
v -0.24110751 0.57938123 0.01333134
v -0.27881449 0.50315744 -0.01206064
v -0.28833860 0.51242250 -0.01192831
v -0.27774942 0.52136368 -0.02578303
v -0.26796690 0.51209998 -0.02620599
v -0.23050365 0.57898796 0.08847669
v -0.23794305 0.56201261 0.08253832
v -0.24122335 0.50846672 0.02499312
v -0.23481385 0.51654124 0.03392211
v -0.24455184 0.50390875 0.01880331
v -0.20163536 0.57656056 0.06039174
v -0.19504893 0.59115863 0.06777973
v -0.21549901 0.54880857 0.04193686
v -0.20808655 0.56217521 0.05161360
v -0.27969912 0.57336247 0.06586590
v -0.26919255 0.48394006 0.01752146
v -0.25852001 0.48636886 0.01711792
v -0.27306253 0.48589742 0.03169356
v -0.21682853 0.52605367 -0.00633651
v -0.22618201 0.51567090 0.00240901
v -0.28762910 0.49312133 0.03913297
v -0.20319603 0.53934044 -0.01701871
v -0.30580771 0.55540520 0.01930931
v -0.30908644 0.55854905 0.00940405
v -0.30255279 0.55946064 0.00368224
v -0.23969395 0.64813948 0.06328997
v -0.25628698 0.60197264 0.01091722
v -0.24602222 0.56190807 0.00056604
v -0.23793912 0.54902947 0.00590533
v -0.28117454 0.48813576 0.01636602
v -0.27603257 0.48944995 0.00298184
v -0.26386511 0.48680544 0.00462836
v -0.24551600 0.55631161 0.02076861
v -0.23623385 0.54400027 0.02050205
v -0.18922551 0.60636818 0.07369275
v -0.24509269 0.54008895 0.01837493
v -0.30032587 0.56878257 0.02732269
v -0.01877153 0.66245276 -0.19984739
v -0.12427180 0.52231437 -0.04983450
v -0.09321176 0.49776319 -0.00832290
v -0.10529739 0.49901068 -0.02109493
v -0.13339815 0.57801253 -0.07003716
v -0.13558628 0.58672059 -0.07175691
v -0.14906587 0.60358655 -0.07568716
v -0.15495837 0.60915381 -0.07941672
v -0.12142065 0.56250679 -0.05139101
v -0.08338222 0.87291127 -0.13614048
v -0.08020868 0.86636186 -0.13710742
v -0.08897353 0.88397551 -0.13867851
v -0.01132308 0.35850149 0.07750992
v -0.07889396 0.86511230 -0.12253146
v -0.07530579 0.85722589 -0.12165087
v -0.08038286 0.86007559 -0.12204073
v -0.07923541 0.86667061 -0.12124694
v -0.07969989 0.86793983 -0.12127574
v -0.09051170 0.88900697 -0.12880030
v -0.07640233 0.85919333 -0.13542418
v -0.07316424 0.85150242 -0.13137797
v -0.08621956 0.87907755 -0.12059769
v -0.04066197 0.30633330 -0.12461638
v -0.02075009 0.30402112 -0.12505955
v -0.02227388 0.28366178 -0.12553513
v -0.04304307 0.28576422 -0.12356548
v -0.02270598 0.26476970 -0.12989759
v -0.12691852 0.24232303 -0.10689105
v -0.14100942 0.24970789 -0.08741461
v -0.13199148 0.27106243 -0.08547858
v -0.12025473 0.26434416 -0.10454948
v -0.13511142 0.29092208 -0.06469819
v -0.12668657 0.28861433 -0.08411372
v -0.14065509 0.27562571 -0.06368075
v -0.14603293 0.27664310 -0.04025612
v -0.13902849 0.29194993 -0.04263945
v -0.14602523 0.27359682 -0.01715910
v -0.13917004 0.28918535 -0.01993812
v -0.14029954 0.26841339 0.00390262
v -0.12866457 0.26302785 0.02395741
v -0.11416391 0.23590258 0.04712462
v -0.08849214 0.25012022 0.05569918
v -0.11037315 0.25621051 0.04134785
v -0.04903295 0.23915851 0.07314485
v -0.06754219 0.24381968 0.06624433
v -0.01683066 0.23817822 0.08069713
v -0.03230349 0.23803481 0.07765267
v -0.08843493 0.68843240 -0.04867987
v -0.08862766 0.73051941 -0.15865277
v -0.10017671 0.72409785 -0.15690029
v -0.10649302 0.73068327 -0.13899273
v -0.12019381 0.67227250 -0.18398122
v -0.12189709 0.68736678 -0.17470372
v -0.10513927 0.68465531 -0.18859515
v -0.10249002 0.66971499 -0.19466950
v -0.07916517 0.72240305 -0.17058721
v -0.07217202 0.72639287 -0.17006038
v -0.08774179 0.71640569 -0.17184582
v -0.05701389 0.70482618 -0.18996523
v -0.07268412 0.71034867 -0.18402259
v -0.14496988 0.71386772 -0.12461101
v -0.14723569 0.70194268 -0.14242280
v -0.15691765 0.70000994 -0.13519628
v -0.15579763 0.71109009 -0.11753282
v -0.14578217 0.65899032 -0.16895573
v -0.14365771 0.64543653 -0.17239109
v -0.15348549 0.64626008 -0.16568087
v -0.15576679 0.65932661 -0.16255568
v -0.18356076 0.69351935 -0.09218860
v -0.18618366 0.68761516 -0.11191729
v -0.19593516 0.67926407 -0.10217634
v -0.19215293 0.68348163 -0.08325616
v -0.15679660 0.67254567 -0.15703124
v -0.09073786 0.56924182 -0.19770829
v -0.10905886 0.57896322 -0.19196719
v -0.12473506 0.58840251 -0.18291736
v -0.15289105 0.60584021 -0.15864009
v -0.14781536 0.60310519 -0.16398320
v -0.15023550 0.59347129 -0.15881458
v -0.15716742 0.60756087 -0.15367158
v -0.16398850 0.60845357 -0.14702308
v -0.14774020 0.64279437 -0.03928889
v -0.14547108 0.64863801 -0.03646732
v -0.15358770 0.66760069 -0.04220115
v -0.17689408 0.60475647 -0.13001212
v -0.16960676 0.60592830 -0.13821736
v -0.16999726 0.60186517 -0.13466734
v -0.17643809 0.60171151 -0.12722917
v -0.13445710 0.71741629 -0.13094735
v -0.19692133 0.67006284 -0.11663233
v -0.18646252 0.67754960 -0.12560645
v -0.18604009 0.66554856 -0.13522118
v -0.19574040 0.65977067 -0.12509716
v -0.19353136 0.64954287 -0.13272364
v -0.18437013 0.65416265 -0.14292546
v -0.18102576 0.64364612 -0.14679480
v -0.18977779 0.63976210 -0.13642235
v -0.17746797 0.60868889 -0.13224918
v -0.17061283 0.61059666 -0.14158353
v -0.18857360 0.67060238 -0.05578257
v -0.15929210 0.70911312 -0.08723786
v -0.15000178 0.70180297 -0.06528388
v -0.14205703 0.70793509 -0.07183102
v -0.15015468 0.71439123 -0.09480899
v -0.17089255 0.59943628 -0.08844203
v -0.16374728 0.60452867 -0.07946245
v -0.17587280 0.59504277 -0.09703574
v -0.17166668 0.59515125 -0.12493729
v -0.17692828 0.59199274 -0.10436697
v -0.14479174 0.62395412 -0.04612090
v -0.15166369 0.63560766 -0.04088833
v -0.14164340 0.68568760 -0.04939651
v -0.13469873 0.69250345 -0.05425845
v -0.19980755 0.67279750 -0.07472526
v -0.20470005 0.66886085 -0.09325076
v -0.18528064 0.60075665 -0.12117317
v -0.18363398 0.59779388 -0.11900357
v -0.19203995 0.59371370 -0.11177762
v -0.16691083 0.59172767 -0.13301572
v -0.17089146 0.59822005 -0.13085490
v -0.16531323 0.70702612 -0.10989331
v -0.20550615 0.66033614 -0.10766701
v -0.20381010 0.65126038 -0.11655056
v -0.17551219 0.65733325 -0.15102831
v -0.17662983 0.66940916 -0.14416982
v -0.16725506 0.67180568 -0.15111578
v -0.16586483 0.65870571 -0.15705697
v -0.19854119 0.63416195 -0.12761450
v -0.19528987 0.62559754 -0.12783399
v -0.16244546 0.64585692 -0.15935020
v -0.17162107 0.64521384 -0.15374804
v -0.18743731 0.60471970 -0.12323791
v -0.12740064 0.69768828 -0.05971599
v -0.12207351 0.68152142 -0.04506544
v -0.11286952 0.68382829 -0.04799116
v -0.13593835 0.66754973 -0.03756450
v -0.12939045 0.67565984 -0.04106879
v -0.14173083 0.65739405 -0.03540537
v -0.10224837 0.68604416 -0.04858060
v -0.28462237 0.49016327 0.02779755
v -0.19002901 0.59060282 -0.10893455
v -0.19977844 0.58511490 -0.10227831
v -0.20086010 0.58977401 -0.10472463
v -0.24227090 0.57192510 -0.07177669
v -0.02248916 0.84656632 0.01403673
v -0.02334798 0.85258055 0.01488993
v -0.02685521 0.87260306 0.01191958
v -0.02747104 0.87601292 0.01031996
v -0.30963004 0.52211094 0.02145545
v -0.31009206 0.52528840 0.02946705
v -0.28941351 0.55645812 0.05906479
v -0.28422314 0.58548903 0.05493057
v -0.29280856 0.57008779 0.04635549
v -0.27989101 0.59885138 0.01034040
v -0.26520932 0.59328842 0.00257844
v -0.23089319 0.55612773 0.01054388
v -0.25291488 0.52660930 0.06616271
v -0.21200459 0.67431688 0.05748355
v -0.21602052 0.67456412 0.06901059
v -0.20520532 0.68920529 0.07273434
v -0.20180109 0.68775553 0.06186581
v -0.19335540 0.70237601 0.06545693
v -0.18730542 0.69679028 0.05948675
v -0.19510697 0.68288922 0.05483364
v -0.18014498 0.68935043 0.05838392
v -0.18751876 0.67600858 0.05354386
v -0.17349881 0.68168962 0.06104955
v -0.16896281 0.67573583 0.06593592
v -0.17546220 0.66273546 0.06081089
v -0.18086904 0.66888452 0.05583791
v -0.17769818 0.64388448 0.06246957
v -0.17127769 0.65775549 0.06819776
v -0.16953439 0.65399951 0.07770617
v -0.17515400 0.63920307 0.07255755
v -0.16666460 0.66586590 0.09862520
v -0.17114472 0.66858691 0.10391661
v -0.18019503 0.65450621 0.10271873
v -0.17419888 0.65140003 0.09682746
v -0.20293438 0.65085912 0.10267180
v -0.19550136 0.64413685 0.10288456
v -0.18665983 0.65940213 0.10589534
v -0.19340935 0.66588777 0.10676469
v -0.18468913 0.67935956 0.11175595
v -0.18891920 0.68725461 0.10757686
v -0.19891217 0.67313600 0.10363115
v -0.23476075 0.64940542 0.05134287
v -0.22340447 0.66207451 0.05370075
v -0.21529989 0.65852410 0.04545102
v -0.18938559 0.65625602 0.04992342
v -0.19852570 0.64374894 0.04435928
v -0.20654283 0.65156490 0.04278322
v -0.19673328 0.66342694 0.04827002
v -0.18822464 0.61029279 0.06122205
v -0.18492721 0.63014323 0.05663937
v -0.18158580 0.62473267 0.06710111
v -0.18294147 0.64968795 0.05496618
v -0.19136505 0.63668829 0.04906337
v -0.17649952 0.63610524 0.08405691
v -0.17071745 0.65143543 0.08799952
v -0.21619177 0.67123616 0.08147681
v -0.21356590 0.66541034 0.09192912
v -0.20232040 0.68004054 0.09563296
v -0.20484035 0.68584037 0.08501808
v -0.18285237 0.62165242 0.07876597
v -0.22517344 0.65056801 0.08856170
v -0.22808212 0.65705597 0.07836413
v -0.20903957 0.65828198 0.09920481
v -0.21995765 0.64295393 0.09603800
v -0.19462499 0.70032752 0.08901165
v -0.19558506 0.70357937 0.07739541
v -0.22786218 0.66140532 0.06596381
v -0.18097667 0.63581681 0.09357586
v -0.18785347 0.63870215 0.10003985
v -0.19582142 0.62323481 0.09669244
v -0.18780898 0.62075353 0.08946526
v -0.22289456 0.61853319 0.09710206
v -0.20439176 0.62830597 0.09994525
v -0.21271572 0.63500059 0.09989878
v -0.17754517 0.67278355 0.10878508
v -0.23105314 0.62697148 0.09288874
v -0.12837443 0.73499846 0.06811455
v -0.13387480 0.72887862 0.06624553
v -0.13091242 0.73339105 0.05876961
v -0.12725964 0.74042571 0.06089497
v -0.13236901 0.71512258 0.04808750
v -0.13972184 0.71354425 0.04019367
v -0.13327914 0.72147000 0.03233701
v -0.12693310 0.72280657 0.03899180
v -0.12671670 0.74510461 0.05506918
v -0.12842178 0.73724228 0.05190490
v -0.12845442 0.74638855 0.05132502
v -0.12884760 0.75694770 0.05813831
v -0.12466252 0.75251019 0.05798658
v -0.12479064 0.76379526 0.06167465
v -0.13684970 0.75929463 0.06435932
v -0.12752375 0.76806277 0.06898467
v -0.13602918 0.75386071 0.09075198
v -0.13305202 0.74788111 0.09940008
v -0.12030348 0.75773883 0.10065127
v -0.12388587 0.76265222 0.09078474
v -0.11558807 0.74163729 0.11307503
v -0.11740676 0.75042003 0.10672968
v -0.13082871 0.74136758 0.10539487
v -0.12901661 0.73382592 0.11087336
v -0.12616992 0.72555077 0.07915869
v -0.13265821 0.71887517 0.07854106
v -0.13450092 0.72343010 0.07380239
v -0.12803409 0.72947478 0.07491863
v -0.12912670 0.74611700 0.04054064
v -0.13862947 0.74876165 0.05079820
v -0.13307682 0.74953187 0.05260481
v -0.12603411 0.74454045 0.04171367
v -0.13924640 0.69275445 0.08390033
v -0.14832017 0.68732041 0.08409679
v -0.15120369 0.69196081 0.07760252
v -0.14308834 0.69663429 0.07875611
v -0.15310124 0.70301843 0.05547067
v -0.15804580 0.69981885 0.06210944
v -0.16916728 0.70518190 0.05809896
v -0.16448885 0.71058565 0.05280190
v -0.14624596 0.70744348 0.04784089
v -0.15759730 0.71449125 0.04559353
v -0.14897847 0.71896935 0.03769988
v -0.14066482 0.72641861 0.03031949
v -0.14683783 0.68388665 0.09299788
v -0.13941872 0.68647003 0.09418059
v -0.09092605 0.76277745 0.04839364
v -0.08942202 0.75908732 0.05288714
v -0.09180832 0.75906473 0.05329531
v -0.09341860 0.76324946 0.04925680
v -0.14654258 0.69263929 0.11176581
v -0.15093052 0.70016569 0.11470610
v -0.15595257 0.69478643 0.11294060
v -0.15165102 0.68836856 0.10849045
v -0.13919571 0.69695067 0.11521548
v -0.14418656 0.70596182 0.11626774
v -0.08182129 0.77125299 0.04774538
v -0.08609986 0.76959646 0.04556602
v -0.08880943 0.77189797 0.04861701
v -0.08498102 0.77401280 0.05177462
v -0.12242022 0.74652016 0.06191939
v -0.12219149 0.74094552 0.06846642
v -0.11080670 0.75482255 0.06484085
v -0.11540541 0.74793380 0.06846637
v -0.11831704 0.75295043 0.06211527
v -0.11443099 0.75763363 0.06113961
v -0.11154687 0.73550588 0.08295225
v -0.11847958 0.72921151 0.08272596
v -0.11951730 0.73516208 0.07770406
v -0.11188072 0.74111551 0.07779262
v -0.11369893 0.71974474 0.08943938
v -0.10768747 0.72614986 0.09075618
v -0.10567948 0.72085166 0.09455220
v -0.11071822 0.71550912 0.09273018
v -0.09798795 0.74219334 0.08811681
v -0.09437454 0.74643183 0.08791788
v -0.09224787 0.74285239 0.09121871
v -0.09643295 0.73809040 0.09133095
v -0.16149849 0.69021910 0.11252578
v -0.15719596 0.68436903 0.10740554
v -0.11200166 0.72339845 0.12238620
v -0.11132026 0.71348083 0.12102237
v -0.10047168 0.71735996 0.12140107
v -0.10099903 0.72885400 0.12434162
v -0.15480712 0.70863336 0.11316875
v -0.16065153 0.70332205 0.11319993
v -0.07788634 0.77103031 0.05220011
v -0.08057719 0.77407080 0.05607790
v -0.15794912 0.72777188 0.04242411
v -0.14650884 0.73337817 0.03251016
v -0.16667113 0.72321260 0.05181131
v -0.17168930 0.71913010 0.05778392
v -0.17647159 0.71422458 0.06082708
v -0.10985789 0.74869931 0.07196790
v -0.12328070 0.73488563 0.07421366
v -0.12460524 0.72195524 0.08195303
v -0.11221915 0.70179695 0.09969607
v -0.11737156 0.69730967 0.09962440
v -0.11842006 0.70317966 0.09149377
v -0.11351421 0.70650429 0.09396218
v -0.10840085 0.70599031 0.11547832
v -0.10701352 0.70455265 0.10796659
v -0.10247591 0.70813680 0.10895853
v -0.10089689 0.70986658 0.11647284
v -0.13212100 0.74835360 0.03657934
v -0.14308500 0.74662614 0.04524837
v -0.14197555 0.68722987 0.10438818
v -0.14848581 0.68440026 0.10192041
v -0.15436956 0.68129027 0.10050084
v -0.13766366 0.70754677 0.07879569
v -0.14526433 0.69924843 0.07487381
v -0.14604431 0.70189279 0.06947874
v -0.13904315 0.71073639 0.07554741
v -0.13551342 0.71926975 0.06280952
v -0.13796747 0.70922369 0.05581120
v -0.13078639 0.72419500 0.05513284
v -0.15420374 0.69543314 0.07134303
v -0.15761605 0.68790609 0.07714817
v -0.16073674 0.69194722 0.07004197
v -0.15473801 0.68379176 0.08496262
v -0.15288517 0.68098903 0.09278008
v -0.16182730 0.68157244 0.07570376
v -0.16452926 0.68568158 0.06848206
v -0.15994692 0.67838472 0.08446673
v -0.15846106 0.67584395 0.09271187
v -0.17516126 0.68961757 0.11324511
v -0.16873139 0.68226206 0.11145544
v -0.16705430 0.69763792 0.11356920
v -0.17572573 0.69948304 0.05977622
v -0.16504967 0.69713539 0.06349271
v -0.16848938 0.69162947 0.06321044
v -0.18217447 0.70765191 0.06163966
v -0.12556612 0.72894877 0.03313387
v -0.12368029 0.73381120 0.02786757
v -0.12163067 0.73630530 0.03428958
v -0.12360817 0.73300737 0.03959074
v -0.11806145 0.76825327 0.06223058
v -0.11709499 0.76239920 0.05972568
v -0.12158072 0.75856227 0.05994072
v -0.13084492 0.69511807 0.08739060
v -0.13108033 0.68936419 0.09683958
v -0.10695904 0.75359905 0.06853028
v -0.09097797 0.77505231 0.05553852
v -0.09459853 0.77253228 0.05160904
v -0.10527790 0.77135098 0.05700140
v -0.10218602 0.77511746 0.06145419
v -0.10018367 0.75733447 0.07160890
v -0.10400403 0.75626218 0.06665218
v -0.09912485 0.75672203 0.06392889
v -0.09537983 0.75857586 0.06877293
v -0.09221107 0.73625493 0.09490699
v -0.09545824 0.73243427 0.09476218
v -0.10986966 0.76725709 0.08715655
v -0.11664388 0.77488244 0.07958184
v -0.12888700 0.76840085 0.08016481
v -0.10972151 0.73068178 0.08721903
v -0.10346609 0.73643196 0.08775587
v -0.10184413 0.73232275 0.09130297
v -0.10655388 0.74946451 0.07379359
v -0.10383850 0.75322640 0.07222633
v -0.10244566 0.75079244 0.07680695
v -0.10649931 0.74561930 0.07753554
v -0.12149778 0.70797026 0.11970553
v -0.11662459 0.69969463 0.11224975
v -0.08937764 0.76664543 0.04585633
v -0.09197831 0.76783657 0.04747406
v -0.16298379 0.67777234 0.10586983
v -0.15944821 0.67570001 0.09973040
v -0.11658478 0.72446525 0.08610170
v -0.13866413 0.75856358 0.07914250
v -0.12266353 0.71783507 0.08449958
v -0.09248665 0.73967564 0.11028238
v -0.08969179 0.73144627 0.10645783
v -0.08816636 0.73257113 0.10303152
v -0.08744082 0.73825938 0.10452250
v -0.08804786 0.75956810 0.06431702
v -0.09184319 0.75736856 0.05977966
v -0.08840352 0.75801581 0.05797985
v -0.08385807 0.75986737 0.06166014
v -0.10790813 0.75689828 0.06300116
v -0.11053646 0.75958264 0.05951562
v -0.10523307 0.76086390 0.05651571
v -0.10265273 0.75763494 0.05986525
v -0.11253077 0.76447135 0.05871201
v -0.10630912 0.76621801 0.05556902
v -0.08426678 0.76460648 0.06675923
v -0.08347285 0.77076244 0.06463487
v -0.09445053 0.77106094 0.07205115
v -0.09296691 0.76438916 0.07239573
v -0.14049011 0.72714126 0.10973667
v -0.13796052 0.71983242 0.11416151
v -0.12639356 0.72616333 0.11594370
v -0.11315438 0.73266208 0.11794004
v -0.10003680 0.73764485 0.11762120
v -0.10275084 0.74869096 0.11329751
v -0.12430981 0.71812445 0.11918744
v -0.10028279 0.76216763 0.07978360
v -0.10175228 0.76912713 0.07827540
v -0.10006881 0.76457530 0.08357257
v -0.11925280 0.71199811 0.08810170
v -0.09698904 0.76778644 0.04995149
v -0.17375094 0.72726500 0.08003148
v -0.17156646 0.72485542 0.09220905
v -0.16413894 0.73080349 0.09267524
v -0.16795588 0.73234296 0.07776541
v -0.09496957 0.75852644 0.05496453
v -0.09734976 0.76229453 0.05122709
v -0.09374014 0.72720766 0.09738447
v -0.09039479 0.73174369 0.09736955
v -0.08955598 0.72946727 0.10053024
v -0.09077811 0.72600430 0.10035765
v -0.13518628 0.71233588 0.11746339
v -0.09042296 0.71498275 0.11561070
v -0.09119022 0.72717285 0.11892037
v -0.14753455 0.71393126 0.11323382
v -0.15053865 0.72138315 0.10876410
v -0.15841699 0.71663624 0.10804375
v -0.10240853 0.75521338 0.10271046
v -0.14216256 0.73376274 0.10478135
v -0.15247077 0.72773683 0.10401995
v -0.16166627 0.72338372 0.10251249
v -0.16842884 0.71870780 0.10177000
v -0.16500998 0.71190786 0.10823429
v -0.08679289 0.77504408 0.06028631
v -0.07795811 0.76974630 0.06064722
v -0.17180350 0.70571983 0.10860395
v -0.17935741 0.69700944 0.10888559
v -0.18243626 0.70358294 0.10217076
v -0.17495534 0.71238530 0.10150994
v -0.15436262 0.73372543 0.09794105
v -0.15694249 0.73873729 0.09005365
v -0.14411998 0.73983753 0.09900821
v -0.14622837 0.74554831 0.09080385
v -0.10704699 0.76578331 0.09944331
v -0.07243457 0.75777453 0.05351225
v -0.07635611 0.76187319 0.05884820
v -0.08035386 0.75864911 0.05925062
v -0.07576743 0.75529450 0.05511332
v -0.07986426 0.76379406 0.06267700
v -0.07522196 0.76643562 0.05672628
v -0.14904627 0.75046504 0.07798034
v -0.09925544 0.75576276 0.07638419
v -0.16009453 0.74129480 0.07232444
v -0.14694288 0.75309712 0.06332156
v -0.15377137 0.74653435 0.05707003
v -0.17066181 0.73032665 0.06245886
v -0.16349894 0.73511702 0.05363476
v -0.17960438 0.72004473 0.06983797
v -0.17508557 0.72546268 0.06757887
v -0.18628180 0.71307403 0.06982632
v -0.15273771 0.74003428 0.04276541
v -0.08820134 0.75928950 0.04655823
v -0.08624220 0.75587767 0.05131209
v -0.17955953 0.72189438 0.08070926
v -0.18682960 0.71442187 0.07992434
v -0.12637126 0.72893435 0.04692881
v -0.12622601 0.70652366 0.08550213
v -0.12897238 0.71157694 0.08314195
v -0.12323505 0.69340086 0.09872538
v -0.12370574 0.69951695 0.08948104
v -0.18551934 0.71082520 0.09179029
v -0.16572955 0.67139268 0.07222224
v -0.16457336 0.66801918 0.08156008
v -0.19176245 0.69379097 0.09963469
v -0.08680257 0.76262772 0.04291195
v -0.09215757 0.74738109 0.09030256
v -0.09048375 0.74685580 0.09141365
v -0.13038310 0.72892475 0.02726063
v -0.12774318 0.73511779 0.02338007
v -0.13373294 0.74470371 0.02414124
v -0.13090977 0.73918194 0.02201906
v -0.13609374 0.73349273 0.02499408
v -0.14006671 0.73975724 0.02707458
v -0.13536593 0.70420527 0.08096207
v -0.13263199 0.70039117 0.08363614
v -0.13096529 0.70236409 0.11824970
v -0.12568250 0.69481748 0.11119302
v -0.11246026 0.76952296 0.06039684
v -0.11767513 0.77251840 0.06899232
v -0.11086428 0.77363014 0.06648782
v -0.09886402 0.77515143 0.06766830
v -0.09929729 0.76019949 0.07658140
v -0.09802854 0.76248574 0.07562755
v -0.14334399 0.70493382 0.06327842
v -0.13857883 0.71470034 0.07011086
v -0.12566680 0.73881841 0.04603487
v -0.12289616 0.74050629 0.04074818
v -0.10541525 0.74085808 0.08295643
v -0.09372362 0.75616390 0.09391494
v -0.09882823 0.76296592 0.09122334
v -0.10041600 0.74614120 0.08266112
v -0.07828122 0.76571441 0.04264098
v -0.08324108 0.76468402 0.04142347
v -0.10778272 0.77445710 0.07344855
v -0.10062507 0.72660881 0.09486484
v -0.09183896 0.75221324 0.09819740
v -0.09125537 0.75108886 0.09283069
v -0.09592217 0.71082234 0.11319114
v -0.17773062 0.71875668 0.09195282
v -0.08545008 0.75729978 0.05726895
v -0.08164200 0.75403666 0.05496016
v -0.07195997 0.76123708 0.05088407
v -0.07451019 0.76474327 0.04675022
v -0.13404831 0.69064260 0.10820451
v -0.13088560 0.71537966 0.08098704
v -0.16457726 0.66578025 0.09096716
v -0.14238423 0.74423957 0.03469686
v -0.13447088 0.74849486 0.02989747
v -0.09731618 0.75090510 0.08251202
v -0.08988953 0.73108613 0.11251800
v -0.09300107 0.74790895 0.10700257
v -0.08609971 0.74561828 0.10160717
v -0.08669612 0.74972427 0.09548241
v -0.08750224 0.74847442 0.09119642
v -0.06944215 0.75626111 0.04643461
v -0.07205620 0.75930595 0.04242504
v -0.07621092 0.76082510 0.03905952
v -0.08138251 0.76056486 0.03892466
v -0.08476731 0.75883377 0.04117826
v -0.07032079 0.75316817 0.04932365
v -0.07384181 0.75158489 0.05154285
v -0.07954687 0.75104707 0.05227360
v -0.06995064 0.74906373 0.04661506
v -0.06858224 0.75106984 0.04267448
v -0.07736613 0.75107580 0.03289145
v -0.07545814 0.75567216 0.03545982
v -0.07364683 0.75230396 0.03518552
v -0.07443652 0.74937892 0.03341448
v -0.07450728 0.74568915 0.03172052
v -0.07765549 0.74657768 0.03156734
v -0.07112847 0.75193071 0.03735876
v -0.07102793 0.74808836 0.03566563
v -0.06987092 0.74622428 0.03881818
v -0.06974061 0.74252427 0.03686339
v -0.07094947 0.74410313 0.03371859
v -0.06967713 0.74971342 0.03970277
v -0.07076943 0.75536799 0.03901780
v -0.07654712 0.74237418 0.03107500
v -0.07439265 0.74277383 0.03067392
v -0.07202780 0.74066108 0.03206086
v -0.07415256 0.73885620 0.03261203
v -0.08026254 0.75683904 0.03685808
v -0.08028975 0.75157237 0.03463143
v -0.08032370 0.74627066 0.03332156
v -0.07916959 0.74180919 0.03299588
v -0.08243622 0.75020140 0.03731620
v -0.08166000 0.74511355 0.03597915
v -0.08028780 0.74144006 0.03580314
v -0.08321805 0.74772125 0.04061836
v -0.08164239 0.74344867 0.03865635
v -0.08433950 0.75318408 0.04337054
v -0.08329782 0.75580853 0.03969184
v -0.08044712 0.74123222 0.03775120
v -0.07612877 0.73832113 0.03462625
v -0.06942794 0.74548805 0.04169500
v -0.07046109 0.74124277 0.03940028
v -0.07071355 0.74430186 0.04407829
v -0.07187255 0.74026519 0.04138350
v -0.07170224 0.73838383 0.03639388
v -0.07061522 0.73990560 0.03504562
v -0.08599189 0.75586402 0.04510814
v -0.08379790 0.75283325 0.04963356
v -0.08236483 0.75016105 0.04761240
v -0.08142056 0.74507821 0.04466367
v -0.07830220 0.74838418 0.04981691
v -0.07341248 0.74799412 0.04899603
v -0.07349205 0.74374145 0.04585862
v -0.07739967 0.74385220 0.04662341
v -0.07438935 0.74003196 0.04274291
v -0.07726927 0.74031472 0.04298794
v -0.08023979 0.74143356 0.04118907
v -0.07577494 0.73821890 0.03978789
v -0.07362185 0.73781562 0.03811044
v -0.07804339 0.73894840 0.03705120
v -0.07739849 0.73900914 0.04059607
v -0.07916978 0.73988211 0.03898239
v -0.08602518 0.74835432 0.06665957
v -0.08558827 0.74377382 0.07004136
v -0.08505470 0.74679315 0.07199532
v -0.08579773 0.75155044 0.06923014
v -0.07433254 0.75226212 0.06283206
v -0.08042902 0.75258076 0.06215167
v -0.07920378 0.75746560 0.06623939
v -0.07328209 0.75731367 0.06785104
v -0.06956671 0.74859279 0.06720322
v -0.06874400 0.75336492 0.07267281
v -0.07866758 0.76182353 0.07353377
v -0.08365661 0.76095331 0.07045415
v -0.09490627 0.76144880 0.07546318
v -0.09296697 0.76351035 0.07950264
v -0.09233022 0.74561745 0.08279681
v -0.08905023 0.74454081 0.08630514
v -0.08443941 0.75121784 0.06377882
v -0.08389041 0.75506884 0.06697899
v -0.08118445 0.74500906 0.08149385
v -0.08512056 0.74522960 0.07832539
v -0.08291605 0.74372369 0.07536465
v -0.07857704 0.74203640 0.07730246
v -0.09712982 0.75355029 0.07427093
v -0.09462935 0.74950236 0.07839370
v -0.09655440 0.75810021 0.07398805
v -0.07627869 0.74693269 0.08350062
v -0.07334566 0.75194550 0.08249605
v -0.08594739 0.75526726 0.08911365
v -0.08585507 0.74890065 0.08939761
v -0.08697772 0.75781596 0.07050824
v -0.08766270 0.74843669 0.07425699
v -0.08861130 0.75336879 0.07137448
v -0.07521904 0.75873059 0.07919621
v -0.06945941 0.74627864 0.07617590
v -0.07591904 0.73281938 0.06692040
v -0.07418058 0.73807979 0.07258904
v -0.07872365 0.73765844 0.07385504
v -0.08002096 0.73260415 0.06914490
v -0.07373360 0.74291974 0.07744622
v -0.07072807 0.74126101 0.07058966
v -0.08775801 0.74344641 0.06303149
v -0.08701858 0.73936623 0.06719780
v -0.08633934 0.74587882 0.05942410
v -0.08946192 0.76185679 0.08517420
v -0.07746486 0.74469244 0.05661470
v -0.08287209 0.74611878 0.05722338
v -0.08324070 0.74023277 0.07319075
v -0.08450139 0.73541623 0.06991172
v -0.07322867 0.73532885 0.06386554
v -0.07354415 0.74116766 0.05997431
v -0.07624903 0.73011339 0.05876797
v -0.07709204 0.73494720 0.05491269
v -0.08013929 0.73888642 0.05248129
v -0.08448455 0.74177217 0.05444449
v -0.08700646 0.74213380 0.05764025
v -0.07838590 0.72818118 0.06251985
v -0.08128293 0.72926390 0.06544936
v -0.08505823 0.73215842 0.06687742
v -0.08329046 0.72491920 0.06046522
v -0.08161741 0.72544312 0.05589706
v -0.09598774 0.73196787 0.04948312
v -0.09092921 0.73420310 0.04963037
v -0.09020457 0.73061013 0.04958284
v -0.09462070 0.72893274 0.04861701
v -0.08507919 0.73486257 0.05005378
v -0.08651909 0.73129785 0.05009264
v -0.08501709 0.72865123 0.05149907
v -0.08896637 0.72674525 0.05071384
v -0.08866253 0.72406435 0.05373636
v -0.09296080 0.72243190 0.05281660
v -0.09356138 0.72485626 0.04956374
v -0.08499163 0.72597754 0.05377194
v -0.09768742 0.72711152 0.04827264
v -0.09910414 0.72812343 0.04967740
v -0.08080804 0.73033148 0.05169219
v -0.08734080 0.73892993 0.05279297
v -0.09215322 0.73663205 0.05190781
v -0.09699655 0.73331368 0.05202162
v -0.09999976 0.72906226 0.05262291
v -0.09368107 0.73688120 0.05547380
v -0.09786674 0.73326361 0.05520311
v -0.09996364 0.72939801 0.05521265
v -0.09435722 0.73543668 0.05957687
v -0.09827375 0.73188967 0.05815455
v -0.08928820 0.73811477 0.06051466
v -0.08880800 0.73979962 0.05650213
v -0.09959331 0.72950292 0.05723679
v -0.09986758 0.72349679 0.05054796
v -0.10064313 0.72473478 0.05345967
v -0.09791687 0.72312343 0.04838237
v -0.08822575 0.72344244 0.05626333
v -0.09322295 0.72204632 0.05532965
v -0.08880955 0.72290504 0.05898222
v -0.09399283 0.72149622 0.05756634
v -0.09744906 0.72099280 0.05319917
v -0.09635395 0.72130883 0.05145094
v -0.08787407 0.74010545 0.06117648
v -0.08742388 0.73636758 0.06499052
v -0.08868697 0.73436272 0.06423593
v -0.09381926 0.73150671 0.06308484
v -0.08667114 0.73045468 0.06569210
v -0.08478177 0.72683167 0.06370634
v -0.08994669 0.72435248 0.06185070
v -0.09183866 0.72745228 0.06375542
v -0.09476706 0.72288525 0.05986875
v -0.09599340 0.72555822 0.06167272
v -0.09762889 0.72880530 0.06090114
v -0.09866959 0.72312462 0.05802265
v -0.09838831 0.72144365 0.05562028
v -0.10033187 0.72599494 0.05620220
v -0.09862569 0.72498751 0.05966023
v -0.09945166 0.72710133 0.05846736
v -0.08482078 0.73089111 0.07771248
v -0.08636343 0.72652066 0.08139580
v -0.08419006 0.72826862 0.08305794
v -0.08329156 0.73263872 0.07975787
v -0.07515278 0.73114264 0.07376266
v -0.07849513 0.73229039 0.07301128
v -0.07593445 0.73653406 0.07671434
v -0.07207878 0.73642194 0.07783914
v -0.07256635 0.72696602 0.07656676
v -0.06856903 0.73244113 0.08183277
v -0.07425499 0.74117285 0.08307183
v -0.07815012 0.74061549 0.08097762
v -0.08454561 0.74497747 0.08784413
v -0.08139059 0.74627376 0.09094113
v -0.08196737 0.73223865 0.07454425
v -0.08031296 0.73530877 0.07777077
v -0.08147734 0.72567821 0.09141171
v -0.08380452 0.72703475 0.08922243
v -0.08315250 0.72459817 0.08575720
v -0.08037373 0.72285116 0.08714521
v -0.09030685 0.73819119 0.08896679
v -0.09046349 0.73337972 0.09144181
v -0.08812210 0.74211723 0.08774585
v -0.07685576 0.72702307 0.09249240
v -0.07183003 0.73153245 0.09137076
v -0.08055508 0.73575020 0.09929371
v -0.08400202 0.73040456 0.09910119
v -0.08225420 0.73827344 0.08156425
v -0.08604181 0.73017544 0.08570999
v -0.08532557 0.73503882 0.08312160
v -0.07155263 0.73797846 0.08815074
v -0.07061416 0.72640133 0.08535302
v -0.08192746 0.71478426 0.07810378
v -0.07718346 0.71940482 0.08351284
v -0.08187281 0.72029787 0.08548880
v -0.08531234 0.71614921 0.08080363
v -0.07541212 0.72322416 0.08732951
v -0.07347283 0.72213328 0.08060074
v -0.08900730 0.72728801 0.07497907
v -0.08963009 0.72359508 0.07894051
v -0.08663422 0.72764194 0.07112300
v -0.07942125 0.74276352 0.09611166
v -0.08710167 0.72744393 0.09696746
v -0.08086842 0.72462857 0.06785697
v -0.08376504 0.72687179 0.06842524
v -0.08511393 0.72274423 0.08460021
v -0.08823939 0.71941519 0.08167243
v -0.07878995 0.71616220 0.07417315
v -0.07819131 0.72086740 0.07028997
v -0.08409539 0.71168941 0.06978208
v -0.08390695 0.71588755 0.06556916
v -0.08602521 0.72012460 0.06347883
v -0.08826533 0.72330928 0.06523734
v -0.08994511 0.72457170 0.06853676
v -0.08679870 0.71166587 0.07466602
v -0.08853319 0.71405548 0.07738501
v -0.08994618 0.71745968 0.07834345
v -0.09110552 0.71031123 0.07389569
v -0.09021834 0.71005762 0.06888348
v -0.10250437 0.71599519 0.06220645
v -0.09774238 0.71736509 0.06210324
v -0.09753853 0.71506083 0.06283855
v -0.10172200 0.71387243 0.06236404
v -0.09192979 0.71743524 0.06219348
v -0.09396976 0.71523911 0.06277791
v -0.09267271 0.71250808 0.06431440
v -0.09675115 0.71160609 0.06432444
v -0.09603399 0.70960158 0.06808782
v -0.10019207 0.70892662 0.06771547
v -0.10102004 0.71075189 0.06405801
v -0.09271789 0.71035582 0.06713536
v -0.10439342 0.71275342 0.06241646
v -0.10572016 0.71389401 0.06268105
v -0.08917585 0.71335691 0.06413803
v -0.09256384 0.72149968 0.06352565
v -0.09775788 0.72010815 0.06334966
v -0.10303909 0.71824479 0.06362343
v -0.10617614 0.71568662 0.06486225
v -0.09798920 0.72143531 0.06657192
v -0.10280520 0.71949559 0.06673110
v -0.10566956 0.71703529 0.06753632
v -0.09809506 0.72122627 0.07028314
v -0.10251260 0.71910948 0.06975761
v -0.09365413 0.72263342 0.07092819
v -0.09312066 0.72301346 0.06708992
v -0.10463238 0.71740252 0.06950101
v -0.10630792 0.71053904 0.06493968
v -0.10674542 0.71206474 0.06773272
v -0.10447401 0.71009952 0.06383270
v -0.09570765 0.70898426 0.07053274
v -0.10012442 0.70831347 0.06999725
v -0.09620082 0.70968908 0.07353833
v -0.10072398 0.70884299 0.07241875
v -0.10380596 0.70848399 0.06841525
v -0.10311460 0.70872188 0.06684345
v -0.09095469 0.72391951 0.07244235
v -0.09086126 0.72138858 0.07627940
v -0.09323275 0.72062445 0.07471830
v -0.09813350 0.71925390 0.07436952
v -0.09258121 0.71710277 0.07718050
v -0.09223726 0.71331638 0.07631168
v -0.09698677 0.71206158 0.07562947
v -0.09763288 0.71555513 0.07648531
v -0.10113722 0.71104920 0.07437024
v -0.10166389 0.71409398 0.07523108
v -0.10249221 0.71717918 0.07308266
v -0.10448474 0.71135402 0.07227373
v -0.10446125 0.70934784 0.07050321
v -0.10613459 0.71385247 0.06986776
v -0.10407740 0.71331710 0.07330605
v -0.10496980 0.71538556 0.07157487
v -0.08896235 0.72971129 0.09434313
v -0.08835922 0.71451634 0.09086835
v -0.08933321 0.71165621 0.09341985
v -0.08860538 0.71232045 0.09422517
v -0.08729678 0.71547252 0.09226996
v -0.07976188 0.71446955 0.08720380
v -0.08266509 0.71644849 0.08680612
v -0.08027825 0.71938908 0.09043550
v -0.07676548 0.71796465 0.09122425
v -0.07835896 0.71017605 0.08984864
v -0.07521646 0.71329427 0.09393233
v -0.07834035 0.72185928 0.09668696
v -0.08183029 0.72262895 0.09458029
v -0.08785507 0.72641569 0.10071677
v -0.08547309 0.72624058 0.10475016
v -0.09216282 0.70948076 0.10928151
v -0.09461868 0.71072024 0.10581864
v -0.09289354 0.70867872 0.10140860
v -0.09055209 0.70658636 0.10425454
v -0.08583797 0.71602237 0.08839196
v -0.08397871 0.71826494 0.09104234
v -0.08680859 0.70623815 0.09949166
v -0.08940622 0.70898879 0.09745443
v -0.08855180 0.70899671 0.09615600
v -0.08702378 0.70595801 0.09751093
v -0.09548026 0.71374828 0.10171176
v -0.09375629 0.71897435 0.09963693
v -0.09150013 0.71840823 0.09923181
v -0.09307408 0.71243525 0.09852391
v -0.08981824 0.72188556 0.09989250
v -0.08251427 0.70669359 0.10129839
v -0.07813625 0.71075714 0.10097134
v -0.08424050 0.71264315 0.10901260
v -0.08747599 0.70791841 0.10661966
v -0.08485259 0.71981519 0.09362203
v -0.08952846 0.71311110 0.09590679
v -0.08767068 0.71653891 0.09345579
v -0.07615001 0.71775967 0.10034448
v -0.07849143 0.70815551 0.09590852
v -0.08833654 0.70122808 0.09125626
v -0.08450858 0.70367157 0.09484816
v -0.08793280 0.70475125 0.09635454
v -0.09077691 0.70266622 0.09365362
v -0.08316194 0.70539582 0.09714699
v -0.08129696 0.70555705 0.09234971
v -0.09150517 0.71271509 0.08815187
v -0.09224729 0.70983016 0.09149343
v -0.08957782 0.71359718 0.08511859
v -0.08407852 0.72193712 0.10907096
v -0.08452600 0.71064717 0.08204198
v -0.08719616 0.71309495 0.08272356
v -0.08947676 0.70792127 0.09524292
v -0.09214264 0.70615256 0.09356904
v -0.08551532 0.70225990 0.08787531
v -0.08348997 0.70635515 0.08447456
v -0.09051819 0.70017564 0.08448881
v -0.08815302 0.70353192 0.08008540
v -0.08891048 0.70853114 0.07873935
v -0.09046337 0.71149892 0.08037847
v -0.09169562 0.71230406 0.08310515
v -0.09284393 0.69974577 0.08881122
v -0.09421755 0.70181549 0.09128034
v -0.09456408 0.70531321 0.09133029
v -0.09647107 0.69953954 0.08695436
v -0.09505081 0.69974178 0.08246553
v -0.10263765 0.70759666 0.07544839
v -0.09867656 0.70829409 0.07637697
v -0.09868610 0.70599353 0.07620794
v -0.10199249 0.70577401 0.07489204
v -0.09366813 0.70749182 0.07736045
v -0.09564164 0.70558047 0.07688081
v -0.09501836 0.70282030 0.07816756
v -0.09847438 0.70275974 0.07687676
v -0.09916607 0.69988853 0.07933462
v -0.10279989 0.69980878 0.07824987
v -0.10274601 0.70225346 0.07528681
v -0.09637460 0.70045477 0.07975399
v -0.10446236 0.70511419 0.07420051
v -0.10579094 0.70616949 0.07476145
v -0.09224513 0.70301199 0.07916117
v -0.09400737 0.71063781 0.07915223
v -0.09903514 0.71001613 0.07775134
v -0.10367736 0.70884067 0.07669812
v -0.10683814 0.70688558 0.07686210
v -0.09924117 0.71049231 0.08016318
v -0.10395440 0.70925975 0.07890767
v -0.10675588 0.70719856 0.07885087
v -0.09991771 0.71008074 0.08345044
v -0.10419345 0.70849240 0.08145171
v -0.09599996 0.71082163 0.08535975
v -0.09493285 0.71155119 0.08192188
v -0.10628000 0.70735955 0.08050168
v -0.10706758 0.70306557 0.07583201
v -0.10792482 0.70407468 0.07799762
v -0.10494515 0.70215929 0.07457131
v -0.09955901 0.69913960 0.08189493
v -0.10440236 0.69907361 0.08031201
v -0.10009733 0.69962919 0.08493257
v -0.10481039 0.70007080 0.08264905
v -0.10640174 0.70040464 0.07824117
v -0.10493711 0.70020777 0.07698262
v -0.09327696 0.71180409 0.08661932
v -0.09439687 0.70892328 0.08957297
v -0.09688815 0.70825982 0.08837193
v -0.10041106 0.70775318 0.08641928
v -0.09740376 0.70478845 0.09003109
v -0.09733057 0.70147842 0.08961242
v -0.10114378 0.70133746 0.08716935
v -0.10135242 0.70445567 0.08802742
v -0.10500216 0.70197213 0.08422077
v -0.10514817 0.70434552 0.08497971
v -0.10456818 0.70691741 0.08390844
v -0.10720024 0.70334774 0.08164954
v -0.10733587 0.70172489 0.08013797
v -0.10776362 0.70517468 0.07991362
v -0.10683221 0.70461506 0.08271748
v -0.10687065 0.70602411 0.08162957
v -0.08987993 0.71071172 0.11115655
v -0.12357721 0.75257349 0.03111129
v -0.12089714 0.75068229 0.03466059
v -0.11638531 0.73833501 0.02952643
v -0.11669368 0.74299133 0.03429227
v -0.11871320 0.73702312 0.02339958
v -0.12425923 0.74345767 0.01798662
v -0.12166145 0.73969507 0.01943737
v -0.11848712 0.74751711 0.03590612
v -0.12585461 0.75277591 0.02574521
v -0.12629646 0.74864268 0.02001403
v -0.11777461 0.75583643 0.01944695
v -0.11804390 0.75139296 0.01399340
v -0.11599272 0.74461186 0.01251279
v -0.11444688 0.74082255 0.01596472
v -0.11289048 0.73842800 0.02057038
v -0.11696702 0.75655925 0.02642572
v -0.11515009 0.75471491 0.03076454
v -0.11333007 0.75030005 0.03234915
v -0.10955763 0.75933290 0.02119561
v -0.10700375 0.75830925 0.01465393
v -0.09664106 0.74833888 0.00865749
v -0.10049361 0.74622232 0.00916436
v -0.10076326 0.74986553 0.00796013
v -0.09773344 0.75143433 0.00693460
v -0.10591662 0.74589431 0.01021650
v -0.10356939 0.74960339 0.00871145
v -0.10440922 0.75413394 0.00963662
v -0.10163814 0.75525439 0.00820576
v -0.10418075 0.75770336 0.01140349
v -0.10170817 0.75964308 0.01083332
v -0.09836233 0.75618255 0.00696281
v -0.09483683 0.75277519 0.00635794
v -0.09501886 0.75623763 0.00668901
v -0.09352911 0.75142914 0.00798550
v -0.10809100 0.75314963 0.01103446
v -0.10711628 0.74109340 0.01387939
v -0.10048795 0.74331224 0.01224685
v -0.09553659 0.74666566 0.01123852
v -0.09277719 0.75068855 0.01178245
v -0.09993082 0.74232161 0.01708452
v -0.09505528 0.74671113 0.01590259
v -0.09306002 0.75086248 0.01501148
v -0.09998465 0.74507260 0.02211374
v -0.09540093 0.74877334 0.01943165
v -0.10702789 0.74145472 0.02454906
v -0.10711420 0.73945469 0.01901399
v -0.09380978 0.75119376 0.01762189
v -0.09229785 0.75617445 0.00847021
v -0.09192795 0.75556993 0.01241899
v -0.10183793 0.76107842 0.01444012
v -0.09863573 0.76042575 0.00951640
v -0.09768414 0.76169908 0.01289600
v -0.10239840 0.76109445 0.01906525
v -0.09714800 0.76126301 0.01684557
v -0.09437132 0.76050246 0.01081070
v -0.09578711 0.75978172 0.00829318
v -0.11175609 0.73952949 0.02646518
v -0.11186105 0.74452734 0.03073294
v -0.10714477 0.74690235 0.02871686
v -0.10076922 0.74957573 0.02539061
v -0.10831338 0.75309741 0.02929454
v -0.10984856 0.75839067 0.02659232
v -0.10219854 0.75934631 0.02322513
v -0.10160762 0.75514281 0.02556833
v -0.09694004 0.75943160 0.02003559
v -0.09677935 0.75603849 0.02173363
v -0.09615272 0.75217867 0.02142809
v -0.09389031 0.75783300 0.01730993
v -0.09364033 0.75963664 0.01438905
v -0.09280950 0.75465333 0.01560424
v -0.09460628 0.75596714 0.01914728
v -0.09402657 0.75364119 0.01833752
v -0.09871775 0.70985729 0.10753675
v -0.09946957 0.71346921 0.10235079
v -0.10334787 0.71116459 0.10305857
v -0.10687450 0.70655876 0.10153055
v -0.11162022 0.70094568 0.10609227
v -0.10842535 0.71100670 0.09668460
v -0.10433763 0.71588224 0.09894925
v -0.09881938 0.72017759 0.09789920
v -0.11442155 0.71118075 0.09148454
v -0.06921029 0.91164911 -0.03433107
v -0.06695542 0.91352606 -0.03234432
v -0.06742891 0.90599024 -0.03274400
v -0.06944437 0.90520978 -0.03483511
v -0.06149691 0.90837979 -0.02922806
v -0.06585982 0.90671384 -0.03013842
v -0.06307225 0.91565752 -0.03075746
v -0.05801886 0.91646051 -0.02986523
v -0.04938057 0.91423589 -0.03032877
v -0.04761172 0.91357797 -0.02943743
v -0.04840203 0.91256279 -0.02891046
v -0.05057105 0.91192007 -0.02908924
v -0.05415368 0.91073775 -0.02845517
v -0.07204904 0.90607488 -0.03845720
v -0.07157164 0.90771091 -0.03776802
v -0.07063890 0.90967822 -0.03634083
v -0.05784772 0.90953124 -0.02853513
v -0.07103483 0.90481937 -0.03685527
v -0.07187161 0.90505034 -0.03810588
v -0.05328644 0.91589057 -0.03036635
v -0.06212434 0.91039014 -0.03005535
v -0.06555237 0.90901518 -0.03145359
v -0.06287104 0.91300166 -0.03046216
v -0.05855536 0.91411591 -0.02956464
v -0.05238036 0.91260648 -0.02917036
v -0.05493363 0.91228223 -0.02885164
v -0.06791090 0.90772712 -0.03337536
v -0.05842471 0.91151989 -0.02911748
v -0.06634880 0.91132987 -0.03212169
v -0.05456723 0.91421396 -0.02951288
v -0.05206523 0.91370785 -0.02979978
v -0.07146721 0.90629637 -0.03777133
v -0.07136805 0.90589881 -0.03764538
v -0.00513351 0.67634618 -0.03925385
v -0.00493375 0.66123843 -0.03258527
v -0.06855733 0.90964240 -0.03391437
v -0.07068730 0.90625787 -0.03668813
v -0.06959687 0.90686858 -0.03524279
v -0.06993753 0.90833390 -0.03579003
v -0.07089034 0.90715814 -0.03707942
v -0.17673108 0.59661353 -0.00983177
v -0.18842137 0.60797703 -0.00886852
v -0.23241340 0.61630744 -0.03487310
v -0.23994565 0.60936195 -0.05299667
v -0.05350623 0.40112442 0.05157006
v -0.10399825 0.41736943 -0.12983805
v -0.10730267 0.43906137 -0.13581857
v -0.03353638 0.42636940 -0.16743200
v -0.05449990 0.42308736 -0.16442668
v -0.12377827 0.41611743 -0.02948959
v -0.12267789 0.43597788 -0.03386441
v -0.08660466 0.41593128 0.01953974
v -0.08673699 0.43662119 0.01399571
v -0.11546550 0.39620990 -0.00515083
v -0.07280160 0.37712932 -0.14231896
v -0.08919823 0.37775686 -0.13207436
v -0.08844656 0.39833391 -0.13827993
v -0.07228596 0.39884099 -0.14981520
v -0.01262937 0.43018752 -0.16472544
v -0.01281196 0.40650499 -0.15700114
v -0.12954827 0.45647001 -0.05787247
v -0.13287424 0.45544535 -0.08009373
v -0.12359312 0.45717800 -0.12188400
v -0.11263983 0.45976946 -0.14061999
v -0.09858400 0.46473092 -0.15612750
v -0.08066549 0.47024167 -0.16848752
v -0.07045481 0.45972070 0.02025936
v -0.05146684 0.48254868 0.02241466
v -0.12158892 0.45712331 -0.03688915
v -0.01331763 0.46264988 0.04018656
v -0.06621174 0.50305927 -0.18544908
v -0.04139500 0.50549048 -0.19318202
v -0.13083851 0.45584601 -0.10159045
v -0.01411762 0.62153929 -0.01425701
v -0.02789801 0.62483507 -0.01367755
v -0.02687970 0.61090654 -0.00728963
v -0.01333953 0.60714388 -0.00897645
v -0.04013252 0.61350721 -0.00668160
v -0.05316103 0.61488652 -0.00733322
v -0.06554765 0.61531597 -0.00876789
v -0.09686925 0.61168456 -0.01582888
v -0.08754668 0.61378074 -0.01290097
v -0.11106308 0.60337013 -0.02545793
v -0.10476500 0.60842603 -0.01977875
v -0.11510050 0.59462434 -0.03416890
v -0.11822520 0.58430392 -0.04512326
v -0.12522209 0.58473545 -0.05923210
v -0.12332489 0.57365620 -0.05597091
v -0.11506088 0.57336932 -0.04151843
v -0.11075890 0.58410221 -0.03222620
v -0.10629916 0.59230137 -0.02409110
v -0.00465299 0.54891497 0.00370755
v -0.00163139 0.57022303 -0.00203128
v -0.00533612 0.68980473 -0.04672528
v -0.24582246 0.54450142 0.07531252
v -0.20463470 0.67036819 0.04945464
v -0.01827226 0.69619954 -0.19187757
v -0.03765930 0.70021635 -0.19173327
v -0.09708486 0.70880586 -0.17394003
v -0.11025248 0.71657634 -0.15719163
v -0.07955559 0.70224011 -0.18787365
v -0.05863594 0.69568539 -0.19427602
v -0.10896816 0.47858739 -0.02101534
v -0.03957919 0.66739035 -0.20040067
v -0.06029237 0.68501526 -0.19822453
v -0.08171675 0.69144249 -0.19360670
v -0.10278042 0.69793254 -0.18036565
v -0.12183782 0.70581019 -0.15949979
v -0.13601670 0.70383465 -0.14979903
v -0.15756819 0.68627536 -0.14773713
v -0.16695035 0.68456948 -0.14105342
v -0.17647883 0.68191862 -0.13383514
v -0.17689107 0.69366801 -0.12063757
v -0.16688064 0.69768095 -0.12841374
v -0.22545947 0.62529284 -0.07751743
v -0.23110564 0.61222810 -0.07185249
v -0.23394039 0.60125840 -0.07275181
v -0.23410618 0.59175211 -0.07638486
v -0.22952339 0.58352965 -0.08238380
v -0.22067812 0.57911426 -0.08884117
v -0.21018136 0.58065933 -0.09546950
v -0.18149224 0.59572810 -0.11579226
v -0.17526382 0.59938562 -0.12392920
v -0.16304871 0.58835572 -0.13574862
v -0.15879245 0.58325297 -0.13922335
v -0.14393252 0.56128764 -0.15029845
v -0.13460223 0.54701447 -0.15509331
v -0.12411252 0.52834111 -0.15980795
v -0.08099765 0.27464312 -0.12002823
v -0.09809584 0.27940705 -0.11241619
v -0.09554932 0.29592144 -0.11288694
v -0.07774079 0.29303199 -0.11806345
v -0.03846204 0.32991773 -0.13196385
v -0.01924946 0.32855451 -0.13008891
v -0.13398311 0.30579561 -0.06539672
v -0.13727537 0.30602914 -0.04366573
v -0.11204219 0.30062908 -0.10074822
v -0.12519994 0.30387235 -0.08498945
v -0.13513309 0.30413479 -0.02235813
v -0.08678674 0.28976393 0.04770014
v -0.06959590 0.28611761 0.06013168
v -0.03456962 0.28034544 0.07585008
v -0.01805208 0.27926481 0.07934636
v -0.12941565 0.30060050 -0.00259136
v -0.05168616 0.28326023 0.06952055
v -0.11872692 0.29618281 0.01536985
v -0.10414740 0.29204181 0.03208717
v -0.05732877 0.33135289 -0.12955196
v -0.05895547 0.30915278 -0.12386349
v -0.07685359 0.31235701 -0.12166343
v -0.04028817 0.57773656 -0.20662147
v -0.06243867 0.58069175 -0.20632216
v -0.08403428 0.58632004 -0.20323631
v -0.10075621 0.60978562 -0.20125078
v -0.10358098 0.59364164 -0.19776425
v -0.12016993 0.60107028 -0.18898462
v -0.11758094 0.61504960 -0.19269077
v -0.14279135 0.62132692 -0.17297424
v -0.14253937 0.61228937 -0.16865361
v -0.15025255 0.61393559 -0.16319123
v -0.15071577 0.62342721 -0.16635272
v -0.15707782 0.61559838 -0.15769368
v -0.16457728 0.61629093 -0.15143873
v -0.17176266 0.61622000 -0.14393808
v -0.18078093 0.61428863 -0.13514137
v -0.18600427 0.63207632 -0.13824484
v -0.17689274 0.63332045 -0.14776370
v -0.14255705 0.63295585 -0.17407410
v -0.12936820 0.63102770 -0.18375090
v -0.03883609 0.61309874 -0.20722181
v -0.01814070 0.60954070 -0.20584407
v -0.13169682 0.56694108 -0.06732393
v -0.14053610 0.56141609 -0.08036724
v -0.14826705 0.55825967 -0.09456080
v -0.15214221 0.55666953 -0.10832289
v -0.15438165 0.55994111 -0.12230957
v -0.15290584 0.56401545 -0.13500312
v -0.15427807 0.57746094 -0.14253394
v -0.14978920 0.57024658 -0.14603138
v -0.15241905 0.58483148 -0.15156034
v -0.14638281 0.57828838 -0.15627973
v -0.14285196 0.58738559 -0.16506344
v -0.13830604 0.59700698 -0.17275842
v -0.13335624 0.60775077 -0.17821449
v -0.13140114 0.61883366 -0.18242820
v -0.11628490 0.62898624 -0.19408840
v -0.10015079 0.62569273 -0.20193186
v -0.08156745 0.63763237 -0.20579886
v -0.08185571 0.65139925 -0.20517994
v -0.08072799 0.62216347 -0.20612605
v -0.08059090 0.60453290 -0.20618404
v -0.07406168 0.73605871 -0.16257967
v -0.05711903 0.73061323 -0.17284355
v -0.21072963 0.59345430 -0.10028775
v -0.20766243 0.59094393 -0.10189728
v -0.20921990 0.58683956 -0.09915221
v -0.21584079 0.58753800 -0.09467155
v -0.22096941 0.59164655 -0.09057072
v -0.21641967 0.60422498 -0.09678690
v -0.21444276 0.59784126 -0.09814270
v -0.22411069 0.59851795 -0.08708769
v -0.22509876 0.60668343 -0.08538225
v -0.21793294 0.61124790 -0.09579071
v -0.22426200 0.61569113 -0.08574133
v -0.21849573 0.61848432 -0.09570633
v -0.22130796 0.62512362 -0.08929616
v -0.21806440 0.62432617 -0.09645455
v -0.20110528 0.64290118 -0.12365208
v -0.20803972 0.63655001 -0.11393723
v -0.21411040 0.62949681 -0.10390311
v -0.19017929 0.61026573 -0.12536144
v -0.19950417 0.60688531 -0.11582105
v -0.20684591 0.60318273 -0.10669132
v -0.20921403 0.60949183 -0.10678226
v -0.20211573 0.61346829 -0.11689866
v -0.19301310 0.61716986 -0.12718368
v -0.03880145 0.59686613 -0.20787704
v -0.05960586 0.59963840 -0.20809388
v -0.15864165 0.62456203 -0.16019385
v -0.16592507 0.62497371 -0.15418832
v -0.17436191 0.62423921 -0.14669186
v -0.18366084 0.62212622 -0.13765047
v -0.16982457 0.63459164 -0.15528207
v -0.16078943 0.63493615 -0.16085112
v -0.15159823 0.63418430 -0.16706248
v -0.05971394 0.61689669 -0.20819224
v -0.01874192 0.59467286 -0.20646788
v -0.14804924 0.67724019 -0.04536244
v -0.15759665 0.69327116 -0.05898746
v -0.16786611 0.70118827 -0.07850204
v -0.17465718 0.70115781 -0.10112281
v -0.24938154 0.49379754 0.01613840
v -0.01416722 0.38111213 -0.14853998
v -0.01652411 0.35509971 -0.13927065
v -0.03646908 0.35416830 -0.14096344
v -0.01709790 0.50872314 -0.19243188
v -0.01976791 0.57697141 -0.20583321
v -0.07256810 0.59086132 -0.00361633
v -0.06290996 0.59144843 -0.00060214
v -0.06369012 0.60318804 -0.00434023
v -0.07441242 0.60269976 -0.00718416
v -0.08910932 0.58841938 -0.01159539
v -0.08146224 0.58992982 -0.00723890
v -0.08413874 0.60183287 -0.01022929
v -0.09260193 0.60017025 -0.01385936
v -0.09592158 0.58546084 -0.01622207
v -0.10013259 0.59726506 -0.01822333
v -0.07954408 0.57723349 -0.00421567
v -0.07168403 0.57855791 -0.00003897
v -0.06258942 0.57918990 0.00274783
v -0.09282245 0.57340562 -0.01341012
v -0.08656669 0.57584721 -0.00870280
v -0.01365201 0.80301261 -0.00337065
v -0.01826016 0.81108367 0.01097823
v -0.02428959 0.85776901 0.01433509
v -0.02459227 0.86176348 0.01172088
v -0.00447861 0.70985782 -0.05836351
v -0.00459481 0.72034931 -0.05971438
v -0.00068775 0.58779502 -0.00652840
v -0.00146371 0.61741352 -0.01566555
v -0.00266991 0.63144404 -0.02100079
v -0.00360504 0.64611071 -0.02656987
v -0.00579290 0.70085186 -0.05381169
v -0.00119410 0.60243148 -0.01126500
v -0.14389312 0.12226465 -0.06114092
v -0.13069642 0.10070348 -0.07213438
v -0.13255881 0.12754166 -0.08168639
v -0.12165910 0.11217785 -0.08900898
v -0.14241694 0.19732767 -0.08048068
v -0.13912642 0.17146420 -0.07839389
v -0.14433679 0.22479624 -0.08494830
v -0.10443492 0.10188299 -0.09737103
v -0.08213585 0.09626675 -0.10365638
v -0.07907811 0.11450276 -0.11556339
v -0.12950826 0.21677588 -0.10467616
v -0.12882927 0.19124705 -0.10086630
v -0.12377903 0.13169327 -0.09237690
v -0.13701853 0.14728883 -0.07805271
v -0.12482949 0.14565617 -0.09450983
v -0.09985205 0.11826065 -0.10826301
v -0.11462618 0.12480733 -0.10005745
v -0.04568154 0.26632673 -0.12734334
v -0.02519728 0.24518956 -0.13322689
v -0.04860216 0.24587253 -0.13165891
v -0.11378647 0.28435442 -0.10049950
v -0.10492099 0.25814426 -0.11763424
v -0.11224192 0.14106098 -0.10752071
v -0.09736142 0.13699186 -0.11832795
v -0.07698175 0.13425332 -0.12689552
v -0.07467460 0.20438766 -0.13680294
v -0.07578361 0.18116713 -0.13729164
v -0.09606845 0.18217683 -0.12934330
v -0.09461997 0.20659417 -0.13062789
v -0.11076450 0.23521668 -0.12081027
v -0.11272104 0.21015441 -0.11991236
v -0.07239632 0.22765939 -0.13451442
v -0.09241493 0.23070881 -0.12964515
v -0.08720940 0.25345099 -0.12553778
v -0.11339842 0.18515837 -0.11727227
v -0.05154696 0.15662837 -0.13717869
v -0.07625566 0.15745857 -0.13427541
v -0.02561850 0.15723893 -0.13386008
v -0.06866048 0.24966899 -0.12908515
v -0.06378733 0.27028731 -0.12363620
v -0.06044377 0.28973567 -0.12095830
v -0.05579830 0.35391551 -0.13652636
v -0.16405798 -0.02529201 0.14813744
v -0.01597048 0.08911729 0.03745625
v -0.01241640 0.08553410 0.01914558
v -0.16587159 0.18507293 0.02589972
v -0.16526957 0.15115356 -0.02842823
v -0.15000741 0.14839482 -0.05512504
v -0.04310933 0.11111373 0.07877366
v -0.02758178 0.09980777 0.06583339
v -0.15471679 0.18165168 0.05327628
v -0.11335853 0.15373376 0.08837698
v -0.02022715 0.09333578 0.05190273
v -0.12573597 0.16735062 -0.09722079
v -0.11238118 0.16194797 -0.11228588
v -0.09648382 0.15839800 -0.12498873
v -0.05292258 0.13420478 -0.13027290
v -0.02585595 0.13714021 -0.12667874
v -0.02681099 0.15486720 0.09700149
v -0.02220822 0.16666496 0.09536210
v -0.01467747 0.16397148 0.09729241
v -0.01575507 0.14689603 0.09816084
v -0.08713917 0.27051562 0.05041540
v -0.06768484 0.26652974 0.06245203
v -0.03339645 0.26070571 0.07825711
v -0.01725782 0.25978947 0.08079227
v -0.13451467 0.28534824 0.00046891
v -0.05018780 0.26310080 0.07257614
v -0.12374578 0.27992857 0.01928719
v -0.10741608 0.27451885 0.03600654
v -0.17069779 -0.44509768 0.13013810
v -0.17376702 -0.46869621 0.13739173
v -0.17142223 -0.46991223 0.12417764
v -0.16555816 -0.44545889 0.11813407
v -0.17225549 -0.44393080 0.09030411
v -0.16578284 -0.44524950 0.09930012
v -0.18407227 -0.44323334 0.08519226
v -0.18590458 -0.47014984 0.08903505
v -0.19765031 -0.46955279 0.09212503
v -0.19676046 -0.44313562 0.08550306
v -0.20757541 -0.44245800 0.09079474
v -0.21663132 -0.46822360 0.10521203
v -0.22113633 -0.46590775 0.12114803
v -0.22117394 -0.44062686 0.11607824
v -0.21630464 -0.44177505 0.09966388
v -0.22267017 -0.44218192 0.13590080
v -0.22396880 -0.46491924 0.14032175
v -0.21392313 -0.44324630 0.14984468
v -0.17927498 -0.44517654 0.14282390
v -0.18084368 -0.46696636 0.15186763
v -0.17492650 -0.47063261 0.09392933
v -0.17053135 -0.47134852 0.10478040
v -0.16333334 -0.44615522 0.10939532
v -0.17123610 -0.47078192 0.11444499
v -0.17271483 -0.49349734 0.13337247
v -0.17226148 -0.49015370 0.14829102
v -0.17587261 -0.49642470 0.09856233
v -0.17458874 -0.49575356 0.11188326
v -0.19739841 -0.49449375 0.09857301
v -0.18591350 -0.49581796 0.09238638
v -0.22014165 -0.49209478 0.10906798
v -0.20812072 -0.46896830 0.09684350
v -0.20956290 -0.49374148 0.10253308
v -0.22631189 -0.48835266 0.12439407
v -0.22675484 -0.48473620 0.14568873
v -0.18165006 -0.48597214 0.16319114
v -0.17428622 -0.49506056 0.12242226
v -0.29459706 -0.53438640 0.28984612
v -0.28913414 -0.53371310 0.29423359
v -0.29050213 -0.52916068 0.29151088
v -0.29379329 -0.53031480 0.28877008
v -0.26796386 -0.52446043 0.31373331
v -0.25595278 -0.52588099 0.31800964
v -0.25972626 -0.51468503 0.31560376
v -0.26730040 -0.51454157 0.31252816
v -0.28118113 -0.52932000 0.30714279
v -0.28758967 -0.53040677 0.30357152
v -0.28354979 -0.53434896 0.30221617
v -0.27973026 -0.53328621 0.30461338
v -0.29817888 -0.54464710 0.25407076
v -0.30147570 -0.54642618 0.24937660
v -0.29988903 -0.54995680 0.24994671
v -0.29718983 -0.54944128 0.25292984
v -0.29650885 -0.53918928 0.27640328
v -0.29964209 -0.54199570 0.27122587
v -0.29781902 -0.54448044 0.27159131
v -0.29546338 -0.54414982 0.27466714
v -0.25954276 -0.51606768 0.29296121
v -0.26591843 -0.51415789 0.30411297
v -0.25352049 -0.51322001 0.30901188
v -0.24613938 -0.51191944 0.29751939
v -0.24580537 -0.52234840 0.31151065
v -0.25167468 -0.52943963 0.30717877
v -0.24411300 -0.53273648 0.29635698
v -0.23823914 -0.52338743 0.29891554
v -0.26312450 -0.53145796 0.30341971
v -0.25689912 -0.53490543 0.29272816
v -0.26522312 -0.52826899 0.29045990
v -0.27334517 -0.52444619 0.30214006
v -0.28041756 -0.53138387 0.28444988
v -0.28803027 -0.53111458 0.29409343
v -0.28472316 -0.52401298 0.29595503
v -0.27763933 -0.52325714 0.28537178
v -0.27813596 -0.52290225 0.30011657
v -0.26854801 -0.52117908 0.29139858
v -0.26494789 -0.53011709 0.29337344
v -0.27249095 -0.52756166 0.30471575
v -0.27440995 -0.53402883 0.30036244
v -0.26699048 -0.53655362 0.28995305
v -0.27444166 -0.53773582 0.28635466
v -0.28135657 -0.53622943 0.29589915
v -0.28850356 -0.52816761 0.27238062
v -0.29220489 -0.53041673 0.28298956
v -0.28643921 -0.52888024 0.28685552
v -0.28074944 -0.52656192 0.27897677
v -0.28251016 -0.53467816 0.29097441
v -0.28572547 -0.53917277 0.28774875
v -0.27961123 -0.54058158 0.27973026
v -0.27703416 -0.53520060 0.28284311
v -0.28668582 -0.54179329 0.27444685
v -0.29098102 -0.54108900 0.28405675
v -0.29211640 -0.53498906 0.27250364
v -0.29554856 -0.53606915 0.28187490
v -0.29824352 -0.54179084 0.25416946
v -0.30086666 -0.54292858 0.26380780
v -0.29905349 -0.53719056 0.26476464
v -0.29628044 -0.53479624 0.25428945
v -0.29450122 -0.53474897 0.26893142
v -0.29066479 -0.53312165 0.26154786
v -0.29125643 -0.53791469 0.27268660
v -0.29168358 -0.54536843 0.27092448
v -0.28855085 -0.54585081 0.26375505
v -0.28883135 -0.53729177 0.26661134
v -0.29636377 -0.54735315 0.26640993
v -0.29377347 -0.54792833 0.25732550
v -0.29953325 -0.54030699 0.23500827
v -0.29966050 -0.54655033 0.23409230
v -0.30235794 -0.54729903 0.24236549
v -0.30123922 -0.54184818 0.24283233
v -0.29767913 -0.53986388 0.24713016
v -0.29606900 -0.53806573 0.24159825
v -0.29422763 -0.54351294 0.25044328
v -0.29376441 -0.55064702 0.24988133
v -0.29222655 -0.55073321 0.24482700
v -0.29416019 -0.54291326 0.24552980
v -0.29865760 -0.55175483 0.24541327
v -0.29619324 -0.55146599 0.23854434
v -0.23973590 -0.51248175 0.28509879
v -0.25625053 -0.51993805 0.28047115
v -0.25736839 -0.52745646 0.31337276
v -0.23202707 -0.52588570 0.28647301
v -0.26374629 -0.52858120 0.31124160
v -0.25471807 -0.53821415 0.28119880
v -0.23833628 -0.53644633 0.28405607
v -0.26064569 -0.53003085 0.28604120
v -0.28671485 -0.52559310 0.30216464
v -0.27417392 -0.53454572 0.27794683
v -0.26992184 -0.54200053 0.27215016
v -0.28274536 -0.52512532 0.30441770
v -0.27103543 -0.52455449 0.27130365
v -0.28174907 -0.53091949 0.25633723
v -0.28924942 -0.53838724 0.29208791
v -0.29194623 -0.53941739 0.28994423
v -0.28220546 -0.54676092 0.25915939
v -0.28827286 -0.53676862 0.26421618
v -0.29951087 -0.53825974 0.27033296
v -0.29525632 -0.54202753 0.24531323
v -0.28961885 -0.55087727 0.24382576
v -0.29724142 -0.53641045 0.27284086
v -0.29098925 -0.53487641 0.23963313
v -0.30066076 -0.54317439 0.24808037
v -0.29727873 -0.54565328 0.22428951
v -0.29348063 -0.55257225 0.23046470
v -0.29887328 -0.54169136 0.25058562
v -0.29634526 -0.53813553 0.22594705
v -0.18923011 -0.44461173 0.15292430
v -0.19191313 -0.46534020 0.16093542
v -0.20176043 -0.44410992 0.15518464
v -0.21591601 -0.46494752 0.15487649
v -0.20542865 -0.46493074 0.16131920
v -0.19598965 -0.48345524 0.17099117
v -0.21927418 -0.48321664 0.16125554
v -0.20924580 -0.48196352 0.17009680
v -0.22060059 -0.51172662 0.10872930
v -0.23017508 -0.50752354 0.12484920
v -0.20725659 -0.51352322 0.10510522
v -0.18552153 -0.51659906 0.09256516
v -0.19634819 -0.51503372 0.09967529
v -0.20091429 -0.49665895 0.18381473
v -0.18685910 -0.50391388 0.17153868
v -0.21615914 -0.49244785 0.18375671
v -0.22892830 -0.49428684 0.17164397
v -0.22724988 -0.51083839 0.27245176
v -0.21822342 -0.51668477 0.25436836
v -0.23235533 -0.50582939 0.24890433
v -0.24486880 -0.51155412 0.26493195
v -0.24805331 -0.51070976 0.23734739
v -0.25891399 -0.51942557 0.25424513
v -0.26141325 -0.51685810 0.22438735
v -0.27100766 -0.52506495 0.24045038
v -0.27189320 -0.52423275 0.21169923
v -0.28110179 -0.53097457 0.22630411
v -0.28064924 -0.53323114 0.20107752
v -0.29027790 -0.53514177 0.21462446
v -0.28721607 -0.54442620 0.19633779
v -0.29489815 -0.54484898 0.21171129
v -0.22106414 -0.52905917 0.27388787
v -0.21384650 -0.53365654 0.25581047
v -0.22992101 -0.54215580 0.27012971
v -0.22223765 -0.54860532 0.25289500
v -0.24441785 -0.54500949 0.26219052
v -0.23597029 -0.55130219 0.24500625
v -0.28293189 -0.55645645 0.20381150
v -0.28954098 -0.55565172 0.21885419
v -0.25836685 -0.54882163 0.25133321
v -0.24973512 -0.55321735 0.23431830
v -0.27039880 -0.55339593 0.23979451
v -0.26211017 -0.55664790 0.22356880
v -0.28035772 -0.55644262 0.22875151
v -0.27304035 -0.55855930 0.21339291
v -0.21921980 -0.50589001 0.22973999
v -0.23641303 -0.50201946 0.21988240
v -0.24990338 -0.50917596 0.20628420
v -0.26005572 -0.51955086 0.19306608
v -0.26774943 -0.53298205 0.18315087
v -0.27545166 -0.54434425 0.17826796
v -0.24818945 -0.51502317 0.16732419
v -0.25423253 -0.53631264 0.16251248
v -0.26001287 -0.54847312 0.16131523
v -0.24127106 -0.54143554 0.14150760
v -0.24654555 -0.55338550 0.14281909
v -0.22053285 -0.55050969 0.10898663
v -0.22659919 -0.56534588 0.10871813
v -0.23575640 -0.55870116 0.12344885
v -0.22983691 -0.54581010 0.12295537
v -0.23870179 -0.52183008 0.14320199
v -0.22665213 -0.52701044 0.12389490
v -0.21618663 -0.53041828 0.11179281
v -0.20465514 -0.57220030 0.09405142
v -0.21705696 -0.57007015 0.09879394
v -0.21245179 -0.55380422 0.09915362
v -0.20161834 -0.55599082 0.09138404
v -0.18571864 -0.55882204 0.09112194
v -0.18892255 -0.57492733 0.09674039
v -0.17567927 -0.55850786 0.10675363
v -0.17735186 -0.57457942 0.11020398
v -0.19886681 -0.53462386 0.09557433
v -0.20716023 -0.53332239 0.10386861
v -0.18587303 -0.53677100 0.09112867
v -0.17635377 -0.53660119 0.10478858
v -0.17872858 -0.53425205 0.12080032
v -0.17759912 -0.55451965 0.12473332
v -0.17659438 -0.57068765 0.12763989
v -0.20936534 -0.52252114 0.23307201
v -0.20943892 -0.53665906 0.23286986
v -0.23972842 -0.50137198 0.18729134
v -0.22478090 -0.49608397 0.20173360
v -0.20576121 -0.50766158 0.20316765
v -0.19903880 -0.52852654 0.20951416
v -0.20386055 -0.54279089 0.20812349
v -0.19793773 -0.54914510 0.18567356
v -0.19101065 -0.53728998 0.18674693
v -0.21627373 -0.54873246 0.22984937
v -0.21179661 -0.55036408 0.20455708
v -0.20518245 -0.55545795 0.18252078
v -0.19052550 -0.55535769 0.16754995
v -0.18460655 -0.54361963 0.16748013
v -0.18514395 -0.56038702 0.15330224
v -0.18234016 -0.54707038 0.15131173
v -0.18047673 -0.55029148 0.13838033
v -0.18031652 -0.56527996 0.14140385
v -0.18030828 -0.53015584 0.14585985
v -0.17951830 -0.53228027 0.13375568
v -0.18177120 -0.52709365 0.16228029
v -0.18888450 -0.51990819 0.18186978
v -0.27309430 -0.55698341 0.18492083
v -0.25934014 -0.55840921 0.16638732
v -0.24590269 -0.56198817 0.14748859
v -0.23545831 -0.56938946 0.12861563
v -0.22428422 -0.57546318 0.11574803
v -0.21540460 -0.57907629 0.10807510
v -0.19234775 -0.58135331 0.10643296
v -0.20495245 -0.58093441 0.10355423
v -0.18412128 -0.58108419 0.11551006
v -0.18383491 -0.57895327 0.12956038
v -0.18656924 -0.57579601 0.14164911
v -0.19725907 -0.56350803 0.16547325
v -0.19073118 -0.57101691 0.15290125
v -0.17639212 -0.50989497 0.15602428
v -0.17414327 -0.51303786 0.14009736
v -0.17594683 -0.51448846 0.12851761
v -0.17646962 -0.51680362 0.10274795
v -0.17704771 -0.51559675 0.11718307
v -0.22801526 -0.55393183 0.22339831
v -0.24129035 -0.55542445 0.21372701
v -0.25353017 -0.55782747 0.20363630
v -0.26408526 -0.55912590 0.19413784
v -0.25318393 -0.56148690 0.17372489
v -0.24390650 -0.56091511 0.18169898
v -0.23244432 -0.55953568 0.19079569
v -0.22089896 -0.55554366 0.19913267
v -0.24050885 -0.56601620 0.15479225
v -0.23267817 -0.56612027 0.16234621
v -0.22263116 -0.56512845 0.16986230
v -0.21315095 -0.56155992 0.17780858
v -0.20437592 -0.56963181 0.16106562
v -0.21220011 -0.57221043 0.15296352
v -0.22106045 -0.57262921 0.14606698
v -0.22841907 -0.57249343 0.13776624
v -0.21832734 -0.57742345 0.12510329
v -0.21184957 -0.57693374 0.13351499
v -0.20415378 -0.57684797 0.14048569
v -0.19795632 -0.57511669 0.14757133
v -0.21109580 -0.57982588 0.11802337
v -0.19602562 -0.58257294 0.11346646
v -0.20402288 -0.58155715 0.11372943
v -0.19047341 -0.58282733 0.11889081
v -0.19114238 -0.58092260 0.12839936
v -0.19400451 -0.57854509 0.13774893
v -0.19983546 -0.57896256 0.13243863
v -0.19673708 -0.58057386 0.12590057
v -0.20643526 -0.57938385 0.12578876
v -0.20175087 -0.58052850 0.12085925
v -0.19498169 -0.58160043 0.12079479
v -0.19759467 -0.58161187 0.11832321
v -0.23209712 -0.50287771 0.15098134
v -0.17870998 -0.18861651 0.17335398
v -0.16372064 -0.18792704 0.16906297
v -0.19308464 -0.18472776 0.17085005
v -0.13331917 0.17845619 0.07282216
v -0.07102763 0.39897728 0.03935067
v -0.07070716 0.43843499 0.02602339
v -0.07039703 0.41834354 0.03188711
v -0.13987744 0.15896550 0.08095322
v -0.11133149 0.45745739 -0.01883092
v -0.07721751 0.61501378 -0.01067334
v -0.08464517 0.86680281 -0.11312906
v -0.08250064 0.86355269 -0.11254046
v -0.08074223 0.86081445 -0.11373742
v -0.07971399 0.85806930 -0.11531146
v -0.07776485 0.85626018 -0.11744505
v -0.07507703 0.85625052 -0.12049919
v -0.08169346 0.86124563 -0.11663074
v -0.07868431 0.86381608 -0.11973584
v -0.07979212 0.86584014 -0.11927751
v -0.08256284 0.86364079 -0.11601303
f 2 3 1
f 1 3 4
f 3 2 5
f 5 2 6
f 3 7 4
f 4 7 8
f 10 11 9
f 9 11 12
f 14 15 13
f 13 15 16
f 18 19 17
f 17 19 20
f 22 23 21
f 21 23 24
f 26 18 25
f 25 18 17
f 27 28 17
f 17 28 25
f 30 31 29
f 29 31 32
f 34 35 33
f 33 35 36
f 21 24 37
f 37 24 38
f 40 31 39
f 39 31 38
f 34 33 28
f 28 33 25
f 41 42 44
f 44 42 43
f 36 45 33
f 33 45 25
f 46 47 49
f 49 47 48
f 51 52 50
f 50 52 53
f 55 53 54
f 54 53 52
f 57 58 56
f 56 58 59
f 61 62 60
f 60 62 63
f 65 66 64
f 64 66 67
f 69 70 68
f 68 70 71
f 65 73 72
f 72 73 74
f 64 75 65
f 65 75 73
f 77 78 76
f 76 78 79
f 80 81 83
f 83 81 82
f 81 85 84
f 84 85 86
f 88 89 87
f 87 89 69
f 88 87 90
f 90 87 91
f 93 94 92
f 92 94 95
f 96 84 43
f 43 84 44
f 51 98 97
f 97 98 86
f 97 99 51
f 51 99 52
f 54 52 100
f 100 52 99
f 58 101 59
f 59 101 102
f 62 103 63
f 63 103 104
f 105 106 6
f 6 106 5
f 108 109 107
f 107 109 110
f 112 113 111
f 111 113 114
f 116 117 115
f 115 117 118
f 120 121 119
f 119 121 122
f 124 125 123
f 123 125 126
f 128 129 127
f 127 129 130
f 130 131 127
f 127 131 132
f 134 1 133
f 133 1 135
f 1 4 135
f 135 4 136
f 4 8 136
f 136 8 137
f 138 139 15
f 15 139 140
f 140 139 141
f 141 139 142
f 144 57 143
f 143 57 56
f 145 146 141
f 141 146 147
f 146 149 148
f 148 149 150
f 152 153 151
f 151 153 154
f 141 147 140
f 140 147 155
f 157 11 156
f 156 11 158
f 160 161 159
f 159 161 162
f 164 165 163
f 163 165 166
f 165 160 166
f 166 160 159
f 168 169 167
f 167 169 170
f 169 171 170
f 170 171 172
f 149 173 150
f 150 173 174
f 175 176 149
f 149 176 173
f 178 172 177
f 177 172 171
f 180 181 179
f 179 181 182
f 184 180 183
f 183 180 179
f 186 187 185
f 185 187 188
f 190 191 189
f 189 191 192
f 7 193 8
f 8 193 194
f 196 162 195
f 195 162 161
f 197 168 198
f 198 168 167
f 181 199 182
f 182 199 200
f 202 203 201
f 201 203 204
f 187 186 205
f 205 186 206
f 208 209 207
f 207 209 210
f 212 213 211
f 211 213 214
f 215 216 218
f 218 216 217
f 220 209 219
f 219 209 208
f 204 186 221
f 221 186 185
f 201 204 222
f 222 204 221
f 223 211 220
f 220 211 209
f 224 225 214
f 214 225 210
f 203 206 204
f 204 206 186
f 227 187 226
f 226 187 205
f 27 228 21
f 21 228 22
f 230 231 229
f 229 231 232
f 234 235 233
f 233 235 236
f 238 239 237
f 237 239 240
f 119 122 118
f 118 122 115
f 112 242 241
f 241 242 243
f 98 51 244
f 244 51 50
f 245 138 14
f 14 138 15
f 11 10 158
f 158 10 246
f 89 85 69
f 69 85 70
f 11 157 12
f 12 157 247
f 249 164 248
f 248 164 163
f 177 250 178
f 178 250 251
f 253 254 252
f 252 254 255
f 187 227 188
f 188 227 256
f 212 257 213
f 213 257 258
f 260 134 259
f 259 134 133
f 165 164 135
f 135 164 133
f 160 165 136
f 136 165 135
f 136 137 160
f 160 137 161
f 137 261 161
f 161 261 195
f 263 264 262
f 262 264 265
f 13 16 266
f 266 16 267
f 268 267 155
f 155 267 16
f 147 269 155
f 155 269 268
f 162 196 167
f 167 196 198
f 167 170 162
f 162 170 159
f 170 172 159
f 159 172 166
f 172 178 166
f 166 178 163
f 178 251 163
f 163 251 248
f 168 270 169
f 169 270 271
f 272 273 171
f 171 273 177
f 271 272 169
f 169 272 171
f 168 197 270
f 270 197 274
f 250 177 275
f 275 177 273
f 277 45 276
f 276 45 278
f 280 281 279
f 279 281 282
f 284 104 283
f 283 104 103
f 285 215 286
f 286 215 218
f 288 289 287
f 287 289 290
f 291 80 66
f 66 80 83
f 293 294 292
f 292 294 295
f 73 91 74
f 74 91 87
f 91 73 92
f 92 73 75
f 279 77 280
f 280 77 76
f 80 291 70
f 70 291 71
f 277 47 96
f 96 47 82
f 297 175 296
f 296 175 149
f 299 154 298
f 298 154 153
f 225 300 210
f 210 300 207
f 224 301 206
f 206 301 205
f 210 209 214
f 214 209 211
f 226 205 302
f 302 205 301
f 304 305 303
f 303 305 306
f 308 309 307
f 307 309 310
f 72 291 65
f 65 291 66
f 66 83 67
f 67 83 46
f 312 313 311
f 311 313 314
f 316 317 315
f 315 317 36
f 29 318 35
f 35 318 319
f 321 32 320
f 320 32 322
f 311 314 323
f 323 314 324
f 315 325 316
f 316 325 326
f 318 287 319
f 319 287 290
f 328 321 327
f 327 321 320
f 329 330 39
f 39 330 331
f 332 333 40
f 40 333 322
f 309 334 285
f 285 334 335
f 236 2 134
f 134 2 1
f 260 336 233
f 233 336 337
f 237 14 265
f 265 14 13
f 84 86 44
f 44 86 98
f 189 192 7
f 7 192 193
f 44 98 41
f 41 98 244
f 237 240 14
f 14 240 245
f 7 3 189
f 189 3 5
f 338 71 72
f 72 71 291
f 262 265 266
f 266 265 13
f 124 123 339
f 339 123 105
f 123 109 105
f 105 109 106
f 189 5 190
f 190 5 106
f 111 114 12
f 12 114 9
f 264 340 265
f 265 340 237
f 342 343 341
f 341 343 344
f 6 235 105
f 105 235 339
f 234 346 345
f 345 346 347
f 349 350 348
f 348 350 351
f 107 352 108
f 108 352 353
f 355 356 354
f 354 356 357
f 237 340 238
f 238 340 358
f 12 247 111
f 111 247 359
f 264 263 116
f 116 263 360
f 361 362 222
f 222 362 201
f 364 365 363
f 363 365 366
f 368 369 367
f 367 369 370
f 372 373 371
f 371 373 374
f 375 376 372
f 372 376 377
f 378 379 381
f 381 379 380
f 382 383 269
f 269 383 268
f 150 174 365
f 365 174 384
f 380 377 381
f 381 377 376
f 271 270 180
f 180 270 181
f 273 272 252
f 252 272 184
f 272 271 184
f 184 271 180
f 181 270 274
f 252 255 273
f 273 255 275
f 254 385 255
f 255 385 386
f 387 388 179
f 179 388 183
f 389 387 182
f 182 387 179
f 182 200 389
f 389 200 390
f 388 391 183
f 183 391 253
f 391 392 253
f 253 392 254
f 394 379 393
f 393 379 378
f 185 188 395
f 395 188 396
f 221 185 397
f 397 185 395
f 222 221 398
f 398 221 397
f 188 256 396
f 396 256 399
f 400 401 256
f 256 401 399
f 402 403 405
f 405 403 404
f 148 150 364
f 364 150 365
f 393 406 394
f 394 406 407
f 158 246 393
f 393 246 406
f 342 19 238
f 238 19 239
f 23 22 350
f 350 22 354
f 244 50 245
f 245 50 138
f 55 142 53
f 53 142 139
f 145 144 296
f 296 144 143
f 355 228 341
f 341 228 20
f 41 240 42
f 42 240 239
f 283 308 284
f 284 308 307
f 349 409 408
f 408 409 410
f 244 245 41
f 41 245 240
f 268 383 406
f 406 383 407
f 346 411 349
f 349 411 409
f 251 412 248
f 248 412 413
f 275 414 250
f 250 414 415
f 25 45 26
f 26 45 277
f 43 26 96
f 96 26 277
f 416 417 61
f 61 417 62
f 329 24 408
f 408 24 23
f 31 40 32
f 32 40 322
f 39 38 329
f 329 38 24
f 37 38 30
f 30 38 31
f 418 419 421
f 421 419 420
f 78 295 79
f 79 295 294
f 124 339 422
f 422 339 345
f 232 131 357
f 357 131 351
f 2 236 6
f 6 236 235
f 252 184 253
f 253 184 183
f 227 423 256
f 256 423 400
f 423 227 305
f 305 227 226
f 424 258 425
f 425 258 257
f 426 427 212
f 212 427 257
f 259 133 249
f 249 133 164
f 419 418 428
f 428 418 429
f 327 430 328
f 328 430 288
f 49 431 46
f 46 431 67
f 306 302 424
f 424 302 258
f 313 432 314
f 314 432 433
f 32 321 29
f 29 321 318
f 324 314 433
f 287 318 328
f 328 318 321
f 134 260 236
f 236 260 233
f 345 339 234
f 234 339 235
f 357 351 354
f 354 351 350
f 408 23 349
f 349 23 350
f 317 278 36
f 36 278 45
f 432 313 429
f 429 313 428
f 435 428 434
f 434 428 313
f 42 239 18
f 18 239 19
f 43 42 26
f 26 42 18
f 121 120 436
f 436 120 437
f 302 301 258
f 258 301 213
f 110 109 126
f 126 109 123
f 238 358 342
f 342 358 343
f 341 20 342
f 342 20 19
f 322 438 320
f 320 438 439
f 320 439 327
f 327 439 430
f 333 440 322
f 322 440 438
f 289 288 323
f 323 288 430
f 115 340 116
f 116 340 264
f 146 145 149
f 149 145 296
f 15 140 16
f 16 140 155
f 441 442 152
f 152 442 153
f 225 224 203
f 203 224 206
f 175 297 154
f 154 297 151
f 293 443 294
f 294 443 444
f 248 413 249
f 249 413 445
f 446 447 400
f 400 447 401
f 388 387 396
f 396 387 395
f 387 389 395
f 395 389 397
f 391 388 399
f 399 388 396
f 401 392 399
f 399 392 391
f 255 386 275
f 275 386 414
f 449 450 448
f 448 450 451
f 335 452 285
f 285 452 215
f 453 298 442
f 442 298 153
f 211 223 212
f 212 223 426
f 425 257 454
f 454 257 427
f 266 10 262
f 262 10 9
f 360 113 456
f 456 113 455
f 8 194 137
f 137 194 261
f 10 266 246
f 246 266 267
f 203 202 225
f 225 202 300
f 262 9 263
f 263 9 114
f 108 353 190
f 190 353 191
f 389 390 397
f 397 390 398
f 457 422 128
f 128 422 129
f 156 158 378
f 378 158 393
f 347 346 348
f 348 346 349
f 447 458 401
f 401 458 392
f 364 382 148
f 148 382 269
f 55 54 57
f 57 54 58
f 75 64 459
f 459 64 460
f 100 90 101
f 101 90 95
f 101 58 100
f 100 58 54
f 142 55 144
f 144 55 57
f 147 146 269
f 269 146 148
f 459 93 75
f 75 93 92
f 144 145 142
f 142 145 141
f 228 27 20
f 20 27 17
f 154 299 175
f 175 299 176
f 214 213 224
f 224 213 301
f 424 461 306
f 306 461 303
f 285 286 309
f 309 286 310
f 462 334 308
f 308 334 309
f 302 306 226
f 226 306 305
f 37 28 21
f 21 28 27
f 29 35 30
f 30 35 34
f 30 34 37
f 37 34 28
f 344 436 356
f 356 436 229
f 325 290 326
f 326 290 289
f 311 439 312
f 312 439 438
f 35 319 36
f 36 319 315
f 439 311 430
f 430 311 323
f 315 319 325
f 325 319 290
f 440 463 438
f 438 463 312
f 341 344 355
f 355 344 356
f 360 456 116
f 116 456 117
f 354 22 355
f 355 22 228
f 326 289 324
f 324 289 323
f 74 87 68
f 68 87 69
f 50 53 138
f 138 53 139
f 268 406 267
f 267 406 246
f 190 106 108
f 108 106 109
f 241 455 112
f 112 455 113
f 358 122 343
f 343 122 121
f 129 347 130
f 130 347 348
f 348 351 130
f 130 351 131
f 229 232 356
f 356 232 357
f 340 115 358
f 358 115 122
f 111 359 112
f 112 359 242
f 125 124 457
f 457 124 422
f 231 132 232
f 232 132 131
f 343 121 344
f 344 121 436
f 263 114 360
f 360 114 113
f 347 129 345
f 345 129 422
f 230 229 437
f 437 229 436
f 464 446 423
f 423 446 400
f 465 466 468
f 468 466 467
f 470 471 469
f 469 471 472
f 469 472 373
f 373 472 374
f 474 469 473
f 473 469 373
f 471 475 472
f 472 475 476
f 472 477 374
f 374 477 478
f 477 472 476
f 479 480 476
f 476 480 477
f 473 373 377
f 377 373 372
f 481 482 479
f 479 482 480
f 483 484 481
f 481 484 482
f 403 402 485
f 485 402 486
f 487 488 483
f 483 488 484
f 487 489 488
f 488 489 490
f 489 491 490
f 490 491 492
f 491 493 492
f 492 493 494
f 493 495 494
f 494 495 496
f 497 498 481
f 481 498 483
f 484 499 482
f 482 499 367
f 370 480 367
f 367 480 482
f 480 370 477
f 477 370 478
f 500 497 479
f 479 497 481
f 451 473 380
f 380 473 377
f 448 451 379
f 379 451 380
f 501 502 504
f 504 502 503
f 449 505 507
f 507 505 506
f 486 508 505
f 505 508 506
f 508 509 506
f 506 509 510
f 511 507 510
f 510 507 506
f 509 508 512
f 512 508 513
f 515 509 514
f 514 509 512
f 509 515 510
f 510 515 516
f 510 516 511
f 511 516 517
f 486 505 485
f 485 505 518
f 505 449 518
f 518 449 448
f 383 382 403
f 403 382 404
f 363 404 364
f 364 404 382
f 403 485 383
f 383 485 407
f 519 520 361
f 361 520 362
f 522 496 521
f 521 496 495
f 450 474 451
f 451 474 473
f 363 366 523
f 523 366 524
f 525 499 488
f 488 499 484
f 488 490 525
f 525 490 526
f 496 522 520
f 520 522 527
f 494 496 519
f 519 496 520
f 492 494 528
f 528 494 519
f 529 530 495
f 495 530 521
f 490 492 526
f 526 492 528
f 529 495 531
f 531 495 493
f 533 534 532
f 532 534 535
f 523 524 533
f 533 524 534
f 486 402 532
f 532 402 533
f 529 536 530
f 530 536 537
f 536 538 537
f 537 538 539
f 540 541 539
f 539 541 537
f 530 537 535
f 535 537 541
f 542 539 543
f 543 539 538
f 539 542 540
f 540 542 544
f 541 540 513
f 513 540 512
f 540 544 512
f 512 544 514
f 546 547 545
f 545 547 548
f 549 550 531
f 531 550 551
f 550 549 552
f 552 549 553
f 546 550 554
f 554 550 552
f 547 546 555
f 555 546 554
f 498 556 558
f 558 556 557
f 559 557 560
f 560 557 556
f 561 562 560
f 560 562 559
f 557 559 552
f 552 559 554
f 559 562 554
f 554 562 555
f 558 557 553
f 553 557 552
f 475 471 563
f 563 471 564
f 565 563 567
f 567 563 566
f 471 470 564
f 564 470 466
f 564 466 568
f 568 466 465
f 568 465 569
f 569 465 570
f 572 573 571
f 571 573 574
f 569 575 567
f 567 575 576
f 577 565 576
f 576 565 567
f 578 579 581
f 581 579 580
f 575 561 576
f 576 561 560
f 556 577 560
f 560 577 576
f 577 556 497
f 497 556 498
f 565 577 500
f 500 577 497
f 563 565 475
f 475 565 500
f 553 489 558
f 558 489 487
f 531 493 549
f 549 493 491
f 489 553 491
f 491 553 549
f 394 407 518
f 518 407 485
f 518 448 394
f 394 448 379
f 545 548 538
f 538 548 543
f 551 545 536
f 536 545 538
f 536 529 551
f 551 529 531
f 507 582 449
f 449 582 450
f 511 583 507
f 507 583 582
f 511 517 583
f 583 517 584
f 585 586 588
f 588 586 587
f 590 591 589
f 589 591 592
f 591 590 593
f 593 590 594
f 596 597 595
f 595 597 598
f 599 600 602
f 602 600 601
f 604 605 603
f 603 605 606
f 608 609 607
f 607 609 610
f 612 613 611
f 611 613 614
f 615 616 618
f 618 616 617
f 620 621 619
f 619 621 622
f 624 625 623
f 623 625 626
f 628 629 627
f 627 629 630
f 632 633 631
f 631 633 634
f 635 636 638
f 638 636 637
f 639 640 642
f 642 640 641
f 644 645 643
f 643 645 646
f 619 622 647
f 647 622 648
f 650 651 649
f 649 651 652
f 601 653 602
f 602 653 654
f 656 657 655
f 655 657 658
f 660 661 659
f 659 661 662
f 664 665 663
f 663 665 666
f 593 594 667
f 667 594 668
f 669 670 672
f 672 670 671
f 673 674 676
f 676 674 675
f 633 632 677
f 677 632 678
f 663 666 679
f 679 666 680
f 681 682 684
f 684 682 683
f 686 687 685
f 685 687 688
f 690 661 689
f 689 661 691
f 693 686 692
f 692 686 685
f 695 597 694
f 694 597 668
f 594 696 668
f 668 696 694
f 697 698 696
f 696 698 699
f 700 701 697
f 697 701 698
f 702 585 703
f 703 585 588
f 671 690 672
f 672 690 689
f 640 639 704
f 704 639 705
f 679 706 663
f 663 706 658
f 708 709 707
f 707 709 710
f 711 712 610
f 610 712 607
f 713 714 716
f 716 714 715
f 717 718 720
f 720 718 719
f 722 634 721
f 721 634 633
f 724 725 723
f 723 725 726
f 728 729 727
f 727 729 730
f 732 733 731
f 731 733 734
f 707 710 735
f 735 710 736
f 643 737 644
f 644 737 738
f 740 741 739
f 739 741 742
f 608 744 743
f 743 744 745
f 747 748 746
f 746 748 749
f 751 752 750
f 750 752 753
f 754 755 757
f 757 755 756
f 758 759 761
f 761 759 760
f 763 764 762
f 762 764 765
f 767 768 766
f 766 768 769
f 771 772 770
f 770 772 773
f 775 776 774
f 774 776 777
f 779 780 778
f 778 780 781
f 783 712 782
f 782 712 784
f 785 786 788
f 788 786 787
f 790 628 789
f 789 628 627
f 792 793 791
f 791 793 794
f 795 796 726
f 726 796 723
f 798 799 797
f 797 799 800
f 721 633 801
f 801 633 677
f 797 800 802
f 802 800 803
f 805 806 804
f 804 806 807
f 809 810 808
f 808 810 811
f 813 814 812
f 812 814 815
f 809 808 817
f 817 808 816
f 818 819 804
f 804 819 805
f 820 821 818
f 818 821 819
f 821 820 587
f 587 820 822
f 809 823 810
f 810 823 824
f 814 807 815
f 815 807 806
f 826 426 825
f 825 426 223
f 426 826 427
f 427 826 827
f 828 829 454
f 454 829 830
f 831 832 677
f 677 832 801
f 834 835 833
f 833 835 836
f 838 839 837
f 837 839 840
f 841 842 844
f 844 842 843
f 845 846 803
f 803 846 802
f 847 831 678
f 678 831 677
f 848 849 851
f 851 849 850
f 853 854 852
f 852 854 855
f 857 858 856
f 856 858 680
f 860 861 859
f 859 861 862
f 864 865 863
f 863 865 866
f 868 869 867
f 867 869 870
f 839 871 840
f 840 871 872
f 849 848 874
f 874 848 873
f 876 877 875
f 875 877 878
f 880 881 879
f 879 881 882
f 883 884 886
f 886 884 885
f 846 887 802
f 802 887 888
f 890 891 889
f 889 891 888
f 893 894 892
f 892 894 895
f 896 897 728
f 728 897 729
f 899 900 898
f 898 900 901
f 902 852 904
f 904 852 903
f 849 905 850
f 850 905 906
f 875 878 907
f 907 878 908
f 910 911 909
f 909 911 912
f 914 915 913
f 913 915 916
f 917 918 862
f 862 918 859
f 919 920 856
f 856 920 921
f 923 924 922
f 922 924 925
f 926 927 925
f 925 927 922
f 929 930 928
f 928 930 693
f 932 695 931
f 931 695 694
f 823 867 824
f 824 867 933
f 935 936 934
f 934 936 937
f 938 868 823
f 823 868 867
f 940 847 939
f 939 847 678
f 632 655 678
f 678 655 939
f 941 942 619
f 619 942 620
f 687 943 688
f 688 943 944
f 851 850 945
f 945 850 903
f 850 906 903
f 903 906 904
f 946 947 949
f 949 947 948
f 951 952 950
f 950 952 953
f 955 956 954
f 954 956 957
f 907 958 875
f 875 958 874
f 960 961 959
f 959 961 962
f 963 853 902
f 902 853 852
f 909 964 910
f 910 964 965
f 967 968 966
f 966 968 969
f 971 972 970
f 970 972 973
f 974 960 975
f 975 960 959
f 977 978 976
f 976 978 979
f 981 977 980
f 980 977 976
f 980 982 981
f 981 982 983
f 985 983 984
f 984 983 982
f 984 986 985
f 985 986 987
f 989 990 988
f 988 990 991
f 993 994 992
f 992 994 995
f 997 998 996
f 996 998 999
f 1001 1002 1000
f 1000 1002 1003
f 1005 1006 1004
f 1004 1006 1007
f 1004 1008 1005
f 1005 1008 1009
f 1008 1010 1009
f 1009 1010 1011
f 1013 1011 1012
f 1012 1011 1010
f 1014 1015 1017
f 1017 1015 1016
f 1019 1020 1018
f 1018 1020 1021
f 1022 1023 976
f 976 1023 980
f 1024 1025 982
f 982 1025 984
f 992 995 1026
f 1026 995 1027
f 956 955 1028
f 1028 955 1029
f 1030 1031 1033
f 1033 1031 1032
f 1010 1008 1034
f 1034 1008 1035
f 1008 1004 1035
f 1035 1004 1036
f 1037 1038 1002
f 1002 1038 1007
f 1002 1001 1037
f 1037 1001 1039
f 1040 1041 997
f 997 1041 998
f 1015 1014 1043
f 1043 1014 1042
f 1044 1045 1047
f 1047 1045 1046
f 1044 1020 1048
f 1048 1020 1049
f 1050 1051 1003
f 1003 1051 1000
f 1052 1050 1006
f 1006 1050 1003
f 1053 1054 1011
f 1011 1054 1009
f 1013 1045 1055
f 1055 1045 1056
f 1058 1059 1057
f 1057 1059 1060
f 1062 1063 1061
f 1061 1063 1064
f 1065 1066 1050
f 1050 1066 1051
f 1067 1065 1052
f 1052 1065 1050
f 1068 1069 1054
f 1054 1069 1070
f 1071 1068 1053
f 1053 1068 1054
f 1073 1071 1072
f 1072 1071 1074
f 1074 1071 1055
f 1055 1071 1053
f 1076 1077 1075
f 1075 1077 1078
f 1079 1080 1057
f 1057 1080 1058
f 1081 1082 1064
f 1064 1082 1061
f 1084 1085 1083
f 1083 1085 1086
f 1088 1089 1087
f 1087 1089 1090
f 1092 1093 1091
f 1091 1093 1094
f 1096 1097 1095
f 1095 1097 1098
f 1099 1100 1102
f 1102 1100 1101
f 1103 1104 1099
f 1099 1104 1100
f 1106 1107 1105
f 1105 1107 1108
f 1110 1111 1109
f 1109 1111 1112
f 1114 1115 1113
f 1113 1115 1116
f 1118 1119 1117
f 1117 1119 1077
f 1117 1120 1122
f 1122 1120 1121
f 1105 1123 1106
f 1106 1123 1124
f 1125 1126 1128
f 1128 1126 1127
f 1130 1131 1129
f 1129 1131 1132
f 1134 1135 1133
f 1133 1135 1114
f 1113 1136 1114
f 1114 1136 1133
f 1118 1137 1113
f 1113 1137 1136
f 1118 1117 1137
f 1137 1117 1122
f 1139 1140 1138
f 1138 1140 1141
f 1143 953 1142
f 1142 953 952
f 1145 957 1144
f 1144 957 956
f 1028 1146 956
f 956 1146 1144
f 1014 1147 1042
f 1042 1147 1148
f 1014 1017 1147
f 1147 1017 1149
f 1059 1058 1150
f 1150 1058 1151
f 1153 1080 1152
f 1152 1080 1154
f 1156 1088 1155
f 1155 1088 1087
f 1157 1158 1106
f 1106 1158 1107
f 1106 1124 1157
f 1157 1124 1159
f 1161 1162 1160
f 1160 1162 1163
f 1165 1166 1164
f 1164 1166 1167
f 1168 1031 1012
f 1012 1031 1046
f 1024 1023 1035
f 1035 1023 1034
f 1036 1038 1025
f 1025 1038 1169
f 1170 1171 1039
f 1039 1171 1037
f 1028 1029 1042
f 1042 1029 1043
f 1172 1173 1175
f 1175 1173 1174
f 1055 1053 1013
f 1013 1053 1011
f 1005 1009 1070
f 1070 1009 1054
f 996 999 1062
f 1062 999 1063
f 1016 1060 1017
f 1017 1060 1059
f 1017 1059 1149
f 1149 1059 1150
f 1177 1178 1176
f 1176 1178 1103
f 1176 1072 1179
f 1179 1072 1074
f 1073 1102 1086
f 1086 1102 1083
f 1180 1181 1067
f 1067 1181 1065
f 1182 1183 1184
f 1184 1183 1181
f 1186 1187 1185
f 1185 1187 1188
f 1189 1190 798
f 798 1190 799
f 1192 1193 1191
f 1191 1193 1194
f 1195 1196 1194
f 1194 1196 1191
f 1196 1195 1198
f 1198 1195 1197
f 1200 674 1199
f 1199 674 673
f 928 1201 1203
f 1203 1201 1202
f 861 1204 862
f 862 1204 921
f 1205 1206 913
f 913 1206 1207
f 882 1208 879
f 879 1208 1209
f 1210 1211 1167
f 1167 1211 1164
f 1212 769 1213
f 1213 769 768
f 727 1214 728
f 728 1214 1215
f 1217 1218 1216
f 1216 1218 1219
f 1220 813 1221
f 1221 813 812
f 827 828 427
f 427 828 454
f 1223 1224 1222
f 1222 1224 1165
f 1226 1227 1225
f 1225 1227 1228
f 851 1229 848
f 848 1229 1230
f 834 854 835
f 835 854 1231
f 1233 1234 1232
f 1232 1234 1235
f 1237 751 1236
f 1236 751 750
f 743 819 1238
f 1238 819 821
f 1240 1241 1239
f 1239 1241 1242
f 1244 1245 1243
f 1243 1245 1246
f 844 1247 841
f 841 1247 1248
f 1250 1251 1249
f 1249 1251 1252
f 1254 893 1253
f 1253 893 1237
f 1255 1256 1258
f 1258 1256 1257
f 1260 1261 1259
f 1259 1261 1262
f 945 903 855
f 855 903 852
f 855 1263 945
f 945 1263 1264
f 832 845 801
f 801 845 803
f 800 721 803
f 803 721 801
f 721 800 722
f 722 800 799
f 1266 1267 1265
f 1265 1267 1268
f 1270 795 1269
f 1269 795 726
f 725 1271 726
f 726 1271 1269
f 737 765 738
f 738 765 764
f 759 740 760
f 760 740 739
f 717 1272 1274
f 1274 1272 1273
f 1163 1226 1275
f 1275 1226 1225
f 1277 882 1276
f 1276 882 881
f 1041 1040 1027
f 1027 1040 1026
f 900 935 901
f 901 935 934
f 1164 1278 1165
f 1165 1278 1222
f 1211 1279 1164
f 1164 1279 1278
f 442 1280 453
f 453 1280 1281
f 788 1282 785
f 785 1282 1283
f 1285 1286 1284
f 1284 1286 1287
f 1284 1288 1285
f 1285 1288 1289
f 757 1289 754
f 754 1289 1288
f 605 604 675
f 675 604 676
f 1290 1291 1293
f 1293 1291 1292
f 1295 1296 1294
f 1294 1296 1297
f 696 699 694
f 694 699 931
f 1298 1299 592
f 592 1299 589
f 1299 1300 589
f 589 1300 700
f 1300 1301 700
f 700 1301 701
f 743 745 819
f 819 745 805
f 1303 1304 1302
f 1302 1304 1305
f 1306 1307 1305
f 1305 1307 1302
f 609 1298 610
f 610 1298 592
f 587 822 588
f 588 822 1308
f 703 588 1309
f 1309 588 1308
f 1310 703 571
f 571 703 1309
f 1311 1312 789
f 789 1312 790
f 825 223 1313
f 1313 223 220
f 219 1314 220
f 220 1314 1313
f 1315 1316 1311
f 1311 1316 1312
f 1317 1318 1319
f 1319 1318 1241
f 441 1320 442
f 442 1320 1280
f 1321 217 572
f 572 217 216
f 1323 1230 1322
f 1322 1230 1229
f 1324 1325 631
f 631 1325 656
f 1034 1168 1010
f 1010 1168 1012
f 1327 1328 1326
f 1326 1328 1329
f 1331 1202 1330
f 1330 1202 1201
f 571 1309 572
f 572 1309 1321
f 573 572 1332
f 1332 572 216
f 1334 1335 1333
f 1333 1335 1336
f 1337 1338 918
f 918 1338 859
f 1339 863 1340
f 1340 863 866
f 1341 1342 1344
f 1344 1342 1343
f 1345 1346 919
f 919 1346 920
f 1347 1348 673
f 673 1348 1199
f 693 1349 928
f 928 1349 1201
f 1351 1257 1350
f 1350 1257 1256
f 1350 1352 1351
f 1351 1352 1353
f 653 930 654
f 654 930 662
f 1279 1354 1278
f 1278 1354 1355
f 1357 1358 1356
f 1356 1358 1359
f 937 1360 1140
f 1140 1360 1361
f 1225 1228 909
f 909 1228 964
f 901 934 1362
f 1362 934 1139
f 1364 1365 1363
f 1363 1365 1362
f 1367 912 1366
f 1366 912 911
f 1143 1142 1368
f 1368 1142 1369
f 1144 1186 1145
f 1145 1186 1185
f 1146 1175 1144
f 1144 1175 1186
f 1175 1146 1172
f 1172 1146 1148
f 1147 1018 1148
f 1148 1018 1172
f 1018 1147 1019
f 1019 1147 1149
f 1149 1150 1019
f 1019 1150 1370
f 1150 1151 1370
f 1370 1151 1371
f 1151 1153 1371
f 1371 1153 1177
f 1152 1156 1178
f 1178 1156 1372
f 1155 1158 1373
f 1373 1158 1374
f 1157 1159 1376
f 1376 1159 1375
f 1378 1379 1377
f 1377 1379 1380
f 1382 1383 1381
f 1381 1383 1384
f 1382 1386 1385
f 1385 1386 1387
f 1386 1233 1387
f 1387 1233 1232
f 1389 1390 1388
f 1388 1390 1391
f 1393 1394 1392
f 1392 1394 1395
f 1397 1398 1396
f 1396 1398 1399
f 629 1397 630
f 630 1397 1396
f 1342 1400 1343
f 1343 1400 1401
f 1403 1404 1402
f 1402 1404 1405
f 1407 1408 1406
f 1406 1408 1409
f 1411 1412 1410
f 1410 1412 1413
f 793 1414 794
f 794 1414 1415
f 1417 1341 1416
f 1416 1341 1344
f 704 705 1347
f 1347 705 1418
f 741 1419 742
f 742 1419 1420
f 1422 669 1421
f 1421 669 672
f 645 1423 646
f 646 1423 1424
f 1196 1198 614
f 614 1198 611
f 613 1425 614
f 614 1425 1426
f 1427 616 659
f 659 616 660
f 614 1426 1196
f 1196 1426 1191
f 696 594 697
f 697 594 590
f 697 590 700
f 700 590 589
f 703 1310 702
f 702 1310 1428
f 1421 672 1192
f 1192 672 689
f 1271 648 1269
f 1269 648 622
f 621 1270 622
f 622 1270 1269
f 1429 1430 1417
f 1417 1430 1341
f 1431 1432 1434
f 1434 1432 1433
f 1436 1437 1435
f 1435 1437 1438
f 1440 1441 1439
f 1439 1441 1442
f 1443 1444 1446
f 1446 1444 1445
f 823 809 938
f 938 809 817
f 810 1447 811
f 811 1447 1448
f 1449 1450 679
f 679 1450 706
f 913 916 1205
f 1205 916 1451
f 1275 1225 912
f 912 1225 909
f 1452 1453 880
f 880 1453 881
f 1444 1401 1445
f 1445 1401 1400
f 936 1454 937
f 937 1454 1360
f 824 1455 810
f 810 1455 1447
f 631 656 632
f 632 656 655
f 966 1456 967
f 967 1456 1457
f 1459 1460 1458
f 1458 1460 1461
f 1460 1462 1461
f 1461 1462 1463
f 972 974 973
f 973 974 975
f 990 995 991
f 991 995 994
f 1464 1187 1033
f 1033 1187 1174
f 1018 1021 1172
f 1172 1021 1173
f 1000 999 1001
f 1001 999 998
f 976 979 1022
f 1022 979 1032
f 1023 1024 980
f 980 1024 982
f 989 986 1171
f 1171 986 1169
f 1171 1170 989
f 989 1170 990
f 1170 1027 990
f 990 1027 995
f 1041 1039 998
f 998 1039 1001
f 1051 1063 1000
f 1000 1063 999
f 1066 1064 1051
f 1051 1064 1063
f 1183 1081 1066
f 1066 1081 1064
f 1178 1372 1103
f 1103 1372 1104
f 1092 1091 1465
f 1465 1091 1182
f 1467 1465 1466
f 1466 1465 1468
f 1469 1470 1184
f 1184 1470 1468
f 1095 1098 1471
f 1471 1098 1101
f 1076 1374 1120
f 1120 1374 1376
f 1110 1472 1127
f 1127 1472 1132
f 1472 1473 1132
f 1132 1473 1129
f 1474 1475 1466
f 1466 1475 1473
f 1119 1118 1116
f 1116 1118 1113
f 1375 1121 1376
f 1376 1121 1120
f 1127 1132 1128
f 1128 1132 1131
f 1227 1476 1228
f 1228 1476 1361
f 1365 1477 1362
f 1362 1477 872
f 1478 1479 1323
f 1323 1479 1230
f 1480 1481 914
f 914 1481 915
f 913 1277 914
f 914 1277 1276
f 1168 1034 1022
f 1022 1034 1023
f 1035 1036 1024
f 1024 1036 1025
f 1039 1041 1170
f 1170 1041 1027
f 1042 1148 1028
f 1028 1148 1146
f 968 1459 969
f 969 1459 1458
f 1482 1483 664
f 664 1483 665
f 1485 1486 1484
f 1484 1486 1487
f 1489 1490 1488
f 1488 1490 1491
f 1492 1493 722
f 722 1493 634
f 1495 1496 1494
f 1494 1496 1497
f 1498 1207 1339
f 1339 1207 863
f 1224 1499 1165
f 1165 1499 1166
f 1160 1163 1500
f 1500 1163 1275
f 1500 877 1160
f 1160 877 1501
f 876 873 1502
f 1502 873 1479
f 945 1264 851
f 851 1264 1229
f 835 1231 839
f 839 1231 871
f 1503 1283 778
f 778 1283 1282
f 716 715 1505
f 1505 715 1504
f 1446 1445 1507
f 1507 1445 1506
f 779 792 1381
f 1381 792 791
f 1430 1409 1341
f 1341 1409 1342
f 1411 1429 1508
f 1508 1429 1417
f 635 1510 1509
f 1509 1510 1511
f 1377 1380 1315
f 1315 1380 1316
f 1445 1400 1506
f 1506 1400 1408
f 918 917 1336
f 1336 917 1333
f 1513 1514 1512
f 1512 1514 870
f 1515 1516 1363
f 1363 1516 1364
f 1453 1517 881
f 881 1517 1276
f 992 1518 993
f 993 1518 1519
f 1520 1029 1518
f 1518 1029 955
f 1520 1026 1521
f 1521 1026 1040
f 1522 1015 1521
f 1521 1015 1043
f 996 1523 997
f 997 1523 1522
f 1060 1016 1524
f 1524 1016 1523
f 1061 1525 1062
f 1062 1525 1524
f 1079 1527 1526
f 1526 1527 1528
f 1093 1529 1094
f 1094 1529 1528
f 1111 1530 1112
f 1112 1530 1531
f 1532 1533 1105
f 1105 1533 1123
f 934 937 1139
f 1139 937 1140
f 1138 1363 1139
f 1139 1363 1362
f 1534 1222 1355
f 1355 1222 1278
f 1535 1223 1534
f 1534 1223 1222
f 821 587 1238
f 1238 587 586
f 1319 711 1317
f 1317 711 1536
f 1538 1200 1537
f 1537 1200 1199
f 1508 1417 1539
f 1539 1417 1416
f 1540 1541 840
f 840 1541 837
f 1231 898 871
f 871 898 901
f 1500 1275 1367
f 1367 1275 912
f 1543 1379 1542
f 1542 1379 1395
f 1539 772 1508
f 1508 772 1544
f 1546 1403 1545
f 1545 1403 1402
f 1548 1549 1547
f 1547 1549 1550
f 1552 1548 1551
f 1551 1548 1547
f 1554 1555 1553
f 1553 1555 1556
f 1558 1559 1557
f 1557 1559 1560
f 1562 1563 1561
f 1561 1563 1564
f 1566 1567 1565
f 1565 1567 1568
f 1570 1571 1569
f 1569 1571 1572
f 1574 1575 1573
f 1573 1575 1576
f 1577 1578 1572
f 1572 1578 1569
f 1580 1581 1579
f 1579 1581 1582
f 1584 1585 1583
f 1583 1585 1586
f 1588 1555 1587
f 1587 1555 1589
f 1591 1592 1590
f 1590 1592 1593
f 1595 1596 1594
f 1594 1596 1597
f 1596 1581 1597
f 1597 1581 1576
f 1599 1570 1598
f 1598 1570 1569
f 1601 1602 1600
f 1600 1602 1603
f 1605 1606 1604
f 1604 1606 1607
f 1608 1609 1568
f 1568 1609 1565
f 1611 1612 1610
f 1610 1612 1613
f 1615 1616 1614
f 1614 1616 1617
f 1619 1617 1618
f 1618 1617 1616
f 1621 1622 1620
f 1620 1622 1623
f 1625 1626 1624
f 1624 1626 1627
f 1629 1630 1628
f 1628 1630 1631
f 1633 1634 1632
f 1632 1634 1635
f 1636 1637 1639
f 1639 1637 1638
f 1641 1642 1640
f 1640 1642 1643
f 1624 1627 1644
f 1644 1627 1645
f 1647 1648 1646
f 1646 1648 1649
f 1651 1652 1650
f 1650 1652 1653
f 1655 1656 1654
f 1654 1656 1657
f 1659 1660 1658
f 1658 1660 1661
f 1662 1663 1631
f 1631 1663 1628
f 1651 1665 1664
f 1664 1665 1666
f 1667 1656 1619
f 1619 1656 1617
f 1669 1670 1668
f 1668 1670 1671
f 1632 1635 1672
f 1672 1635 1673
f 1674 1675 1638
f 1638 1675 1639
f 1677 1678 1676
f 1676 1678 1679
f 1680 1640 1681
f 1681 1640 1643
f 1682 1683 1643
f 1643 1683 1681
f 1670 1669 1235
f 1235 1669 1232
f 1396 1399 1674
f 1674 1399 1675
f 627 630 1679
f 1679 630 1676
f 1681 1315 1680
f 1680 1315 1311
f 1683 1377 1681
f 1681 1377 1315
f 1672 1673 1387
f 1387 1673 1385
f 1636 1684 1646
f 1646 1684 1685
f 1687 1688 1686
f 1686 1688 1689
f 1585 1690 1586
f 1586 1690 1691
f 1599 1692 1551
f 1551 1692 1693
f 1552 1558 1694
f 1694 1558 1557
f 1696 1615 1695
f 1695 1615 1614
f 1698 1699 1697
f 1697 1699 1623
f 1700 1701 1703
f 1703 1701 1702
f 1705 1706 1704
f 1704 1706 1707
f 1708 1709 1640
f 1640 1709 1641
f 1710 1711 1713
f 1713 1711 1712
f 1652 1655 1653
f 1653 1655 1654
f 1714 1699 1712
f 1712 1699 1713
f 1715 1710 1716
f 1716 1710 1713
f 1717 1708 1680
f 1680 1708 1640
f 1393 1392 1715
f 1715 1392 1710
f 1719 1720 1718
f 1718 1720 1721
f 1680 1311 1717
f 1717 1311 789
f 1378 1711 1392
f 1392 1711 1710
f 1388 1391 1719
f 1719 1391 1720
f 1723 1606 1722
f 1722 1606 1689
f 1725 1568 1724
f 1724 1568 1567
f 1726 1647 1685
f 1685 1647 1646
f 1728 1554 1727
f 1727 1554 1553
f 1591 1687 1600
f 1600 1687 1686
f 1730 1595 1729
f 1729 1595 1594
f 1601 1605 1731
f 1731 1605 1604
f 1733 1663 1732
f 1732 1663 1734
f 1736 1639 1735
f 1735 1639 1675
f 1658 1644 1737
f 1737 1644 1645
f 1726 1662 1724
f 1724 1662 1631
f 1399 1738 1675
f 1675 1738 1735
f 1621 1667 1739
f 1739 1667 1619
f 1714 1740 1620
f 1620 1740 1741
f 1592 1549 1593
f 1593 1549 1742
f 1602 1571 1603
f 1603 1571 1550
f 1688 1690 1689
f 1689 1690 1722
f 1588 1559 1582
f 1582 1559 1579
f 1673 1735 1385
f 1385 1735 1738
f 1387 1232 1672
f 1672 1232 1669
f 1580 1692 1573
f 1573 1692 1743
f 1377 1683 1378
f 1378 1683 1711
f 1664 1666 1744
f 1744 1666 1745
f 1744 1696 1664
f 1664 1696 1695
f 1746 1747 1732
f 1732 1747 1748
f 1749 1750 1677
f 1677 1750 1678
f 1709 1708 1750
f 1750 1708 1678
f 1668 1632 1669
f 1669 1632 1672
f 1633 1746 1734
f 1734 1746 1732
f 1679 1678 1717
f 1717 1678 1708
f 789 627 1717
f 1717 627 1679
f 1563 1723 1564
f 1564 1723 1722
f 1728 1584 1751
f 1751 1584 1583
f 1674 1676 1396
f 1396 1676 630
f 1666 1566 1745
f 1745 1566 1565
f 1627 1629 1645
f 1645 1629 1628
f 1637 1749 1638
f 1638 1749 1677
f 1648 1665 1649
f 1649 1665 1752
f 1740 1642 1741
f 1741 1642 1657
f 1676 1674 1677
f 1677 1674 1638
f 1683 1682 1711
f 1711 1682 1712
f 1618 1753 1619
f 1619 1753 1739
f 1701 1739 1702
f 1702 1739 1753
f 1754 1214 1756
f 1756 1214 1755
f 647 1757 619
f 619 1757 941
f 1759 1193 1758
f 1758 1193 691
f 1419 1760 1420
f 1420 1760 1761
f 682 1762 683
f 683 1762 1763
f 1412 780 1413
f 1413 780 1384
f 1383 1398 1384
f 1384 1398 1413
f 1197 1424 1764
f 1764 1424 1423
f 1537 1287 1538
f 1538 1287 1286
f 1634 1684 1635
f 1635 1684 1736
f 1724 1631 1725
f 1725 1631 1630
f 1562 1730 1610
f 1610 1730 1729
f 1735 1673 1736
f 1736 1673 1635
f 1757 1195 941
f 941 1195 1194
f 1766 200 1765
f 1765 200 199
f 475 500 476
f 476 500 479
f 498 558 483
f 483 558 487
f 545 551 546
f 546 551 550
f 453 1281 219
f 219 1281 1314
f 298 453 208
f 208 453 219
f 368 1765 1767
f 1767 1765 199
f 523 405 363
f 363 405 404
f 523 533 405
f 405 533 402
f 298 208 299
f 299 208 207
f 299 207 176
f 176 207 300
f 176 300 173
f 173 300 202
f 173 202 174
f 174 202 201
f 1337 918 1768
f 1768 918 1336
f 1769 1770 1338
f 1338 1770 859
f 581 570 578
f 578 570 1771
f 555 562 580
f 580 562 561
f 504 1772 501
f 501 1772 548
f 517 542 584
f 584 542 543
f 515 514 516
f 516 514 544
f 542 517 544
f 544 517 516
f 561 575 580
f 580 575 581
f 575 569 581
f 581 569 570
f 501 548 1773
f 1773 548 547
f 1774 1775 570
f 570 1775 1771
f 369 368 1776
f 1776 368 1767
f 372 369 375
f 375 369 1776
f 822 1280 1308
f 1308 1280 1320
f 820 1281 822
f 822 1281 1280
f 818 1314 820
f 820 1314 1281
f 1314 818 1313
f 1313 818 804
f 807 814 825
f 825 814 826
f 814 813 826
f 826 813 827
f 813 1220 827
f 827 1220 828
f 580 579 555
f 555 579 547
f 1477 1540 872
f 872 1540 840
f 367 499 368
f 368 499 1765
f 1766 1765 525
f 525 1765 499
f 1777 1766 526
f 526 1766 525
f 520 527 362
f 362 527 384
f 361 1778 519
f 519 1778 528
f 371 1779 372
f 372 1779 369
f 369 1779 370
f 370 1779 478
f 1779 371 478
f 478 371 374
f 1778 1777 528
f 528 1777 526
f 1781 1782 1780
f 1780 1782 1783
f 431 460 67
f 67 460 64
f 68 338 74
f 74 338 72
f 1785 1782 1784
f 1784 1782 1786
f 1787 1788 1790
f 1790 1788 1789
f 1792 1789 1791
f 1791 1789 1793
f 1791 1794 1792
f 1792 1794 1795
f 1794 1796 1795
f 1795 1796 1797
f 1797 1798 938
f 938 1798 868
f 1798 1799 868
f 868 1799 869
f 1801 1802 1800
f 1800 1802 1451
f 1803 1804 1205
f 1205 1804 1206
f 1805 1806 864
f 864 1806 865
f 1806 1807 865
f 865 1807 1808
f 68 71 338
f 287 328 288
f 1320 1321 1308
f 1308 1321 1309
f 1320 441 1321
f 1321 441 217
f 441 152 217
f 217 152 218
f 151 286 152
f 152 286 218
f 297 310 151
f 151 310 286
f 296 307 297
f 297 307 310
f 296 143 307
f 307 143 284
f 143 56 284
f 284 56 104
f 56 59 104
f 104 59 63
f 59 102 63
f 63 102 60
f 102 94 60
f 60 94 282
f 93 459 279
f 279 459 77
f 459 460 77
f 77 460 78
f 460 431 78
f 78 431 295
f 431 49 295
f 295 49 292
f 48 421 49
f 49 421 292
f 276 278 418
f 418 278 429
f 317 432 278
f 278 432 429
f 432 317 433
f 433 317 316
f 326 324 316
f 316 324 433
f 1536 592 1809
f 1809 592 591
f 1810 744 1812
f 1812 744 1811
f 1814 1815 1813
f 1813 1815 1816
f 1817 748 1818
f 1818 748 747
f 1812 1819 1810
f 1810 1819 1817
f 1820 1821 748
f 748 1821 749
f 1823 1824 1822
f 1822 1824 1825
f 1827 1828 1826
f 1826 1828 1829
f 1831 1832 1830
f 1830 1832 1833
f 1834 1827 1243
f 1243 1827 1826
f 1313 804 825
f 825 804 807
f 1835 1253 1236
f 1236 1253 1237
f 1836 1837 1438
f 1438 1837 1435
f 1838 1505 1840
f 1840 1505 1839
f 1841 1842 716
f 716 1842 713
f 1843 1844 1510
f 1510 1844 1845
f 1847 1848 1846
f 1846 1848 1849
f 1850 1240 1822
f 1822 1240 1239
f 636 1831 637
f 637 1831 1830
f 1852 1853 1851
f 1851 1853 1854
f 1855 1856 1858
f 1858 1856 1857
f 1846 1849 1859
f 1859 1849 1860
f 1343 1401 1509
f 1509 1401 1861
f 1509 1861 635
f 635 1861 636
f 1863 1864 1862
f 1862 1864 1865
f 1283 1503 1867
f 1867 1503 1866
f 1868 1867 681
f 681 1867 682
f 1286 1285 683
f 683 1285 684
f 757 756 1274
f 1274 756 1869
f 1274 1869 717
f 717 1869 718
f 1434 1433 719
f 719 1433 720
f 1200 1538 1545
f 1545 1538 1763
f 1285 1289 684
f 684 1289 1273
f 684 1273 681
f 681 1273 1272
f 785 1283 1868
f 1868 1283 1867
f 786 785 1870
f 1870 785 1868
f 1289 757 1273
f 1273 757 1274
f 1539 1416 1871
f 1871 1416 1872
f 773 1871 1403
f 1403 1871 1404
f 675 674 1405
f 1405 674 1402
f 1864 1873 1865
f 1865 1873 1874
f 638 1843 635
f 635 1843 1510
f 1344 1343 1511
f 1511 1343 1509
f 772 1539 773
f 773 1539 1871
f 674 1200 1402
f 1402 1200 1545
f 1538 1286 1763
f 1763 1286 683
f 1444 1443 1875
f 1875 1443 1876
f 1875 1876 1831
f 1831 1876 1832
f 1416 1344 1872
f 1872 1344 1511
f 1877 1878 774
f 774 1878 1879
f 1878 1847 1879
f 1879 1847 1846
f 1880 714 1881
f 1881 714 1848
f 1401 1444 1861
f 1861 1444 1875
f 1861 1875 636
f 636 1875 1831
f 1823 1863 1882
f 1882 1863 1862
f 1441 1440 1884
f 1884 1440 1883
f 1883 1852 1884
f 1884 1852 1851
f 1886 1887 1885
f 1885 1887 1888
f 1358 1889 1359
f 1359 1889 1890
f 1891 1886 1892
f 1892 1886 1885
f 774 1879 775
f 775 1879 1893
f 1859 1893 1846
f 1846 1893 1879
f 713 1842 1849
f 1849 1842 1860
f 1318 1895 1894
f 1894 1895 1896
f 1873 1897 1874
f 1874 1897 1898
f 1898 605 1899
f 1899 605 675
f 1405 1844 675
f 675 1844 1899
f 1404 1845 1405
f 1405 1845 1844
f 593 1296 591
f 591 1296 1809
f 1295 1292 1900
f 1900 1292 1895
f 606 1897 1291
f 1291 1897 1896
f 1510 1845 1511
f 1511 1845 1872
f 1871 1872 1404
f 1404 1872 1845
f 1866 770 1762
f 1762 770 1546
f 1762 682 1866
f 1866 682 1867
f 1870 1868 1272
f 1272 1868 681
f 1272 717 1870
f 1870 717 720
f 1870 720 786
f 786 720 1433
f 786 1433 787
f 787 1433 1432
f 1261 1414 1432
f 1432 1414 787
f 1389 1234 1260
f 1260 1234 1415
f 1719 1670 1388
f 1388 1670 1235
f 1718 1671 1719
f 1719 1671 1670
f 1705 1747 1718
f 1718 1747 1671
f 1659 1901 1704
f 1704 1901 1748
f 1877 1903 1902
f 1902 1903 1904
f 1259 1905 1390
f 1390 1905 1394
f 1715 1720 1393
f 1393 1720 1391
f 1716 1721 1715
f 1715 1721 1720
f 1698 1706 1716
f 1716 1706 1721
f 277 276 47
f 47 276 48
f 84 96 81
f 81 96 82
f 80 70 81
f 81 70 85
f 99 97 88
f 88 97 89
f 90 100 88
f 88 100 99
f 101 95 102
f 102 95 94
f 1906 1907 280
f 280 1907 281
f 97 86 89
f 89 86 85
f 60 282 61
f 61 282 281
f 83 82 46
f 46 82 47
f 293 292 420
f 420 292 421
f 419 1908 420
f 420 1908 1909
f 92 95 91
f 91 95 90
f 279 282 93
f 93 282 94
f 276 418 48
f 48 418 421
f 1910 1660 1697
f 1697 1660 1707
f 1703 1624 1700
f 1700 1624 1644
f 1622 1910 1623
f 1623 1910 1697
f 1701 1700 1911
f 1911 1700 1661
f 1700 1644 1661
f 1661 1644 1658
f 1901 1737 1733
f 1733 1737 1645
f 1625 1912 1604
f 1604 1912 1731
f 1912 1913 1731
f 1731 1913 1914
f 1913 1577 1914
f 1914 1577 1572
f 1915 1578 1616
f 1616 1578 1618
f 1915 1916 1598
f 1598 1916 1743
f 1916 1574 1743
f 1743 1574 1573
f 1575 1917 1576
f 1576 1917 1597
f 1917 1609 1597
f 1597 1609 1594
f 1608 1611 1729
f 1729 1611 1610
f 1918 1612 1629
f 1629 1612 1630
f 1626 1918 1627
f 1627 1918 1629
f 1920 1921 1919
f 1919 1921 1922
f 1920 1924 1923
f 1923 1924 1925
f 1926 1927 1924
f 1924 1927 1925
f 1929 1930 1928
f 1928 1930 1931
f 1932 1933 1935
f 1935 1933 1934
f 1937 1938 1936
f 1936 1938 1939
f 1941 1942 1940
f 1940 1942 1943
f 1941 1945 1944
f 1944 1945 1946
f 1947 1948 1694
f 1694 1948 1949
f 1950 1951 1953
f 1953 1951 1952
f 1955 1956 1954
f 1954 1956 1589
f 1958 1956 1957
f 1957 1956 1932
f 1960 1934 1959
f 1959 1934 1933
f 1962 1963 1961
f 1961 1963 1964
f 1965 1955 1751
f 1751 1955 1954
f 1935 1930 1932
f 1932 1930 1957
f 1951 1950 1926
f 1926 1950 1929
f 1966 1967 1593
f 1593 1967 1590
f 1969 1967 1968
f 1968 1967 1964
f 1962 1921 1970
f 1970 1921 1971
f 1963 1945 1964
f 1964 1945 1968
f 1972 1948 1922
f 1922 1948 1919
f 1966 1972 1961
f 1961 1972 1922
f 1958 1953 1587
f 1587 1953 1560
f 1974 1975 1973
f 1973 1975 1976
f 1978 1979 1977
f 1977 1979 1691
f 1979 1975 1691
f 1691 1975 1586
f 1938 1942 1939
f 1939 1942 1980
f 1952 1947 1557
f 1557 1947 1694
f 1969 1978 1981
f 1981 1978 1977
f 1983 1984 1982
f 1982 1984 1985
f 1986 1987 1989
f 1989 1987 1988
f 1990 1991 1983
f 1983 1991 1984
f 1990 1993 1992
f 1992 1993 1994
f 1995 1996 1994
f 1994 1996 1997
f 1999 2000 1998
f 1998 2000 2001
f 2003 2004 2002
f 2002 2004 2005
f 2007 2008 2006
f 2006 2008 2009
f 2011 2012 2010
f 2010 2012 2013
f 2014 2015 2017
f 2017 2015 2016
f 2018 2019 2021
f 2021 2019 2020
f 2022 1989 2024
f 2024 1989 2023
f 1989 1988 2023
f 2023 1988 2025
f 2026 2027 2017
f 2017 2027 2014
f 2029 2030 2028
f 2028 2030 2031
f 2033 2034 2032
f 2032 2034 2035
f 2032 2035 2036
f 2036 2035 2037
f 2039 2040 2038
f 2038 2040 2041
f 1982 2042 1983
f 1983 2042 2043
f 2045 2046 2044
f 2044 2046 2047
f 2049 2050 2048
f 2048 2050 2051
f 2053 2054 2052
f 2052 2054 2055
f 2057 2058 2056
f 2056 2058 2059
f 2060 2061 2033
f 2033 2061 2034
f 2063 2064 2062
f 2062 2064 2065
f 2066 2035 2067
f 2067 2035 2034
f 2069 2039 2068
f 2068 2039 2038
f 2025 2070 2023
f 2023 2070 2071
f 2072 2024 2071
f 2071 2024 2023
f 2074 2020 2073
f 2073 2020 2019
f 2050 2049 2047
f 2047 2049 2075
f 1983 2043 1990
f 1990 2043 1993
f 2006 2050 2007
f 2007 2050 2076
f 2050 2006 2051
f 2051 2006 2077
f 2079 2080 2078
f 2078 2080 2081
f 2082 2083 2085
f 2085 2083 2084
f 2010 2013 2086
f 2086 2013 2087
f 2089 2033 2088
f 2088 2033 2032
f 2090 2060 2089
f 2089 2060 2033
f 2092 2093 2091
f 2091 2093 2094
f 2096 1986 2095
f 2095 1986 2097
f 2097 1986 2022
f 2022 1986 1989
f 2015 2094 2016
f 2016 2094 2098
f 2016 2098 2100
f 2100 2098 2099
f 2017 2016 2101
f 2101 2016 2100
f 2017 2101 2026
f 2026 2101 2102
f 2100 2099 2104
f 2104 2099 2103
f 2104 2105 2100
f 2100 2105 2101
f 2105 2106 2101
f 2101 2106 2102
f 2108 2061 2107
f 2107 2061 2109
f 2111 2112 2110
f 2110 2112 2020
f 2020 2074 2110
f 2110 2074 2113
f 2115 2116 2114
f 2114 2116 2117
f 2118 2119 1995
f 1995 2119 2120
f 2121 2122 2027
f 2027 2122 2014
f 2047 2075 2044
f 2044 2075 2123
f 2124 2125 2127
f 2127 2125 2126
f 2129 2130 2128
f 2128 2130 2131
f 2132 2133 2057
f 2057 2133 2058
f 2134 1999 2136
f 2136 1999 2135
f 2055 2138 2137
f 2137 2138 2139
f 2141 2142 2140
f 2140 2142 2143
f 2083 2082 2064
f 2064 2082 2065
f 2082 2144 2065
f 2065 2144 2145
f 2040 2146 2041
f 2041 2146 2147
f 2060 2090 2148
f 2148 2090 2149
f 2048 2051 2137
f 2137 2051 2150
f 2151 1997 2135
f 2135 1997 1996
f 2152 2150 2077
f 2077 2150 2051
f 2046 2045 2118
f 2118 2045 2119
f 2154 2155 2153
f 2153 2155 2156
f 2158 2159 2157
f 2157 2159 2160
f 2162 2163 2161
f 2161 2163 2164
f 2164 2163 2165
f 2165 2163 2166
f 2168 2169 2167
f 2167 2169 2170
f 2003 2172 2171
f 2171 2172 2173
f 2174 2175 2002
f 2002 2175 2176
f 2145 2177 2065
f 2065 2177 2062
f 2178 2179 2180
f 2180 2179 2134
f 2181 2052 2152
f 2152 2052 2150
f 2040 2127 2146
f 2146 2127 2182
f 2130 2162 2131
f 2131 2162 2161
f 2052 2055 2150
f 2150 2055 2137
f 2184 2185 2183
f 2183 2185 2186
f 2159 2030 2160
f 2160 2030 2187
f 2146 2182 2029
f 2029 2182 2188
f 2189 2190 2192
f 2192 2190 2191
f 2172 2003 2176
f 2176 2003 2002
f 1998 2151 1999
f 1999 2151 2135
f 2177 2172 2062
f 2062 2172 2176
f 2172 2177 2173
f 2173 2177 2193
f 2063 2194 2064
f 2064 2194 2195
f 2066 2197 2196
f 2196 2197 2198
f 2002 2005 2174
f 2174 2005 2199
f 2004 2003 2200
f 2200 2003 2171
f 2198 2201 2171
f 2171 2201 2200
f 2197 2202 2198
f 2198 2202 2201
f 2202 2197 2203
f 2203 2197 2204
f 2196 2198 2173
f 2173 2198 2171
f 2205 2069 2170
f 2170 2069 2206
f 2197 2066 2204
f 2204 2066 2067
f 2107 2207 2108
f 2108 2207 2208
f 2210 2208 2209
f 2209 2208 2207
f 2185 2211 2212
f 2213 2214 2211
f 2211 2214 2212
f 1998 2001 2213
f 2213 2001 2214
f 2134 2215 1999
f 1999 2215 2000
f 2216 2217 2219
f 2219 2217 2218
f 2206 2220 2170
f 2170 2220 2167
f 2069 2068 2206
f 2206 2068 2221
f 2151 1998 2222
f 2222 1998 2213
f 2124 2039 2205
f 2205 2039 2069
f 2142 2223 2143
f 2143 2223 2128
f 2203 2186 2202
f 2202 2186 2185
f 2185 2184 2211
f 2211 2184 2224
f 2224 2225 2222
f 2222 2225 2226
f 2071 2227 2072
f 2072 2227 2228
f 2229 2074 2230
f 2230 2074 2073
f 2074 2229 2113
f 2113 2229 2231
f 2232 2225 2227
f 2227 2225 2224
f 2233 2234 2031
f 2031 2234 2028
f 2236 2231 2235
f 2235 2231 2229
f 2230 2183 2229
f 2229 2183 2235
f 2237 1987 2096
f 2096 1987 1986
f 2152 2238 2181
f 2181 2238 2239
f 2080 2240 2081
f 2081 2240 2241
f 2236 2242 1971
f 1971 2242 1970
f 1925 2113 1923
f 1923 2113 2231
f 2110 1927 2111
f 2111 1927 1928
f 2103 2111 1931
f 1931 2111 1928
f 1931 2243 2103
f 2103 2243 2104
f 2105 2104 2244
f 2244 2104 2243
f 1939 1980 2148
f 2148 1980 2109
f 1980 1944 2109
f 2109 1944 2107
f 1946 2245 2207
f 2207 2245 2209
f 2245 1970 2209
f 2209 1970 2242
f 2231 2236 1923
f 1923 2236 1971
f 2113 1925 2110
f 2110 1925 1927
f 2234 2246 2028
f 2028 2246 2147
f 2247 2248 2058
f 2058 2248 2059
f 2114 2117 2249
f 2249 2117 2250
f 2252 2253 2251
f 2251 2253 2254
f 2094 2015 2091
f 2091 2015 2255
f 2256 2255 2014
f 2014 2255 2015
f 2257 2145 2258
f 2258 2145 2144
f 2131 2161 2123
f 2123 2161 2044
f 2045 2044 2164
f 2164 2044 2161
f 2045 2164 2119
f 2119 2164 2165
f 2259 2120 2165
f 2165 2120 2119
f 2260 2261 2259
f 2259 2261 2120
f 2205 2262 2124
f 2124 2262 2125
f 2180 2263 2178
f 2178 2263 2264
f 2265 2266 2092
f 2092 2266 2093
f 1992 2267 2268
f 2184 2228 2224
f 2224 2228 2227
f 2048 2269 2049
f 2049 2269 2141
f 2129 2168 2157
f 2157 2168 2167
f 2049 2141 2075
f 2075 2141 2140
f 2199 2215 2270
f 2270 2215 2271
f 2142 2141 2272
f 2272 2141 2269
f 2089 2026 2090
f 2090 2026 2102
f 2146 2029 2147
f 2147 2029 2028
f 2111 2103 2112
f 2112 2103 2099
f 2061 2060 2109
f 2109 2060 2148
f 2273 2274 2041
f 2041 2274 2038
f 2260 2275 2261
f 2261 2275 2136
f 2057 2138 2132
f 2132 2138 2276
f 2272 2269 2056
f 2056 2269 2139
f 2277 2278 2270
f 2270 2278 2199
f 2029 2188 2030
f 2030 2188 2187
f 2040 2039 2127
f 2127 2039 2124
f 2064 2195 2083
f 2083 2195 2279
f 2056 2139 2057
f 2057 2139 2138
f 2278 2277 2247
f 2247 2277 2248
f 2062 2176 2063
f 2063 2176 2175
f 2280 2210 2242
f 2242 2210 2209
f 2282 2233 2281
f 2281 2233 2031
f 2216 2219 2283
f 2283 2219 2221
f 2158 2220 2218
f 2218 2220 2219
f 2217 2282 2218
f 2218 2282 2281
f 2220 2158 2167
f 2167 2158 2157
f 2223 2264 2128
f 2128 2264 2263
f 2261 1996 2120
f 2120 1996 1995
f 2213 2211 2222
f 2222 2211 2224
f 2283 2221 2284
f 2284 2221 2068
f 2135 1996 2136
f 2136 1996 2261
f 2144 2081 2258
f 2258 2081 2241
f 2235 2280 2236
f 2236 2280 2242
f 2246 2273 2147
f 2147 2273 2041
f 2036 2285 2032
f 2032 2285 2088
f 2077 2286 2152
f 2152 2286 2238
f 1937 1960 1973
f 1973 1960 1959
f 2070 2232 2071
f 2071 2232 2227
f 2244 2287 2105
f 2105 2287 2106
f 1936 1939 2149
f 2149 1939 2148
f 1944 1946 2107
f 2107 1946 2207
f 2285 2121 2088
f 2088 2121 2027
f 2253 2249 2254
f 2254 2249 2250
f 2006 2009 2077
f 2077 2009 2286
f 2289 2086 2288
f 2288 2086 2087
f 2223 2142 2290
f 2290 2142 2272
f 2128 2131 2143
f 2143 2131 2123
f 2156 2291 2153
f 2153 2291 2175
f 2292 2293 2278
f 2278 2293 2294
f 2075 2140 2123
f 2123 2140 2143
f 2262 2169 2275
f 2275 2169 2180
f 2275 2180 2136
f 2136 2180 2134
f 2274 2284 2038
f 2038 2284 2068
f 2127 2126 2182
f 2182 2126 2166
f 2094 2093 2098
f 2098 2093 2021
f 2098 2021 2099
f 2099 2021 2112
f 2018 2021 2266
f 2266 2021 2093
f 2251 2289 2252
f 2252 2289 2288
f 1997 2151 2226
f 2226 2151 2222
f 2206 2221 2220
f 2220 2221 2219
f 2269 2048 2139
f 2139 2048 2137
f 2159 2158 2281
f 2281 2158 2218
f 2156 2155 2190
f 2190 2155 2191
f 1974 1965 1583
f 1583 1965 1751
f 2088 2027 2089
f 2089 2027 2026
f 2030 2159 2031
f 2031 2159 2281
f 2106 2149 2102
f 2102 2149 2090
f 2287 1936 2106
f 2106 1936 2149
f 2293 2154 2294
f 2294 2154 2153
f 2021 2020 2112
f 2247 2295 2278
f 2278 2295 2292
f 2284 2296 2283
f 2283 2296 2297
f 2298 2296 2274
f 2274 2296 2284
f 2273 2299 2274
f 2274 2299 2298
f 2246 2300 2273
f 2273 2300 2299
f 2283 2297 2216
f 2216 2297 2301
f 2216 2301 2217
f 2217 2301 2302
f 2302 2303 2217
f 2217 2303 2282
f 2304 2301 2305
f 2305 2301 2297
f 2307 2308 2306
f 2306 2308 2309
f 2306 2310 2307
f 2307 2310 2311
f 2307 2312 2308
f 2308 2312 2313
f 2314 2315 2312
f 2312 2315 2316
f 2316 2317 2312
f 2312 2317 2313
f 2317 2305 2313
f 2313 2305 2318
f 2314 2312 2311
f 2311 2312 2307
f 2319 2320 2322
f 2322 2320 2321
f 2322 2311 2319
f 2319 2311 2310
f 2313 2318 2308
f 2308 2318 2309
f 2296 2298 2318
f 2318 2298 2309
f 2309 2298 2323
f 2323 2298 2299
f 2306 2309 2324
f 2324 2309 2323
f 2310 2306 2325
f 2325 2306 2324
f 2296 2318 2297
f 2297 2318 2305
f 2319 2310 2326
f 2326 2310 2325
f 2328 2325 2327
f 2327 2325 2324
f 2325 2328 2326
f 2326 2328 2329
f 2331 2328 2330
f 2330 2328 2327
f 2332 2333 2327
f 2327 2333 2330
f 2328 2331 2329
f 2329 2331 2334
f 2324 2323 2327
f 2327 2323 2332
f 2300 2332 2299
f 2299 2332 2323
f 2326 2335 2319
f 2319 2335 2320
f 2305 2317 2336
f 2336 2317 2316
f 2336 2316 2337
f 2337 2316 2315
f 2338 2304 2336
f 2336 2304 2305
f 2337 2339 2336
f 2336 2339 2338
f 2337 2315 2341
f 2341 2315 2340
f 2342 2300 2234
f 2234 2300 2246
f 2303 2343 2282
f 2282 2343 2233
f 2234 2233 2342
f 2342 2233 2343
f 2342 2343 2333
f 2333 2343 2344
f 2333 2344 2330
f 2330 2344 2345
f 2346 2344 2303
f 2303 2344 2343
f 2332 2300 2333
f 2333 2300 2342
f 2347 2346 2302
f 2302 2346 2303
f 2301 2304 2302
f 2302 2304 2347
f 2304 2338 2347
f 2347 2338 2348
f 2348 2349 2347
f 2347 2349 2346
f 2350 2351 2348
f 2348 2351 2349
f 2349 2345 2346
f 2346 2345 2344
f 2345 2349 2352
f 2352 2349 2351
f 2338 2339 2348
f 2348 2339 2350
f 2350 2339 2353
f 2353 2339 2354
f 2356 2357 2355
f 2355 2357 2353
f 2351 2350 2357
f 2357 2350 2353
f 2353 2354 2355
f 2355 2354 2335
f 2320 2335 2341
f 2341 2335 2354
f 2339 2337 2354
f 2354 2337 2341
f 2352 2331 2345
f 2345 2331 2330
f 2356 2334 2352
f 2352 2334 2331
f 2356 2352 2357
f 2357 2352 2351
f 2355 2329 2356
f 2356 2329 2334
f 2335 2326 2355
f 2355 2326 2329
f 2321 2314 2322
f 2322 2314 2311
f 2321 2320 2340
f 2340 2320 2341
f 2315 2314 2340
f 2340 2314 2321
f 2125 2260 2126
f 2126 2260 2259
f 2157 2160 2129
f 2129 2160 2130
f 2188 2163 2187
f 2187 2163 2162
f 2182 2166 2188
f 2188 2166 2163
f 2180 2169 2263
f 2263 2169 2168
f 2160 2187 2130
f 2130 2187 2162
f 2275 2260 2262
f 2262 2260 2125
f 2128 2263 2129
f 2129 2263 2168
f 2262 2205 2169
f 2169 2205 2170
f 2165 2166 2259
f 2259 2166 2126
f 2359 2360 2358
f 2358 2360 2361
f 2363 2364 2362
f 2362 2364 2365
f 2367 2363 2366
f 2366 2363 2362
f 2368 2369 2371
f 2371 2369 2370
f 2372 2373 2248
f 2248 2373 2059
f 2364 2374 2365
f 2365 2374 2375
f 2377 2378 2376
f 2376 2378 2379
f 2290 2380 2223
f 2223 2380 2381
f 2223 2381 2264
f 2264 2381 2382
f 2384 2385 2383
f 2383 2385 2386
f 2364 2371 2374
f 2374 2371 2387
f 2059 2373 2290
f 2290 2373 2380
f 2378 2360 2379
f 2379 2360 2388
f 2374 2387 2359
f 2359 2387 2389
f 2390 2367 2386
f 2386 2367 2391
f 2393 2394 2392
f 2392 2394 2395
f 2386 2391 2383
f 2383 2391 2396
f 2367 2366 2391
f 2391 2366 2397
f 2363 2367 2368
f 2368 2367 2390
f 2398 2399 2361
f 2361 2399 2358
f 2399 2400 2358
f 2358 2400 2375
f 2390 2401 2368
f 2368 2401 2369
f 2372 2384 2376
f 2376 2384 2383
f 2374 2359 2375
f 2375 2359 2358
f 2402 2403 2365
f 2365 2403 2362
f 2359 2389 2360
f 2360 2389 2388
f 2364 2363 2371
f 2371 2363 2368
f 2405 2398 2404
f 2404 2398 2361
f 2392 2395 2406
f 2406 2395 2397
f 2377 2396 2394
f 2394 2396 2395
f 2394 2393 2404
f 2404 2393 2405
f 2396 2377 2383
f 2383 2377 2376
f 2406 2397 2407
f 2407 2397 2366
f 2400 2402 2375
f 2375 2402 2365
f 2385 2270 2401
f 2401 2270 2271
f 2403 2407 2362
f 2362 2407 2366
f 2371 2370 2387
f 2387 2370 2382
f 2391 2397 2396
f 2396 2397 2395
f 2378 2377 2404
f 2404 2377 2394
f 2360 2378 2361
f 2361 2378 2404
f 2407 2408 2406
f 2406 2408 2409
f 2410 2408 2403
f 2403 2408 2407
f 2411 2410 2402
f 2402 2410 2403
f 2412 2411 2400
f 2400 2411 2402
f 2406 2409 2392
f 2392 2409 2413
f 2392 2413 2393
f 2393 2413 2414
f 2415 2405 2414
f 2414 2405 2393
f 2416 2413 2417
f 2417 2413 2409
f 2419 2420 2418
f 2418 2420 2421
f 2420 2422 2421
f 2421 2422 2423
f 2420 2424 2422
f 2422 2424 2425
f 2426 2427 2424
f 2424 2427 2428
f 2428 2429 2424
f 2424 2429 2425
f 2426 2424 2419
f 2419 2424 2420
f 2419 2418 2431
f 2431 2418 2430
f 2425 2432 2422
f 2422 2432 2423
f 2408 2410 2432
f 2432 2410 2423
f 2423 2410 2433
f 2433 2410 2411
f 2421 2423 2434
f 2434 2423 2433
f 2435 2418 2434
f 2434 2418 2421
f 2429 2417 2425
f 2425 2417 2432
f 2408 2432 2409
f 2409 2432 2417
f 2418 2435 2430
f 2430 2435 2436
f 2438 2435 2437
f 2437 2435 2434
f 2435 2438 2436
f 2436 2438 2439
f 2441 2438 2440
f 2440 2438 2437
f 2442 2443 2437
f 2437 2443 2440
f 2439 2438 2444
f 2444 2438 2441
f 2433 2442 2434
f 2434 2442 2437
f 2412 2442 2411
f 2411 2442 2433
f 2436 2445 2430
f 2430 2445 2446
f 2430 2446 2431
f 2431 2446 2447
f 2417 2429 2448
f 2448 2429 2428
f 2427 2449 2428
f 2428 2449 2448
f 2450 2416 2448
f 2448 2416 2417
f 2451 2450 2449
f 2449 2450 2448
f 2427 2452 2449
f 2449 2452 2453
f 2447 2446 2452
f 2452 2446 2453
f 2454 2412 2399
f 2399 2412 2400
f 2415 2455 2405
f 2405 2455 2398
f 2399 2398 2454
f 2454 2398 2455
f 2454 2455 2443
f 2443 2455 2456
f 2443 2456 2440
f 2440 2456 2457
f 2458 2456 2415
f 2415 2456 2455
f 2443 2442 2454
f 2454 2442 2412
f 2459 2458 2414
f 2414 2458 2415
f 2413 2416 2414
f 2414 2416 2459
f 2459 2416 2460
f 2460 2416 2450
f 2460 2461 2459
f 2459 2461 2458
f 2462 2463 2460
f 2460 2463 2461
f 2461 2457 2458
f 2458 2457 2456
f 2457 2461 2464
f 2464 2461 2463
f 2451 2462 2450
f 2450 2462 2460
f 2462 2451 2465
f 2465 2451 2466
f 2468 2469 2467
f 2467 2469 2465
f 2463 2462 2469
f 2469 2462 2465
f 2465 2466 2467
f 2467 2466 2445
f 2446 2445 2453
f 2453 2445 2466
f 2451 2449 2466
f 2466 2449 2453
f 2464 2441 2457
f 2457 2441 2440
f 2468 2444 2464
f 2464 2444 2441
f 2468 2464 2469
f 2469 2464 2463
f 2467 2439 2468
f 2468 2439 2444
f 2445 2436 2467
f 2467 2436 2439
f 2447 2426 2431
f 2431 2426 2419
f 2427 2426 2452
f 2452 2426 2447
f 2369 2179 2370
f 2370 2179 2178
f 2376 2379 2372
f 2372 2379 2373
f 2389 2381 2388
f 2388 2381 2380
f 2387 2382 2389
f 2389 2382 2381
f 2270 2385 2277
f 2277 2385 2384
f 2379 2388 2373
f 2373 2388 2380
f 2401 2271 2369
f 2369 2271 2179
f 2248 2277 2372
f 2372 2277 2384
f 2401 2390 2385
f 2385 2390 2386
f 2264 2382 2178
f 2178 2382 2370
f 2215 2134 2271
f 2271 2134 2179
f 2005 2000 2199
f 2199 2000 2215
f 2004 2001 2005
f 2005 2001 2000
f 2200 2214 2004
f 2004 2214 2001
f 2470 2471 2473
f 2473 2471 2472
f 2475 2476 2474
f 2474 2476 2477
f 2479 2475 2478
f 2478 2475 2474
f 2481 2482 2480
f 2480 2482 2483
f 2476 2484 2477
f 2477 2484 2485
f 2487 2488 2486
f 2486 2488 2489
f 2133 2490 2058
f 2058 2490 2491
f 2058 2491 2247
f 2247 2491 2492
f 2494 2495 2493
f 2493 2495 2496
f 2476 2483 2484
f 2484 2483 2497
f 2472 2498 2488
f 2488 2498 2489
f 2484 2497 2471
f 2471 2497 2499
f 2500 2479 2496
f 2496 2479 2501
f 2502 2503 2505
f 2505 2503 2504
f 2496 2501 2493
f 2493 2501 2506
f 2479 2478 2501
f 2501 2478 2507
f 2475 2479 2480
f 2480 2479 2500
f 2508 2509 2473
f 2473 2509 2470
f 2509 2510 2470
f 2470 2510 2485
f 2511 2481 2500
f 2500 2481 2480
f 2512 2494 2486
f 2486 2494 2493
f 2485 2484 2470
f 2470 2484 2471
f 2513 2514 2477
f 2477 2514 2474
f 2471 2499 2472
f 2472 2499 2498
f 2476 2475 2483
f 2483 2475 2480
f 2516 2508 2515
f 2515 2508 2473
f 2502 2505 2517
f 2517 2505 2507
f 2504 2487 2505
f 2505 2487 2506
f 2503 2516 2504
f 2504 2516 2515
f 2506 2487 2493
f 2493 2487 2486
f 2517 2507 2518
f 2518 2507 2478
f 2510 2513 2485
f 2485 2513 2477
f 2511 2495 2293
f 2293 2495 2154
f 2514 2518 2474
f 2474 2518 2478
f 2483 2482 2497
f 2497 2482 2492
f 2501 2507 2506
f 2506 2507 2505
f 2488 2487 2515
f 2515 2487 2504
f 2472 2488 2473
f 2473 2488 2515
f 2518 2519 2517
f 2517 2519 2520
f 2521 2519 2514
f 2514 2519 2518
f 2522 2521 2513
f 2513 2521 2514
f 2523 2522 2510
f 2510 2522 2513
f 2517 2520 2502
f 2502 2520 2524
f 2502 2524 2503
f 2503 2524 2525
f 2525 2526 2503
f 2503 2526 2516
f 2527 2524 2528
f 2528 2524 2520
f 2530 2531 2529
f 2529 2531 2532
f 2531 2533 2532
f 2532 2533 2534
f 2531 2535 2533
f 2533 2535 2536
f 2537 2538 2535
f 2535 2538 2539
f 2539 2540 2535
f 2535 2540 2536
f 2537 2535 2530
f 2530 2535 2531
f 2529 2541 2530
f 2530 2541 2542
f 2543 2534 2536
f 2536 2534 2533
f 2519 2521 2543
f 2543 2521 2534
f 2534 2521 2544
f 2544 2521 2522
f 2532 2534 2545
f 2545 2534 2544
f 2529 2532 2546
f 2546 2532 2545
f 2536 2540 2543
f 2543 2540 2528
f 2519 2543 2520
f 2520 2543 2528
f 2541 2529 2547
f 2547 2529 2546
f 2548 2549 2545
f 2545 2549 2546
f 2549 2550 2546
f 2546 2550 2547
f 2551 2552 2548
f 2548 2552 2549
f 2548 2553 2551
f 2551 2553 2554
f 2550 2549 2555
f 2555 2549 2552
f 2545 2544 2548
f 2548 2544 2553
f 2523 2553 2522
f 2522 2553 2544
f 2547 2556 2541
f 2541 2556 2557
f 2541 2557 2542
f 2542 2557 2558
f 2528 2540 2559
f 2559 2540 2539
f 2538 2560 2539
f 2539 2560 2559
f 2561 2527 2559
f 2559 2527 2528
f 2560 2562 2559
f 2559 2562 2561
f 2560 2538 2564
f 2564 2538 2563
f 2558 2557 2563
f 2563 2557 2564
f 2565 2523 2509
f 2509 2523 2510
f 2526 2566 2516
f 2516 2566 2508
f 2509 2508 2565
f 2565 2508 2566
f 2565 2566 2554
f 2554 2566 2567
f 2554 2567 2551
f 2551 2567 2568
f 2569 2567 2526
f 2526 2567 2566
f 2553 2523 2554
f 2554 2523 2565
f 2570 2569 2525
f 2525 2569 2526
f 2524 2527 2525
f 2525 2527 2570
f 2527 2561 2570
f 2570 2561 2571
f 2571 2572 2570
f 2570 2572 2569
f 2573 2574 2571
f 2571 2574 2572
f 2572 2568 2569
f 2569 2568 2567
f 2568 2572 2575
f 2575 2572 2574
f 2562 2573 2561
f 2561 2573 2571
f 2573 2562 2576
f 2576 2562 2577
f 2579 2580 2578
f 2578 2580 2576
f 2574 2573 2580
f 2580 2573 2576
f 2576 2577 2578
f 2578 2577 2556
f 2557 2556 2564
f 2564 2556 2577
f 2562 2560 2577
f 2577 2560 2564
f 2575 2552 2568
f 2568 2552 2551
f 2579 2555 2575
f 2575 2555 2552
f 2579 2575 2580
f 2580 2575 2574
f 2550 2555 2578
f 2578 2555 2579
f 2556 2547 2578
f 2578 2547 2550
f 2558 2537 2542
f 2542 2537 2530
f 2538 2537 2563
f 2563 2537 2558
f 2292 2295 2481
f 2481 2295 2482
f 2486 2489 2512
f 2512 2489 2581
f 2499 2491 2498
f 2498 2491 2490
f 2497 2492 2499
f 2499 2492 2491
f 2155 2154 2494
f 2494 2154 2495
f 2581 2489 2490
f 2490 2489 2498
f 2293 2292 2511
f 2511 2292 2481
f 2191 2155 2512
f 2512 2155 2494
f 2500 2496 2511
f 2511 2496 2495
f 2247 2492 2295
f 2295 2492 2482
f 2583 2584 2582
f 2582 2584 2585
f 2587 2588 2586
f 2586 2588 2589
f 2591 2587 2590
f 2590 2587 2586
f 2593 2594 2592
f 2592 2594 2595
f 2596 2597 2599
f 2599 2597 2598
f 2588 2600 2589
f 2589 2600 2601
f 2602 2603 2605
f 2605 2603 2604
f 2606 2607 2609
f 2609 2607 2608
f 2609 2608 2190
f 2190 2608 2610
f 2611 2612 2614
f 2614 2612 2613
f 2600 2588 2615
f 2615 2588 2595
f 2599 2598 2606
f 2606 2598 2607
f 2584 2616 2604
f 2604 2616 2605
f 2600 2615 2583
f 2583 2615 2617
f 2591 2619 2618
f 2618 2619 2614
f 2621 2622 2620
f 2620 2622 2623
f 2619 2624 2614
f 2614 2624 2611
f 2591 2590 2619
f 2619 2590 2625
f 2587 2591 2592
f 2592 2591 2618
f 2626 2627 2585
f 2585 2627 2582
f 2627 2628 2582
f 2582 2628 2601
f 2629 2593 2618
f 2618 2593 2592
f 2602 2597 2611
f 2611 2597 2612
f 2600 2583 2601
f 2601 2583 2582
f 2630 2631 2589
f 2589 2631 2586
f 2583 2617 2584
f 2584 2617 2616
f 2588 2587 2595
f 2595 2587 2592
f 2633 2626 2632
f 2632 2626 2585
f 2620 2623 2634
f 2634 2623 2625
f 2622 2603 2623
f 2623 2603 2624
f 2621 2633 2622
f 2622 2633 2632
f 2611 2624 2602
f 2602 2624 2603
f 2634 2625 2635
f 2635 2625 2590
f 2628 2630 2601
f 2601 2630 2589
f 2613 2195 2629
f 2629 2195 2194
f 2631 2635 2586
f 2586 2635 2590
f 2595 2594 2615
f 2615 2594 2610
f 2619 2625 2624
f 2624 2625 2623
f 2632 2604 2622
f 2622 2604 2603
f 2585 2584 2632
f 2632 2584 2604
f 2635 2636 2634
f 2634 2636 2637
f 2638 2636 2631
f 2631 2636 2635
f 2639 2638 2630
f 2630 2638 2631
f 2640 2639 2628
f 2628 2639 2630
f 2634 2637 2620
f 2620 2637 2641
f 2620 2641 2621
f 2621 2641 2642
f 2642 2643 2621
f 2621 2643 2633
f 2641 2637 2644
f 2644 2637 2645
f 2646 2647 2649
f 2649 2647 2648
f 2648 2650 2649
f 2649 2650 2651
f 2648 2652 2650
f 2650 2652 2653
f 2652 2654 2656
f 2656 2654 2655
f 2656 2657 2652
f 2652 2657 2653
f 2654 2652 2647
f 2647 2652 2648
f 2647 2646 2659
f 2659 2646 2658
f 2660 2651 2653
f 2653 2651 2650
f 2636 2638 2660
f 2660 2638 2651
f 2651 2638 2661
f 2661 2638 2639
f 2651 2661 2649
f 2649 2661 2662
f 2663 2646 2662
f 2662 2646 2649
f 2653 2657 2660
f 2660 2657 2645
f 2636 2660 2637
f 2637 2660 2645
f 2646 2663 2658
f 2658 2663 2664
f 2665 2666 2662
f 2662 2666 2663
f 2666 2667 2663
f 2663 2667 2664
f 2668 2669 2665
f 2665 2669 2666
f 2665 2670 2668
f 2668 2670 2671
f 2667 2666 2672
f 2672 2666 2669
f 2662 2661 2665
f 2665 2661 2670
f 2640 2670 2639
f 2639 2670 2661
f 2673 2674 2664
f 2664 2674 2658
f 2658 2674 2659
f 2659 2674 2675
f 2645 2657 2676
f 2676 2657 2656
f 2677 2676 2655
f 2655 2676 2656
f 2676 2678 2645
f 2645 2678 2644
f 2677 2679 2676
f 2676 2679 2678
f 2655 2680 2677
f 2677 2680 2681
f 2675 2674 2680
f 2680 2674 2681
f 2682 2640 2627
f 2627 2640 2628
f 2643 2683 2633
f 2633 2683 2626
f 2682 2627 2683
f 2683 2627 2626
f 2683 2684 2682
f 2682 2684 2671
f 2684 2685 2671
f 2671 2685 2668
f 2686 2684 2643
f 2643 2684 2683
f 2670 2640 2671
f 2671 2640 2682
f 2687 2686 2642
f 2642 2686 2643
f 2642 2641 2687
f 2687 2641 2644
f 2687 2644 2688
f 2688 2644 2678
f 2688 2689 2687
f 2687 2689 2686
f 2690 2691 2688
f 2688 2691 2689
f 2689 2685 2686
f 2686 2685 2684
f 2685 2689 2692
f 2692 2689 2691
f 2679 2690 2678
f 2678 2690 2688
f 2690 2679 2693
f 2693 2679 2694
f 2696 2697 2695
f 2695 2697 2693
f 2691 2690 2697
f 2697 2690 2693
f 2693 2694 2695
f 2695 2694 2673
f 2674 2673 2681
f 2681 2673 2694
f 2679 2677 2694
f 2694 2677 2681
f 2685 2692 2668
f 2668 2692 2669
f 2696 2672 2692
f 2692 2672 2669
f 2696 2692 2697
f 2697 2692 2691
f 2695 2667 2696
f 2696 2667 2672
f 2673 2664 2695
f 2695 2664 2667
f 2675 2654 2659
f 2659 2654 2647
f 2655 2654 2680
f 2680 2654 2675
f 2291 2156 2593
f 2593 2156 2594
f 2597 2602 2598
f 2598 2602 2605
f 2616 2617 2607
f 2607 2617 2608
f 2615 2610 2617
f 2617 2610 2608
f 2597 2596 2612
f 2612 2596 2698
f 2598 2605 2607
f 2607 2605 2616
f 2194 2291 2629
f 2629 2291 2593
f 2629 2618 2613
f 2613 2618 2614
f 2190 2610 2156
f 2156 2610 2594
f 2700 2010 2699
f 2699 2010 2086
f 2267 2701 2116
f 2116 2701 2702
f 2116 2702 2117
f 2117 2702 2703
f 2704 2705 2250
f 2250 2705 2254
f 2011 2706 2267
f 2267 2706 2701
f 2699 2086 2707
f 2707 2086 2289
f 2010 2700 2011
f 2011 2700 2706
f 2708 2707 2251
f 2251 2707 2289
f 2703 2704 2117
f 2117 2704 2250
f 2705 2708 2254
f 2254 2708 2251
f 2709 2710 2708
f 2708 2710 2707
f 2711 2709 2705
f 2705 2709 2708
f 2712 2711 2704
f 2704 2711 2705
f 2713 2712 2703
f 2703 2712 2704
f 2707 2710 2699
f 2699 2710 2714
f 2699 2714 2700
f 2700 2714 2715
f 2716 2706 2715
f 2715 2706 2700
f 2714 2710 2717
f 2717 2710 2718
f 2720 2721 2719
f 2719 2721 2722
f 2721 2723 2722
f 2722 2723 2724
f 2721 2725 2723
f 2723 2725 2726
f 2727 2728 2725
f 2725 2728 2726
f 2729 2725 2720
f 2720 2725 2721
f 2731 2729 2730
f 2730 2729 2720
f 2719 2732 2720
f 2720 2732 2730
f 2726 2733 2723
f 2723 2733 2724
f 2709 2711 2733
f 2733 2711 2724
f 2724 2711 2734
f 2734 2711 2712
f 2722 2724 2735
f 2735 2724 2734
f 2719 2722 2736
f 2736 2722 2735
f 2726 2728 2733
f 2733 2728 2718
f 2709 2733 2710
f 2710 2733 2718
f 2732 2719 2737
f 2737 2719 2736
f 2738 2739 2735
f 2735 2739 2736
f 2739 2740 2736
f 2736 2740 2737
f 2741 2742 2738
f 2738 2742 2739
f 2738 2743 2741
f 2741 2743 2744
f 2740 2739 2745
f 2745 2739 2742
f 2735 2734 2738
f 2738 2734 2743
f 2713 2743 2712
f 2712 2743 2734
f 2737 2746 2732
f 2732 2746 2747
f 2732 2747 2730
f 2730 2747 2731
f 2718 2728 2748
f 2748 2728 2727
f 2749 2750 2727
f 2727 2750 2748
f 2748 2751 2718
f 2718 2751 2717
f 2750 2752 2748
f 2748 2752 2751
f 2750 2749 2754
f 2754 2749 2753
f 2731 2747 2753
f 2753 2747 2754
f 2727 2725 2749
f 2749 2725 2729
f 2749 2729 2753
f 2753 2729 2731
f 2702 2755 2703
f 2703 2755 2713
f 2706 2716 2701
f 2701 2716 2756
f 2755 2702 2756
f 2756 2702 2701
f 2756 2757 2755
f 2755 2757 2744
f 2757 2758 2744
f 2744 2758 2741
f 2759 2757 2716
f 2716 2757 2756
f 2743 2713 2744
f 2744 2713 2755
f 2760 2759 2715
f 2715 2759 2716
f 2715 2714 2760
f 2760 2714 2717
f 2760 2717 2761
f 2761 2717 2751
f 2761 2762 2760
f 2760 2762 2759
f 2763 2764 2761
f 2761 2764 2762
f 2762 2758 2759
f 2759 2758 2757
f 2758 2762 2765
f 2765 2762 2764
f 2752 2763 2751
f 2751 2763 2761
f 2763 2752 2766
f 2766 2752 2767
f 2768 2769 2766
f 2766 2769 2770
f 2764 2763 2770
f 2770 2763 2766
f 2766 2767 2768
f 2768 2767 2746
f 2747 2746 2754
f 2754 2746 2767
f 2752 2750 2767
f 2767 2750 2754
f 2758 2765 2741
f 2741 2765 2742
f 2769 2745 2765
f 2765 2745 2742
f 2769 2765 2770
f 2770 2765 2764
f 2768 2740 2769
f 2769 2740 2745
f 2746 2737 2768
f 2768 2737 2740
f 2201 2212 2200
f 2200 2212 2214
f 2201 2202 2212
f 2212 2202 2185
f 2512 2581 2191
f 2191 2581 2192
f 2059 2290 2056
f 2056 2290 2272
f 2174 2199 2294
f 2294 2199 2278
f 2063 2175 2194
f 2194 2175 2291
f 2192 2581 2133
f 2133 2581 2490
f 2133 2132 2192
f 2192 2132 2189
f 2054 2276 2055
f 2055 2276 2138
f 2083 2279 2084
f 2084 2279 2771
f 2771 2279 2599
f 2599 2279 2596
f 2606 2772 2599
f 2599 2772 2771
f 2772 2773 2771
f 2771 2773 2084
f 2773 2774 2084
f 2084 2774 2085
f 2085 2775 2082
f 2082 2775 2144
f 2774 2078 2085
f 2085 2078 2775
f 2078 2774 2079
f 2079 2774 2776
f 2774 2773 2776
f 2776 2773 2777
f 2773 2772 2777
f 2777 2772 2778
f 2190 2189 2609
f 2609 2189 2778
f 2053 2052 2779
f 2779 2052 2181
f 2144 2775 2081
f 2081 2775 2078
f 2294 2153 2174
f 2174 2153 2175
f 2132 2276 2189
f 2189 2276 2778
f 2606 2609 2772
f 2772 2609 2778
f 2195 2613 2698
f 2698 2613 2612
f 2596 2279 2698
f 2698 2279 2195
f 2054 2777 2276
f 2276 2777 2778
f 2777 2054 2776
f 2776 2054 2053
f 2053 2779 2776
f 2776 2779 2079
f 2779 2181 2079
f 2079 2181 2080
f 2181 2239 2080
f 2080 2239 2240
f 2122 2256 2014
f 2042 1982 2076
f 2076 1982 2007
f 1982 1985 2007
f 2007 1985 2008
f 2095 2097 2265
f 2265 2097 2266
f 2076 2050 2042
f 2042 2050 2047
f 2046 2043 2047
f 2047 2043 2042
f 2118 1993 2046
f 2046 1993 2043
f 1995 1994 2118
f 2118 1994 1993
f 2267 1992 2011
f 2011 1992 2012
f 1997 2012 1994
f 1994 2012 1992
f 2226 2013 1997
f 1997 2013 2012
f 2225 2087 2226
f 2226 2087 2013
f 2225 2232 2087
f 2087 2232 2288
f 2232 2070 2288
f 2288 2070 2252
f 2070 2025 2252
f 2252 2025 2253
f 1988 2249 2025
f 2025 2249 2253
f 2116 2115 2267
f 2267 2115 2268
f 2096 1984 2237
f 2237 1984 1991
f 2095 1985 2096
f 2096 1985 1984
f 2265 2008 2095
f 2095 2008 1985
f 2092 2009 2265
f 2265 2009 2008
f 2091 2286 2092
f 2092 2286 2009
f 2255 2238 2091
f 2091 2238 2286
f 2256 2239 2255
f 2255 2239 2238
f 2122 2240 2256
f 2256 2240 2239
f 2121 2241 2122
f 2122 2241 2240
f 2022 2018 2097
f 2097 2018 2266
f 2022 2024 2018
f 2018 2024 2019
f 2024 2072 2019
f 2019 2072 2073
f 2072 2228 2073
f 2073 2228 2230
f 2228 2184 2230
f 2230 2184 2183
f 2121 2285 2241
f 2241 2285 2258
f 2285 2036 2258
f 2258 2036 2257
f 2177 2145 2193
f 2193 2145 2257
f 2173 2193 2196
f 2196 2193 2037
f 2036 2037 2257
f 2257 2037 2193
f 2196 2037 2066
f 2066 2037 2035
f 2061 2108 2034
f 2034 2108 2067
f 2108 2208 2067
f 2067 2208 2204
f 2208 2210 2204
f 2204 2210 2203
f 2210 2280 2203
f 2203 2280 2186
f 2183 2186 2235
f 2235 2186 2280
f 1987 2114 1988
f 1988 2114 2249
f 2237 2115 1987
f 1987 2115 2114
f 1991 2268 2237
f 2237 2268 2115
f 1991 1990 2268
f 2268 1990 1992
f 107 110 2781
f 2781 110 2780
f 117 2782 118
f 118 2782 2783
f 119 2784 120
f 120 2784 2785
f 125 2786 126
f 126 2786 2787
f 127 2788 128
f 128 2788 2789
f 127 132 2788
f 2788 132 2790
f 231 230 2792
f 2792 230 2791
f 118 2783 119
f 119 2783 2784
f 241 243 2794
f 2794 243 2793
f 2781 2795 107
f 107 2795 352
f 120 2785 437
f 437 2785 2796
f 126 2787 110
f 110 2787 2780
f 455 2797 456
f 456 2797 2798
f 128 2789 457
f 457 2789 2799
f 456 2798 117
f 117 2798 2782
f 2794 2797 241
f 241 2797 455
f 457 2799 125
f 125 2799 2786
f 132 231 2790
f 2790 231 2792
f 230 437 2791
f 2791 437 2796
f 2792 2789 2790
f 2790 2789 2788
f 2785 2784 2801
f 2801 2784 2800
f 2786 2802 2787
f 2787 2802 2803
f 2792 2791 2805
f 2805 2791 2804
f 2784 2783 2800
f 2800 2783 2806
f 2785 2801 2796
f 2796 2801 2807
f 2787 2803 2780
f 2780 2803 2808
f 2789 2809 2799
f 2799 2809 2810
f 2799 2810 2786
f 2786 2810 2802
f 2791 2796 2804
f 2804 2796 2807
f 2789 2792 2809
f 2809 2792 2805
f 2812 2797 2811
f 2811 2797 2794
f 2809 2805 2810
f 2810 2805 2804
f 2810 2804 2802
f 2802 2804 2807
f 2802 2807 2803
f 2803 2807 2801
f 2808 2803 2800
f 2800 2803 2801
f 2814 699 2813
f 2813 699 698
f 2808 2815 2780
f 2780 2815 2781
f 2817 2782 2816
f 2816 2782 2798
f 2815 2818 2781
f 2781 2818 2795
f 2797 2812 2798
f 2798 2812 2816
f 2783 2782 2806
f 2806 2782 2817
f 2800 2806 2808
f 2808 2806 2815
f 2794 2793 2811
f 2811 2793 2819
f 174 201 384
f 384 201 362
f 200 1766 390
f 390 1766 1777
f 1777 1778 390
f 390 1778 398
f 1778 361 398
f 398 361 222
f 2820 2821 628
f 628 2821 629
f 1406 2820 790
f 790 2820 628
f 794 1415 1233
f 1233 1415 1234
f 1406 790 1407
f 1407 790 1312
f 1407 1312 2822
f 2822 1312 1316
f 2823 1380 1543
f 1543 1380 1379
f 1385 1738 1382
f 1382 1738 1383
f 1381 791 1382
f 1382 791 1386
f 791 794 1386
f 1386 794 1233
f 1259 1390 1260
f 1260 1390 1389
f 1905 1542 1394
f 1394 1542 1395
f 1410 1413 1397
f 1397 1413 1398
f 2821 1410 629
f 629 1410 1397
f 2823 2822 1380
f 1380 2822 1316
f 1392 1395 1378
f 1378 1395 1379
f 1738 1399 1383
f 1383 1399 1398
f 1388 1235 1389
f 1389 1235 1234
f 1393 1391 1394
f 1394 1391 1390
f 1381 1384 779
f 779 1384 780
f 1282 788 792
f 792 788 793
f 1431 1262 1432
f 1432 1262 1261
f 1400 1342 1408
f 1408 1342 1409
f 1508 1544 1411
f 1411 1544 1412
f 788 787 793
f 793 787 1414
f 2821 2820 1429
f 1429 2820 1430
f 2822 2823 1506
f 1506 2823 1507
f 778 1282 779
f 779 1282 792
f 2820 1406 1430
f 1430 1406 1409
f 1410 2821 1411
f 1411 2821 1429
f 1407 2822 1408
f 1408 2822 1506
f 1544 781 1412
f 1412 781 780
f 1260 1415 1261
f 1261 1415 1414
f 1334 2824 923
f 923 2824 924
f 2826 1268 2825
f 2825 1268 1267
f 769 1212 2827
f 2827 1212 2828
f 1492 1190 1266
f 1266 1190 1267
f 1488 2829 1489
f 1489 2829 2830
f 922 1329 923
f 923 1329 1328
f 1484 2831 1485
f 1485 2831 2832
f 1482 2833 1485
f 1485 2833 1486
f 1324 1493 1489
f 1489 1493 1490
f 1265 1491 1266
f 1266 1491 1490
f 2835 2836 2834
f 2834 2836 2837
f 1250 2838 2827
f 2827 2838 2839
f 1488 1491 2840
f 2840 1491 2841
f 1268 2826 2842
f 2842 2826 2843
f 2844 2845 1495
f 1495 2845 1496
f 1427 2847 2846
f 2846 2847 926
f 2829 1488 2848
f 2848 1488 2840
f 1329 922 2849
f 2849 922 927
f 2850 2851 768
f 768 2851 1213
f 1265 1268 2852
f 2852 1268 2842
f 1491 1265 2841
f 2841 1265 2852
f 2854 2855 2853
f 2853 2855 2856
f 2855 2857 2856
f 2856 2857 598
f 2857 2858 598
f 598 2858 595
f 2858 2859 595
f 595 2859 626
f 649 652 2860
f 2860 652 2861
f 639 642 2862
f 2862 642 2863
f 2864 705 2862
f 2862 705 639
f 2865 1418 2864
f 2864 1418 705
f 2866 2867 2865
f 2865 2867 1418
f 1760 1348 1761
f 1761 1348 2867
f 1764 2868 1197
f 1197 2868 1198
f 2869 611 2868
f 2868 611 1198
f 2870 612 2869
f 2869 612 611
f 1352 1350 944
f 944 1350 688
f 1350 1256 688
f 688 1256 685
f 1256 1255 685
f 685 1255 692
f 1255 2871 692
f 692 2871 2872
f 701 2873 698
f 698 2873 2813
f 2872 1349 692
f 692 1349 693
f 1696 1744 1574
f 1574 1744 1575
f 1753 1618 1577
f 1577 1618 1578
f 1729 1594 1608
f 1608 1594 1609
f 1725 1630 1611
f 1611 1630 1612
f 1604 1607 1625
f 1625 1607 1626
f 1624 1703 1625
f 1625 1703 1912
f 1703 1702 1912
f 1912 1702 1913
f 1702 1753 1913
f 1913 1753 1577
f 1598 1569 1915
f 1915 1569 1578
f 1616 1615 1915
f 1915 1615 1916
f 1615 1696 1916
f 1916 1696 1574
f 1744 1745 1575
f 1575 1745 1917
f 1745 1565 1917
f 1917 1565 1609
f 1568 1725 1608
f 1608 1725 1611
f 2874 1613 1918
f 1918 1613 1612
f 1607 2874 1626
f 1626 2874 1918
f 1610 1613 1562
f 1562 1613 1563
f 1547 1550 1570
f 1570 1550 1571
f 1573 1576 1580
f 1580 1576 1581
f 1553 1556 1595
f 1595 1556 1596
f 1556 1582 1596
f 1596 1582 1581
f 1551 1547 1599
f 1599 1547 1570
f 1731 1914 1601
f 1601 1914 1602
f 1686 1689 1605
f 1605 1689 1606
f 1598 1743 1599
f 1599 1743 1692
f 2874 1607 1723
f 1723 1607 1606
f 1727 1553 1730
f 1730 1553 1595
f 1600 1686 1601
f 1601 1686 1605
f 1914 1572 1602
f 1602 1572 1571
f 1579 1693 1580
f 1580 1693 1692
f 1613 2874 1563
f 1563 2874 1723
f 1561 1727 1562
f 1562 1727 1730
f 1949 1742 1548
f 1548 1742 1549
f 1694 1949 1552
f 1552 1949 1548
f 1954 1589 1554
f 1554 1589 1555
f 1693 1579 1558
f 1558 1579 1559
f 1561 1564 1584
f 1584 1564 1585
f 1582 1556 1588
f 1588 1556 1555
f 1600 1603 1591
f 1591 1603 1592
f 1981 1977 1687
f 1687 1977 1688
f 1564 1722 1585
f 1585 1722 1690
f 1551 1693 1552
f 1552 1693 1558
f 1751 1954 1728
f 1728 1954 1554
f 1590 1981 1591
f 1591 1981 1687
f 1603 1550 1592
f 1592 1550 1549
f 1977 1691 1688
f 1688 1691 1690
f 1587 1560 1588
f 1588 1560 1559
f 1727 1561 1728
f 1728 1561 1584
f 2875 1919 1947
f 1947 1919 1948
f 1557 1560 1952
f 1952 1560 1953
f 1933 1932 1955
f 1955 1932 1956
f 1587 1589 1958
f 1958 1589 1956
f 1959 1933 1965
f 1965 1933 1955
f 1961 1964 1966
f 1966 1964 1967
f 1981 1590 1969
f 1969 1590 1967
f 1742 1949 1972
f 1972 1949 1948
f 1593 1742 1966
f 1966 1742 1972
f 1957 1950 1958
f 1958 1950 1953
f 1583 1586 1974
f 1974 1586 1975
f 1940 1943 1978
f 1978 1943 1979
f 1943 1976 1979
f 1979 1976 1975
f 1951 2875 1952
f 1952 2875 1947
f 1968 1940 1969
f 1969 1940 1978
f 1973 1959 1974
f 1974 1959 1965
f 1923 1971 1920
f 1920 1971 1921
f 1919 2875 1920
f 1920 2875 1924
f 2875 1951 1924
f 1924 1951 1926
f 1950 1957 1929
f 1929 1957 1930
f 2244 2243 1934
f 1934 2243 1935
f 1973 1976 1937
f 1937 1976 1938
f 1944 1980 1941
f 1941 1980 1942
f 1940 1968 1941
f 1941 1968 1945
f 2287 2244 1960
f 1960 2244 1934
f 1970 2245 1962
f 1962 2245 1963
f 2243 1931 1935
f 1935 1931 1930
f 1927 1926 1928
f 1928 1926 1929
f 1961 1922 1962
f 1962 1922 1921
f 2245 1946 1963
f 1963 1946 1945
f 1976 1943 1938
f 1938 1943 1942
f 1936 2287 1937
f 1937 2287 1960
f 743 1238 608
f 608 1238 609
f 607 1811 608
f 608 1811 744
f 1304 2876 1305
f 1305 2876 2877
f 586 585 1298
f 1298 585 1299
f 585 702 1299
f 1299 702 1300
f 702 1428 1300
f 1300 1428 1301
f 1238 586 609
f 609 586 1298
f 2878 2879 1218
f 1218 2879 2877
f 2880 2881 1812
f 1812 2881 1819
f 2883 1821 2882
f 2882 1821 1820
f 2840 2841 620
f 620 2841 621
f 2842 2843 795
f 795 2843 796
f 892 895 2844
f 2844 895 2845
f 2848 2840 942
f 942 2840 620
f 2849 927 1202
f 1202 927 1203
f 2852 2842 1270
f 1270 2842 795
f 2841 2852 621
f 621 2852 1270
f 941 1759 942
f 942 1759 2884
f 659 929 1427
f 1427 929 2847
f 1237 2851 751
f 751 2851 2850
f 1216 2885 1217
f 1217 2885 1754
f 2887 734 2886
f 2886 734 733
f 2889 1816 2888
f 2888 1816 1815
f 2890 1245 2889
f 2889 1245 1816
f 1824 2891 1825
f 1825 2891 1246
f 2892 2893 2895
f 2895 2893 2894
f 1854 1833 1851
f 1851 1833 1832
f 1851 1832 1884
f 1884 1832 1876
f 1884 1876 1441
f 1441 1876 1443
f 1441 1443 1442
f 1442 1443 1446
f 1442 1446 2896
f 2896 1446 1507
f 2897 2823 2898
f 2898 2823 1543
f 1542 2899 1543
f 1543 2899 2898
f 1542 1905 2899
f 2899 1905 2900
f 1905 1259 2900
f 2900 1259 2901
f 1262 1431 2902
f 2902 1431 1904
f 1431 1434 1904
f 1904 1434 1902
f 1902 1434 2903
f 2903 1434 719
f 2903 719 2904
f 2904 719 718
f 1869 1881 718
f 718 1881 2904
f 1881 1869 1880
f 1880 1869 756
f 1880 756 2905
f 2905 756 755
f 2905 755 2906
f 2906 755 758
f 762 2907 763
f 763 2907 2908
f 724 723 2909
f 2909 723 894
f 796 895 723
f 723 895 894
f 2843 2845 796
f 796 2845 895
f 2826 1496 2843
f 2843 1496 2845
f 2825 1497 2826
f 2826 1497 1496
f 1189 2836 2825
f 2825 2836 1497
f 797 891 798
f 798 891 2837
f 802 888 797
f 797 888 891
f 2910 2911 2913
f 2913 2911 2912
f 1780 1783 2915
f 2915 1783 2914
f 2916 2917 831
f 831 2917 832
f 2918 2919 845
f 845 2919 846
f 2920 2916 847
f 847 2916 831
f 2921 2922 857
f 857 2922 858
f 2923 2924 860
f 860 2924 861
f 2919 2912 846
f 846 2912 887
f 2925 2920 940
f 940 2920 847
f 2924 2926 861
f 861 2926 1204
f 2917 2918 832
f 832 2918 845
f 2927 2928 1449
f 1449 2928 1450
f 2929 2930 889
f 889 2930 2931
f 2896 1507 2897
f 2897 1507 2823
f 2902 2901 1262
f 1262 2901 1259
f 2932 2933 750
f 750 2933 1236
f 2933 2934 1236
f 1236 2934 1835
f 2936 2937 2935
f 2935 2937 2938
f 2940 2941 2939
f 2939 2941 2942
f 2943 2944 1841
f 1841 2944 1842
f 2945 1860 2944
f 2944 1860 1842
f 2945 2946 1860
f 1860 2946 1859
f 1889 2947 1890
f 1890 2947 1856
f 1856 2947 1857
f 1857 2947 2948
f 2950 709 2949
f 2949 709 1829
f 2952 730 2951
f 2951 730 729
f 2866 2953 2867
f 2867 2953 1761
f 2953 2954 1761
f 1761 2954 1420
f 2954 2955 1420
f 1420 2955 742
f 2955 2956 742
f 742 2956 739
f 2956 2957 739
f 739 2957 760
f 2957 2958 760
f 760 2958 761
f 2958 2959 761
f 761 2959 2960
f 2959 2961 2960
f 2960 2961 2962
f 2963 2964 1839
f 1839 2964 1840
f 2964 2965 1840
f 1840 2965 2942
f 2966 2950 2939
f 2939 2950 2949
f 2935 2967 2936
f 2936 2967 2968
f 2969 2970 736
f 736 2970 735
f 734 2887 1815
f 1815 2887 2888
f 2887 2882 2888
f 2888 2882 2881
f 1819 1820 1817
f 1817 1820 748
f 1195 1757 1197
f 1197 1757 1424
f 1757 647 1424
f 1424 647 646
f 647 648 646
f 646 648 643
f 648 1271 643
f 643 1271 737
f 1271 725 737
f 737 725 765
f 725 724 765
f 765 724 762
f 762 724 2907
f 2907 724 2909
f 1254 1437 2909
f 2909 1437 2907
f 1438 1253 1836
f 1836 1253 1835
f 1836 1835 2938
f 2938 1835 2934
f 2971 2972 2935
f 2935 2972 2967
f 897 896 2969
f 2969 896 2970
f 1815 1814 734
f 734 1814 731
f 728 1215 896
f 896 1215 732
f 2885 1216 733
f 733 1216 2886
f 1216 1219 2886
f 2886 1219 2883
f 2876 1304 1821
f 1821 1304 749
f 1304 1303 749
f 749 1303 746
f 1818 2973 1817
f 1817 2973 1810
f 747 2974 1818
f 1818 2974 2973
f 747 746 2974
f 2974 746 1303
f 2976 2977 2975
f 2975 2977 2978
f 2976 2979 2901
f 2901 2979 2900
f 2980 2981 2982
f 2982 2981 2979
f 2981 2980 2983
f 2983 2980 2984
f 2985 2897 2983
f 2983 2897 2898
f 2987 2988 2986
f 2986 2988 2985
f 2896 2988 1442
f 1442 2988 1439
f 1903 2977 1904
f 1904 2977 2902
f 1856 1855 1890
f 1890 1855 2989
f 2989 2990 1890
f 1890 2990 1359
f 2990 2991 1359
f 1359 2991 1356
f 2946 2992 1859
f 1859 2992 1893
f 2992 2993 1893
f 1893 2993 775
f 2993 2994 775
f 775 2994 776
f 2986 1356 2987
f 2987 1356 2991
f 2975 2978 776
f 776 2978 777
f 2982 2994 2980
f 2980 2994 2995
f 1357 2984 2995
f 2995 2984 2980
f 2995 2996 1357
f 1357 2996 1358
f 2996 2997 1358
f 1358 2997 1889
f 2998 2999 2932
f 2932 2999 2933
f 2999 2971 2933
f 2933 2971 2934
f 1837 1836 2937
f 2937 1836 2938
f 2943 1841 2941
f 2941 1841 1838
f 3001 2944 3000
f 3000 2944 2943
f 3001 3002 2944
f 2944 3002 2945
f 3002 3003 2945
f 2945 3003 2946
f 2997 3003 1889
f 1889 3003 2947
f 2947 3003 2948
f 2948 3003 3002
f 3001 3004 3002
f 3002 3004 2948
f 3000 3005 3001
f 3001 3005 3004
f 2940 3006 3000
f 3000 3006 3005
f 2999 3007 2971
f 2971 3007 2972
f 2998 2951 2999
f 2999 2951 3007
f 3008 2952 2998
f 2998 2952 2951
f 2966 2965 2936
f 2936 2965 2937
f 2935 2938 2971
f 2971 2938 2934
f 3003 2997 2946
f 2946 2997 2992
f 2997 2996 2992
f 2992 2996 2993
f 2996 2995 2993
f 2993 2995 2994
f 1356 2986 1357
f 1357 2986 2984
f 2982 2975 2994
f 2994 2975 776
f 1844 1843 1899
f 1899 1843 3009
f 1843 638 3009
f 3009 638 3010
f 638 637 3010
f 3010 637 3011
f 637 1830 3011
f 3011 1830 3012
f 1830 1833 3012
f 3012 1833 2894
f 1833 1854 2894
f 2894 1854 2895
f 1854 1853 2895
f 2895 1853 1888
f 1858 1857 1885
f 1885 1857 1892
f 1899 3009 1898
f 1898 3009 1874
f 3009 3010 1874
f 1874 3010 1865
f 3010 3011 1865
f 1865 3011 1862
f 3011 3012 1862
f 1862 3012 1882
f 3012 2894 1882
f 1882 2894 2893
f 1850 2890 782
f 782 2890 2889
f 783 2880 1811
f 1811 2880 1812
f 744 1810 745
f 745 1810 2973
f 745 2973 805
f 805 2973 806
f 2973 2974 806
f 806 2974 815
f 1303 812 2974
f 2974 812 815
f 1303 1302 812
f 812 1302 1221
f 1307 3013 1302
f 1302 3013 1221
f 1734 3014 1633
f 1633 3014 1634
f 1646 1649 1636
f 1636 1649 1637
f 1654 1657 1641
f 1641 1657 1642
f 1639 1736 1636
f 1636 1736 1684
f 1716 1713 1698
f 1698 1713 1699
f 1718 1721 1705
f 1705 1721 1706
f 1653 1654 1709
f 1709 1654 1641
f 1620 1623 1714
f 1714 1623 1699
f 1712 1682 1714
f 1714 1682 1740
f 1668 1671 1746
f 1746 1671 1747
f 1752 1650 1749
f 1749 1650 1750
f 1750 1650 1709
f 1709 1650 1653
f 1632 1668 1633
f 1633 1668 1746
f 1649 1752 1637
f 1637 1752 1749
f 1682 1643 1740
f 1740 1643 1642
f 3014 1685 1634
f 1634 1685 1684
f 1704 1748 1705
f 1705 1748 1747
f 1697 1707 1698
f 1698 1707 1706
f 1739 1701 1621
f 1621 1701 1622
f 1567 1566 1647
f 1647 1566 1648
f 1664 1695 1651
f 1651 1695 1652
f 1614 1617 1655
f 1655 1617 1656
f 1704 1707 1659
f 1659 1707 1660
f 3014 1734 1662
f 1662 1734 1663
f 1650 1752 1651
f 1651 1752 1665
f 1741 1657 1667
f 1667 1657 1656
f 1695 1614 1652
f 1652 1614 1655
f 1724 1567 1726
f 1726 1567 1647
f 1645 1628 1733
f 1733 1628 1663
f 1685 3014 1726
f 1726 3014 1662
f 1620 1741 1621
f 1621 1741 1667
f 1566 1666 1648
f 1648 1666 1665
f 1658 1737 1659
f 1659 1737 1901
f 1911 1661 1910
f 1910 1661 1660
f 1701 1911 1622
f 1622 1911 1910
f 1732 1748 1733
f 1733 1748 1901
f 1857 2948 1892
f 1892 2948 3004
f 1892 3004 1891
f 1891 3004 3005
f 1828 3006 1829
f 1829 3006 2949
f 2967 736 2968
f 2968 736 710
f 2972 2969 2967
f 2967 2969 736
f 2969 2972 897
f 897 2972 3007
f 897 3007 729
f 729 3007 2951
f 3016 753 3015
f 3015 753 752
f 3018 767 3017
f 3017 767 766
f 3019 3020 1249
f 1249 3020 3021
f 2915 2914 3019
f 3019 2914 3020
f 3023 2914 3022
f 3022 2914 1783
f 2827 2839 769
f 769 2839 766
f 3025 2838 3024
f 3024 2838 3021
f 768 767 2850
f 2850 767 3026
f 2850 3026 751
f 751 3026 752
f 750 753 2932
f 2932 753 3027
f 3008 2998 3027
f 3027 2998 2932
f 3028 3029 3008
f 3008 3029 2952
f 3029 3030 2952
f 2952 3030 730
f 3032 3033 3031
f 3031 3033 3034
f 3036 3037 3035
f 3035 3037 3038
f 2870 3039 612
f 612 3039 3040
f 3041 3042 3031
f 3031 3042 3038
f 3034 1352 3043
f 3043 1352 944
f 612 3040 613
f 613 3040 3044
f 613 3044 1425
f 1425 3044 1422
f 3045 3042 669
f 669 3042 670
f 3041 3043 599
f 599 3043 600
f 772 771 1544
f 1544 771 781
f 1503 771 1866
f 1866 771 770
f 771 1503 781
f 781 1503 778
f 61 281 416
f 416 281 1907
f 283 103 3046
f 3046 103 3047
f 76 79 3048
f 3048 79 3049
f 280 76 1906
f 1906 76 3048
f 3051 335 3050
f 3050 335 334
f 3053 417 3052
f 3052 417 416
f 3055 435 3054
f 3054 435 434
f 428 435 419
f 419 435 1908
f 420 1909 293
f 293 1909 443
f 79 294 3049
f 3049 294 444
f 3057 444 3056
f 3056 444 443
f 3051 3058 335
f 335 3058 452
f 216 215 1332
f 1332 215 452
f 308 283 462
f 462 283 3046
f 3050 334 3059
f 3059 334 462
f 103 62 3047
f 3047 62 417
f 313 312 434
f 434 312 463
f 3061 574 3060
f 3060 574 573
f 1310 3062 1428
f 1428 3062 3063
f 1258 3064 1255
f 1255 3064 2871
f 932 3065 2853
f 2853 3065 3066
f 699 2814 931
f 931 2814 3067
f 3068 1301 3063
f 3063 1301 1428
f 571 574 1310
f 1310 574 3062
f 3060 573 3069
f 3069 573 1332
f 3070 3071 1906
f 1906 3071 1907
f 3072 3073 1908
f 1908 3073 1909
f 3075 2814 3074
f 3074 2814 2813
f 2854 3076 1258
f 1258 3076 3064
f 2871 3077 2872
f 2872 3077 3078
f 3074 2813 3079
f 3079 2813 2873
f 2872 3078 1349
f 1349 3078 3080
f 2873 701 3068
f 3068 701 1301
f 1330 1201 3080
f 3080 1201 1349
f 1264 1263 3081
f 3081 1263 3082
f 3083 3084 3082
f 3082 3084 3081
f 811 1448 3086
f 3086 1448 3085
f 808 811 3087
f 3087 811 3086
f 3088 3083 833
f 833 3083 3082
f 884 3089 885
f 885 3089 3090
f 3087 1790 808
f 808 1790 816
f 1790 3087 1787
f 1787 3087 3091
f 3092 3091 3086
f 3086 3091 3087
f 3093 3094 3084
f 3084 3094 3095
f 3089 3096 3090
f 3090 3096 3088
f 3097 3093 3083
f 3083 3093 3084
f 3099 3100 3098
f 3098 3100 1786
f 3101 1788 2913
f 2913 1788 3102
f 838 837 885
f 885 837 886
f 886 837 3103
f 3103 837 1541
f 3094 3093 3104
f 3104 3093 3097
f 3105 3106 3089
f 3089 3106 3096
f 3108 3109 3107
f 3107 3109 3110
f 3111 3112 3091
f 3091 3112 1787
f 3114 3108 3113
f 3113 3108 3107
f 3114 3115 3112
f 3112 3115 3102
f 3091 3092 3111
f 3111 3092 3116
f 839 838 835
f 835 838 836
f 885 3090 838
f 838 3090 836
f 3110 3117 1247
f 1247 3117 3118
f 1247 3118 1248
f 1248 3118 3119
f 3120 3121 3119
f 3119 3121 1248
f 1247 844 3110
f 3110 844 3107
f 844 843 3107
f 3107 843 3113
f 843 3099 3113
f 3113 3099 3122
f 1781 3123 3098
f 3098 3123 3124
f 2915 2931 1780
f 1780 2931 2930
f 3019 3125 2915
f 2915 3125 2931
f 890 3125 2834
f 2834 3125 1252
f 3125 3019 1252
f 1252 3019 1249
f 907 908 946
f 946 908 947
f 1185 1188 1369
f 1369 1188 948
f 954 957 951
f 951 957 952
f 910 965 953
f 953 965 950
f 905 958 960
f 960 958 961
f 3126 978 949
f 949 978 962
f 936 935 967
f 967 935 968
f 994 993 969
f 969 993 966
f 902 904 971
f 971 904 972
f 983 985 973
f 973 985 970
f 906 905 974
f 974 905 960
f 977 981 959
f 959 981 975
f 911 910 1143
f 1143 910 953
f 952 957 1142
f 1142 957 1145
f 911 1143 1366
f 1366 1143 1368
f 1185 1369 1145
f 1145 1369 1142
f 993 1519 966
f 966 1519 1456
f 965 1454 950
f 950 1454 1457
f 900 899 1459
f 1459 899 1460
f 988 991 1461
f 1461 991 1458
f 899 963 1460
f 1460 963 1462
f 985 987 970
f 970 987 1463
f 904 906 972
f 972 906 974
f 981 983 975
f 975 983 973
f 935 900 968
f 968 900 1459
f 991 994 1458
f 1458 994 969
f 1154 1526 1088
f 1088 1526 1089
f 1109 1112 1092
f 1092 1112 1093
f 1083 1098 1084
f 1084 1098 1097
f 1078 1471 1100
f 1100 1471 1101
f 1075 1078 1104
f 1104 1078 1100
f 1152 1154 1156
f 1156 1154 1088
f 1156 1155 1372
f 1372 1155 1373
f 1372 1373 1104
f 1104 1373 1075
f 1467 1109 1465
f 1465 1109 1092
f 1465 1182 1468
f 1468 1182 1184
f 1474 1470 1096
f 1096 1470 1097
f 1102 1101 1083
f 1083 1101 1098
f 1112 1531 1093
f 1093 1531 1529
f 1102 1073 1099
f 1099 1073 1072
f 1526 1154 1079
f 1079 1154 1080
f 1081 1091 1082
f 1082 1091 1094
f 1069 1068 1085
f 1085 1068 1086
f 1153 1151 1080
f 1080 1151 1058
f 1371 1177 1179
f 1179 1177 1176
f 1099 1072 1103
f 1103 1072 1176
f 1068 1071 1086
f 1086 1071 1073
f 1085 1084 1180
f 1180 1084 1469
f 1066 1065 1183
f 1183 1065 1181
f 1153 1152 1177
f 1177 1152 1178
f 1091 1081 1182
f 1182 1081 1183
f 1057 1525 1079
f 1079 1525 1527
f 1120 1117 1076
f 1076 1117 1077
f 1087 1090 1107
f 1107 1090 1108
f 1127 1126 1110
f 1110 1126 1111
f 1095 1116 1096
f 1096 1116 1115
f 1471 1078 1119
f 1119 1078 1077
f 1087 1107 1155
f 1155 1107 1158
f 1376 1374 1157
f 1157 1374 1158
f 1076 1075 1374
f 1374 1075 1373
f 1109 1467 1110
f 1110 1467 1472
f 1467 1466 1472
f 1472 1466 1473
f 1135 1475 1114
f 1114 1475 1115
f 1471 1119 1095
f 1095 1119 1116
f 1126 1532 1111
f 1111 1532 1530
f 914 1276 1480
f 1480 1276 1517
f 3127 3128 1223
f 1223 3128 1224
f 824 933 1455
f 1455 933 3129
f 3131 1448 3130
f 3130 1448 1447
f 3132 3133 1452
f 1452 3133 1453
f 3130 1447 1322
f 1322 1447 1455
f 933 1514 3129
f 3129 1514 3134
f 1161 3135 1480
f 1480 3135 1481
f 3128 3136 1224
f 1224 3136 1499
f 3133 1162 1453
f 1453 1162 1517
f 1515 3127 1535
f 1535 3127 1223
f 3095 3085 3131
f 3131 3085 1448
f 3137 3092 3085
f 3085 3092 3086
f 3138 3116 3137
f 3137 3116 3092
f 3110 3109 3117
f 3117 3109 3139
f 3105 3140 3117
f 3117 3140 3118
f 3140 3141 3118
f 3118 3141 3119
f 3142 3120 3141
f 3141 3120 3119
f 1498 3143 1277
f 1277 3143 882
f 3144 3145 1340
f 1340 3145 1339
f 1340 3146 3144
f 3144 3146 3147
f 3145 3144 3143
f 3143 3144 3148
f 871 901 872
f 872 901 1362
f 3149 3148 3147
f 3147 3148 3144
f 1208 3150 1209
f 3098 1786 1781
f 1781 1786 1782
f 2930 2929 3123
f 3123 2929 2911
f 1794 1791 2916
f 2916 1791 2917
f 1793 3101 2918
f 2918 3101 2919
f 1796 1794 2920
f 2920 1794 2916
f 3151 3152 2921
f 2921 3152 2922
f 3153 3154 2923
f 2923 3154 2924
f 2919 3101 2912
f 2912 3101 2913
f 3155 1796 2925
f 2925 1796 2920
f 3154 3156 2924
f 2924 3156 2926
f 1791 1793 2917
f 2917 1793 2918
f 3157 3158 2927
f 2927 3158 2928
f 1780 2930 1781
f 1781 2930 3123
f 2825 1267 1189
f 1189 1267 1190
f 2827 2828 1250
f 1250 2828 1251
f 1489 2830 1324
f 1324 2830 1325
f 923 1328 1334
f 1334 1328 1335
f 1485 2832 1482
f 1482 2832 1483
f 1266 1490 1492
f 1492 1490 1493
f 1333 1346 1334
f 1334 1346 2824
f 722 799 1492
f 1492 799 1190
f 664 657 1482
f 1482 657 2833
f 631 634 1324
f 1324 634 1493
f 2828 1494 1251
f 1251 1494 2835
f 1249 3021 1250
f 1250 3021 2838
f 798 2837 1189
f 1189 2837 2836
f 3100 842 3160
f 3160 842 3159
f 1788 3101 1789
f 1789 3101 1793
f 1792 816 1789
f 1789 816 1790
f 817 816 1795
f 1795 816 1792
f 938 817 1797
f 1797 817 1795
f 1796 3155 1797
f 1797 3155 1798
f 3155 3158 1798
f 1798 3158 1799
f 3157 3152 1801
f 1801 3152 1802
f 3151 3156 1803
f 1803 3156 1804
f 3154 3153 1805
f 1805 3153 1806
f 3153 3161 1806
f 1806 3161 1807
f 3099 843 3100
f 3100 843 842
f 1788 1787 3102
f 3102 1787 3112
f 2910 3115 3124
f 3124 3115 3122
f 3099 3098 3122
f 3122 3098 3124
f 416 1907 3052
f 3052 1907 3071
f 3046 3047 3163
f 3163 3047 3162
f 249 445 259
f 259 445 3164
f 425 3165 424
f 424 3165 461
f 408 410 329
f 329 410 330
f 39 331 40
f 40 331 332
f 305 304 423
f 423 304 464
f 385 254 458
f 458 254 392
f 250 415 251
f 251 415 412
f 233 337 234
f 234 337 3166
f 435 3055 1908
f 1908 3055 3072
f 443 1909 3056
f 3056 1909 3073
f 3167 3049 3057
f 3057 3049 444
f 452 3058 1332
f 1332 3058 3069
f 234 3166 346
f 346 3166 411
f 3046 3163 462
f 462 3163 3059
f 259 3164 260
f 260 3164 336
f 3047 417 3162
f 3162 417 3053
f 463 3168 434
f 434 3168 3054
f 454 830 425
f 425 830 3165
f 3062 3169 3063
f 3063 3169 3170
f 1355 1354 1534
f 1534 1354 3171
f 3063 3170 3068
f 3068 3170 3172
f 574 3061 3062
f 3062 3061 3169
f 1534 3171 1535
f 1535 3171 3173
f 3079 2873 3172
f 3172 2873 3068
f 2838 3025 2839
f 2839 3025 3174
f 3176 3177 3175
f 3175 3177 3178
f 3180 1125 3179
f 3179 1125 1128
f 3182 3183 3181
f 3181 3183 3184
f 1134 3185 1130
f 1130 3185 3182
f 3186 3187 3189
f 3189 3187 3188
f 3191 3189 3190
f 3190 3189 3188
f 1137 1122 3190
f 3190 1122 3192
f 3175 3178 3193
f 3193 3178 3194
f 3181 3184 3179
f 3179 3184 3195
f 3197 3198 3196
f 3196 3198 3180
f 3200 3178 3199
f 3199 3178 3177
f 3202 3196 3201
f 3201 3196 3195
f 3204 3184 3203
f 3203 3184 3183
f 3206 3207 3205
f 3205 3207 3186
f 3205 3186 3208
f 3208 3186 3189
f 3209 3208 3191
f 3191 3208 3189
f 3210 3194 3200
f 3200 3194 3178
f 3201 3195 3204
f 3204 3195 3184
f 3197 3211 3177
f 3177 3211 3199
f 3213 3214 3212
f 3212 3214 3215
f 3217 3218 3216
f 3216 3218 3219
f 3221 3222 3220
f 3220 3222 3223
f 3225 3226 3224
f 3224 3226 3227
f 3229 3230 3228
f 3228 3230 3231
f 3233 3234 3232
f 3232 3234 3235
f 3237 3238 3236
f 3236 3238 3239
f 3238 3240 3239
f 3239 3240 3241
f 3232 3235 3242
f 3242 3235 3243
f 3245 3246 3244
f 3244 3246 3247
f 3248 3249 3245
f 3245 3249 3246
f 3251 3252 3250
f 3250 3252 3253
f 3255 3252 3254
f 3254 3252 3251
f 3256 3257 3259
f 3259 3257 3258
f 3261 3262 3260
f 3260 3262 3263
f 3265 3263 3264
f 3264 3263 3262
f 3256 3259 3266
f 3266 3259 3267
f 3269 3270 3268
f 3268 3270 3271
f 3269 3272 3270
f 3270 3272 3273
f 3274 3275 3277
f 3277 3275 3276
f 3278 3279 3276
f 3276 3279 3277
f 3281 3282 3280
f 3280 3282 3283
f 3280 3284 3281
f 3281 3284 3285
f 3287 3288 3286
f 3286 3288 3289
f 3290 3291 3288
f 3288 3291 3289
f 3234 3218 3235
f 3235 3218 3217
f 3232 3292 3233
f 3233 3292 3293
f 3239 3294 3236
f 3236 3294 3219
f 3233 3293 3237
f 3237 3293 3295
f 3296 3294 3241
f 3241 3294 3239
f 3240 3238 3297
f 3297 3238 3298
f 3217 3216 3235
f 3235 3216 3243
f 3297 3299 3240
f 3240 3299 3242
f 3246 3300 3247
f 3247 3300 3223
f 3301 3302 3254
f 3254 3302 3244
f 3249 3303 3246
f 3246 3303 3300
f 3245 3304 3248
f 3248 3304 3292
f 3252 3221 3253
f 3253 3221 3220
f 3250 3248 3299
f 3299 3248 3292
f 3222 3221 3255
f 3255 3221 3252
f 3297 3301 3251
f 3251 3301 3254
f 3258 3214 3259
f 3259 3214 3213
f 3257 3256 3304
f 3304 3256 3305
f 3263 3306 3260
f 3260 3306 3215
f 3261 3257 3302
f 3302 3257 3304
f 3307 3306 3265
f 3265 3306 3263
f 3262 3301 3264
f 3264 3301 3308
f 3259 3213 3267
f 3267 3213 3212
f 3308 3309 3264
f 3264 3309 3266
f 3270 3310 3271
f 3271 3310 3231
f 3311 3312 3278
f 3278 3312 3268
f 3270 3273 3310
f 3310 3273 3313
f 3272 3269 3305
f 3305 3269 3314
f 3277 3229 3274
f 3274 3229 3228
f 3275 3272 3309
f 3309 3272 3305
f 3279 3230 3277
f 3277 3230 3229
f 3276 3308 3278
f 3278 3308 3311
f 3281 3315 3282
f 3282 3315 3227
f 3290 3316 3283
f 3283 3316 3317
f 3281 3285 3315
f 3315 3285 3318
f 3284 3280 3314
f 3314 3280 3319
f 3289 3225 3286
f 3286 3225 3224
f 3287 3284 3312
f 3284 3314 3312
f 3291 3226 3289
f 3289 3226 3225
f 3288 3311 3290
f 3290 3311 3316
f 3212 3215 3307
f 3307 3215 3306
f 3294 3296 3219
f 3219 3296 3216
f 3303 3220 3300
f 3300 3220 3223
f 3224 3227 3318
f 3318 3227 3315
f 3228 3231 3313
f 3313 3231 3310
f 3234 3233 3236
f 3236 3233 3237
f 3243 3241 3242
f 3242 3241 3240
f 3247 3255 3244
f 3244 3255 3254
f 3253 3249 3250
f 3250 3249 3248
f 3260 3258 3261
f 3261 3258 3257
f 3266 3267 3264
f 3264 3267 3265
f 3268 3271 3278
f 3278 3271 3279
f 3274 3273 3275
f 3275 3273 3272
f 3283 3282 3290
f 3290 3282 3291
f 3286 3285 3287
f 3287 3285 3284
f 3218 3234 3219
f 3219 3234 3236
f 3295 3298 3237
f 3237 3298 3238
f 3216 3296 3243
f 3243 3296 3241
f 3242 3299 3232
f 3232 3299 3292
f 3223 3222 3247
f 3247 3222 3255
f 3244 3302 3245
f 3245 3302 3304
f 3303 3249 3220
f 3220 3249 3253
f 3297 3251 3299
f 3299 3251 3250
f 3215 3214 3260
f 3260 3214 3258
f 3301 3262 3302
f 3302 3262 3261
f 3212 3307 3267
f 3267 3307 3265
f 3266 3309 3256
f 3256 3309 3305
f 3271 3231 3279
f 3279 3231 3230
f 3268 3312 3269
f 3269 3312 3314
f 3228 3313 3274
f 3274 3313 3273
f 3308 3276 3309
f 3309 3276 3275
f 3282 3227 3291
f 3291 3227 3226
f 3317 3319 3283
f 3283 3319 3280
f 3224 3318 3286
f 3286 3318 3285
f 3312 3311 3287
f 3311 3288 3287
f 3320 3321 3194
f 3194 3321 3193
f 1375 3321 1121
f 1121 3321 3322
f 3323 3324 3322
f 3322 3324 3192
f 3175 1124 3176
f 3176 1124 1123
f 3179 3195 3180
f 3180 3195 3196
f 3181 1131 3182
f 3182 1131 1130
f 3207 3185 3186
f 3186 3185 3187
f 1136 3188 1133
f 1133 3188 3187
f 3190 3188 1137
f 1137 3188 1136
f 3193 1159 3175
f 3175 1159 1124
f 3179 1128 3181
f 3181 1128 1131
f 1533 3198 1123
f 1123 3198 3176
f 3321 1375 3193
f 3193 1375 1159
f 3321 3320 3322
f 3322 3320 3323
f 1122 1121 3192
f 3192 1121 3322
f 3194 3210 3320
f 3320 3210 3325
f 3324 3323 3327
f 3327 3323 3326
f 3320 3325 3323
f 3323 3325 3326
f 3208 3328 3205
f 3205 3328 3329
f 3330 3206 3329
f 3329 3206 3205
f 3203 3331 3204
f 3204 3331 3332
f 3210 3333 3325
f 3325 3333 3334
f 3325 3334 3326
f 3326 3334 3335
f 3327 3326 3336
f 3336 3326 3335
f 3327 3209 3324
f 3324 3209 3191
f 3190 3192 3191
f 3191 3192 3324
f 3338 3339 3337
f 3337 3339 3340
f 3338 3341 3339
f 3339 3341 3342
f 3341 3343 3342
f 3342 3343 3344
f 3343 3345 3344
f 3344 3345 3346
f 3345 3347 3346
f 3346 3347 3348
f 3347 3349 3348
f 3348 3349 3350
f 3337 3340 3351
f 3351 3340 3352
f 3351 3352 3353
f 3353 3352 3354
f 3353 3354 3355
f 3355 3354 3356
f 3350 3349 3357
f 3357 3349 3358
f 3355 3356 3359
f 3359 3356 3360
f 3359 3360 3361
f 3361 3360 3362
f 3361 3362 3363
f 3363 3362 3364
f 3363 3364 3358
f 3358 3364 3357
f 3339 3342 3365
f 3365 3342 3366
f 3342 3344 3366
f 3366 3344 3367
f 3344 3346 3367
f 3367 3346 3368
f 3346 3348 3368
f 3368 3348 3369
f 3348 3350 3369
f 3369 3350 3370
f 3368 3369 3371
f 3371 3369 3372
f 3369 3370 3372
f 3372 3370 3373
f 3373 3374 3372
f 3372 3374 3375
f 3377 3378 3376
f 3376 3378 3379
f 3377 3375 3378
f 3378 3375 3374
f 3375 3380 3372
f 3372 3380 3371
f 3377 3381 3375
f 3375 3381 3380
f 3376 3382 3377
f 3377 3382 3381
f 3384 3385 3383
f 3383 3385 3386
f 3384 3383 3388
f 3388 3383 3387
f 3388 3387 3389
f 3389 3387 3390
f 3392 3385 3391
f 3391 3385 3384
f 3388 3393 3384
f 3384 3393 3391
f 3389 3394 3388
f 3388 3394 3393
f 3389 3395 3394
f 3394 3395 3396
f 3395 3389 3397
f 3397 3389 3390
f 3339 3365 3340
f 3340 3365 3398
f 3340 3398 3352
f 3352 3398 3399
f 3371 3400 3368
f 3368 3400 3367
f 3400 3401 3367
f 3367 3401 3366
f 3366 3401 3365
f 3365 3401 3402
f 3398 3365 3403
f 3403 3365 3402
f 3398 3403 3399
f 3399 3403 3404
f 3403 3405 3404
f 3404 3405 3406
f 3352 3399 3354
f 3354 3399 3407
f 3399 3404 3407
f 3407 3404 3408
f 3404 3406 3408
f 3408 3406 3409
f 3405 3410 3406
f 3406 3410 3411
f 3410 3412 3411
f 3411 3412 3413
f 3397 3414 3395
f 3395 3414 3415
f 3417 3415 3416
f 3416 3415 3412
f 3410 3418 3412
f 3412 3418 3416
f 3410 3405 3418
f 3418 3405 3419
f 3405 3403 3419
f 3419 3403 3402
f 3370 3350 3420
f 3420 3350 3357
f 3373 3370 3421
f 3421 3370 3420
f 3374 3373 3422
f 3422 3373 3421
f 3378 3374 3423
f 3423 3374 3422
f 3378 3423 3379
f 3379 3423 3424
f 3424 3425 3379
f 3379 3425 3386
f 3383 3426 3387
f 3387 3426 3427
f 3387 3427 3390
f 3390 3427 3428
f 3390 3428 3397
f 3397 3428 3429
f 3429 3430 3397
f 3397 3430 3414
f 3411 3413 3431
f 3431 3413 3432
f 3406 3411 3409
f 3409 3411 3431
f 3401 3400 3335
f 3335 3400 3336
f 3401 3335 3402
f 3402 3335 3334
f 3402 3334 3419
f 3419 3334 3333
f 3419 3333 3418
f 3418 3333 3433
f 3418 3433 3416
f 3416 3433 3434
f 3435 3417 3434
f 3434 3417 3416
f 3394 3396 3436
f 3436 3396 3437
f 3393 3394 3332
f 3332 3394 3436
f 3393 3332 3391
f 3391 3332 3331
f 3330 3392 3331
f 3331 3392 3391
f 3382 3329 3381
f 3381 3329 3328
f 3354 3407 3356
f 3356 3407 3438
f 3356 3438 3360
f 3360 3438 3439
f 3360 3439 3362
f 3362 3439 3440
f 3362 3440 3364
f 3364 3440 3441
f 3364 3441 3357
f 3357 3441 3420
f 3421 3420 3442
f 3442 3420 3441
f 3442 3441 3443
f 3443 3441 3440
f 3443 3440 3444
f 3444 3440 3439
f 3444 3439 3445
f 3445 3439 3438
f 3445 3438 3408
f 3408 3438 3407
f 3422 3421 3446
f 3446 3421 3442
f 3446 3442 3447
f 3447 3442 3443
f 3447 3443 3448
f 3448 3443 3444
f 3448 3444 3449
f 3449 3444 3445
f 3449 3445 3409
f 3409 3445 3408
f 3409 3431 3449
f 3449 3431 3450
f 3449 3450 3448
f 3448 3450 3451
f 3451 3452 3448
f 3448 3452 3447
f 3447 3452 3446
f 3446 3452 3453
f 3446 3453 3422
f 3422 3453 3423
f 3424 3423 3454
f 3454 3423 3453
f 3452 3455 3453
f 3453 3455 3454
f 3452 3451 3455
f 3455 3451 3456
f 3450 3457 3451
f 3451 3457 3456
f 3431 3432 3450
f 3450 3432 3457
f 3454 3458 3424
f 3424 3458 3425
f 3427 3426 3459
f 3459 3426 3460
f 3428 3427 3461
f 3461 3427 3459
f 3428 3461 3429
f 3429 3461 3462
f 3462 3463 3429
f 3429 3463 3430
f 3464 3465 3462
f 3462 3465 3463
f 3455 3466 3454
f 3454 3466 3458
f 3465 3464 3466
f 3466 3464 3467
f 3461 3459 3468
f 3468 3459 3469
f 3468 3469 3464
f 3464 3469 3467
f 3464 3462 3468
f 3468 3462 3461
f 3459 3460 3469
f 3469 3460 3467
f 3295 3351 3298
f 3298 3351 3353
f 3353 3355 3298
f 3298 3355 3297
f 3297 3355 3301
f 3301 3355 3359
f 3301 3359 3308
f 3308 3359 3361
f 3308 3361 3311
f 3311 3361 3363
f 3311 3363 3316
f 3316 3363 3358
f 3316 3358 3317
f 3317 3358 3349
f 3349 3347 3317
f 3317 3347 3319
f 3347 3345 3319
f 3319 3345 3314
f 3345 3343 3314
f 3314 3343 3305
f 3343 3341 3305
f 3305 3341 3304
f 3304 3341 3292
f 3292 3341 3338
f 3292 3338 3293
f 3293 3338 3337
f 3293 3337 3295
f 3295 3337 3351
f 3437 3202 3436
f 3436 3202 3201
f 3436 3201 3332
f 3332 3201 3204
f 3433 3200 3434
f 3434 3200 3199
f 3211 3435 3199
f 3199 3435 3434
f 3333 3210 3433
f 3433 3210 3200
f 3380 3470 3371
f 3400 3371 3336
f 3336 3371 3470
f 3381 3328 3380
f 3380 3328 3470
f 3470 3328 3209
f 3209 3328 3208
f 3336 3470 3327
f 3327 3470 3209
f 1545 1763 1546
f 1546 1763 1762
f 1403 1546 773
f 773 1546 770
f 1221 3013 1220
f 1220 3013 3471
f 1305 2877 1306
f 1306 2877 2879
f 1220 3471 828
f 828 3471 829
f 1217 1754 3472
f 3472 1754 1756
f 1049 3473 1048
f 1048 3473 3474
f 1371 1179 3473
f 3473 1179 3474
f 1074 3475 1179
f 1179 3475 3474
f 3474 3475 1048
f 1048 3475 1056
f 919 666 1345
f 1345 666 665
f 856 680 919
f 919 680 666
f 679 680 1449
f 1449 680 858
f 1367 878 1500
f 1500 878 877
f 1366 908 1367
f 1367 908 878
f 1512 916 1513
f 1513 916 915
f 947 1368 948
f 948 1368 1369
f 1047 1021 1044
f 1044 1021 1020
f 1370 1049 1019
f 1019 1049 1020
f 1173 1030 1174
f 1174 1030 1033
f 3126 1188 1464
f 1464 1188 1187
f 1800 1451 1512
f 1512 1451 916
f 1175 1174 1186
f 1186 1174 1187
f 1030 1173 1047
f 1047 1173 1021
f 1513 915 3476
f 3476 915 1481
f 1345 665 3477
f 3477 665 1483
f 1502 1501 876
f 876 1501 877
f 1205 1451 1803
f 1803 1451 1802
f 3479 2832 3478
f 3478 2832 2831
f 1449 858 2927
f 2927 858 2922
f 908 1366 947
f 947 1366 1368
f 949 948 3126
f 3126 948 1188
f 3480 3135 1502
f 1502 3135 1501
f 2927 2922 3157
f 3157 2922 3152
f 3477 1483 3479
f 3479 1483 2832
f 1803 1802 3151
f 3151 1802 3152
f 663 658 664
f 664 658 657
f 655 658 939
f 939 658 706
f 1512 870 1800
f 1800 870 869
f 875 874 876
f 876 874 873
f 849 874 905
f 905 874 958
f 949 962 946
f 946 962 961
f 978 3126 979
f 979 3126 1464
f 1031 1168 1032
f 1032 1168 1022
f 1045 1013 1046
f 1046 1013 1012
f 1045 1044 1056
f 1056 1044 1048
f 1047 1046 1030
f 1030 1046 1031
f 939 706 940
f 940 706 1450
f 979 1464 1032
f 1032 1464 1033
f 3480 1478 3476
f 3476 1478 3134
f 2829 1487 2830
f 2830 1487 1486
f 848 1230 873
f 873 1230 1479
f 867 870 933
f 933 870 1514
f 1800 869 1801
f 1801 869 1799
f 2830 1486 1325
f 1325 1486 2833
f 940 1450 2925
f 2925 1450 2928
f 946 961 907
f 907 961 958
f 959 962 977
f 977 962 978
f 3476 3134 1513
f 1513 3134 1514
f 2925 2928 3155
f 3155 2928 3158
f 1325 2833 656
f 656 2833 657
f 1801 1799 3157
f 3157 1799 3158
f 1074 1055 3475
f 3475 1055 1056
f 1371 3473 1370
f 1370 3473 1049
f 2884 615 3481
f 3481 615 618
f 3478 2831 2846
f 2846 2831 617
f 2831 1484 617
f 617 1484 618
f 1484 1487 618
f 618 1487 3481
f 2848 3481 2829
f 2829 3481 1487
f 1480 1517 1161
f 1161 1517 1162
f 3129 1323 1455
f 1455 1323 1322
f 3129 3134 1323
f 1323 3134 1478
f 1535 3173 1515
f 1515 3173 1516
f 3085 3095 3137
f 3137 3095 3094
f 3137 3094 3138
f 3138 3094 3104
f 3117 3139 3105
f 3105 3139 3106
f 1138 1141 3127
f 3127 1141 3128
f 3081 3131 1264
f 1264 3131 3130
f 1227 1226 3132
f 3132 1226 3133
f 1264 3130 1229
f 1229 3130 1322
f 1160 1501 1161
f 1161 1501 3135
f 1141 1476 3128
f 3128 1476 3136
f 1226 1163 3133
f 3133 1163 1162
f 1363 1138 1515
f 1515 1138 3127
f 3084 3095 3081
f 3081 3095 3131
f 3089 884 3105
f 3105 884 3140
f 884 883 3140
f 3140 883 3141
f 883 3482 3141
f 3141 3482 3142
f 3476 1481 3480
f 3480 1481 3135
f 1502 1479 3480
f 3480 1479 1478
f 3168 463 440
f 714 1880 715
f 715 1880 2905
f 896 732 2970
f 2970 732 731
f 1263 834 3082
f 3082 834 833
f 898 1231 853
f 853 1231 854
f 3125 890 2931
f 2931 890 889
f 1237 893 2851
f 2851 893 892
f 898 853 899
f 899 853 963
f 988 987 989
f 989 987 986
f 1002 1007 1003
f 1003 1007 1006
f 1038 1036 1007
f 1007 1036 1004
f 1070 1052 1005
f 1005 1052 1006
f 1069 1067 1070
f 1070 1067 1052
f 1130 1129 1134
f 1134 1129 1135
f 879 1167 880
f 880 1167 1166
f 1171 1169 1037
f 1037 1169 1038
f 1085 1180 1069
f 1069 1180 1067
f 1209 1210 879
f 879 1210 1167
f 2885 1215 1754
f 1754 1215 1214
f 1263 855 834
f 834 855 854
f 708 1244 1826
f 1826 1244 1243
f 2909 894 1254
f 1254 894 893
f 1228 1361 964
f 964 1361 1360
f 2908 2907 1436
f 1436 2907 1437
f 2990 1440 2991
f 2991 1440 1439
f 964 1360 965
f 965 1360 1454
f 950 1457 951
f 951 1457 1456
f 970 1463 971
f 971 1463 1462
f 1025 1169 984
f 984 1169 986
f 1084 1097 1469
f 1469 1097 1470
f 1096 1115 1474
f 1474 1115 1475
f 1140 1361 1141
f 1141 1361 1476
f 1212 1495 2828
f 2828 1495 1494
f 880 1166 1452
f 1452 1166 1499
f 715 2905 1504
f 1504 2905 2906
f 954 1519 955
f 955 1519 1518
f 1026 1520 992
f 992 1520 1518
f 1029 1520 1043
f 1043 1520 1521
f 997 1522 1040
f 1040 1522 1521
f 1015 1522 1016
f 1016 1522 1523
f 1523 996 1524
f 1524 996 1062
f 1057 1060 1525
f 1525 1060 1524
f 1094 1528 1082
f 1082 1528 1527
f 1526 1528 1089
f 1089 1528 1529
f 1090 1531 1108
f 1108 1531 1530
f 1125 1533 1126
f 1126 1533 1532
f 3483 1755 727
f 727 1755 1214
f 735 1814 707
f 707 1814 1813
f 2891 1834 1246
f 1246 1834 1243
f 2904 1881 1847
f 1847 1881 1848
f 1852 1855 1853
f 1853 1855 1858
f 1902 2903 1877
f 1877 2903 1878
f 2903 2904 1878
f 1878 2904 1847
f 714 713 1848
f 1848 713 1849
f 1440 2990 1883
f 1883 2990 2989
f 1883 2989 1852
f 1852 2989 1855
f 2895 1888 2892
f 2892 1888 1887
f 774 777 1877
f 1877 777 1903
f 1251 2835 1252
f 1252 2835 2834
f 1213 2844 1212
f 1212 2844 1495
f 2851 892 1213
f 1213 892 2844
f 3123 2911 3124
f 3124 2911 2910
f 887 2929 888
f 888 2929 889
f 1435 2963 1436
f 1436 2963 2961
f 1253 1438 1254
f 1254 1438 1437
f 2970 731 735
f 735 731 1814
f 733 732 2885
f 2885 732 1215
f 2901 2902 2976
f 2976 2902 2977
f 2975 2982 2976
f 2976 2982 2979
f 2899 2900 2981
f 2981 2900 2979
f 2899 2981 2898
f 2898 2981 2983
f 2986 2985 2984
f 2984 2985 2983
f 2897 2985 2896
f 2896 2985 2988
f 2991 1439 2987
f 2987 1439 2988
f 777 2978 1903
f 1903 2978 2977
f 1885 1888 1858
f 1858 1888 1853
f 3090 3088 836
f 836 3088 833
f 3083 3088 3097
f 3097 3088 3096
f 3097 3096 3104
f 3104 3096 3106
f 3111 3116 3108
f 3108 3116 3109
f 3112 3111 3114
f 3114 3111 3108
f 3113 3122 3114
f 3114 3122 3115
f 891 890 2837
f 2837 890 2834
f 951 1456 954
f 954 1456 1519
f 967 1457 936
f 936 1457 1454
f 971 1462 902
f 902 1462 963
f 1461 1463 988
f 988 1463 987
f 1466 1468 1474
f 1474 1468 1470
f 1089 1529 1090
f 1090 1529 1531
f 1184 1181 1469
f 1469 1181 1180
f 1082 1527 1061
f 1061 1527 1525
f 1129 1473 1135
f 1135 1473 1475
f 1108 1530 1105
f 1105 1530 1532
f 1452 1499 3132
f 3132 1499 3136
f 3109 3116 3139
f 3139 3116 3138
f 2912 2911 887
f 887 2911 2929
f 2836 2835 1497
f 1497 2835 1494
f 2913 3102 2910
f 2910 3102 3115
f 1133 3187 1134
f 1134 3187 3185
f 3177 3176 3197
f 3197 3176 3198
f 3203 3183 3206
f 3206 3183 3207
f 3196 3202 3197
f 3197 3202 3211
f 3183 3182 3207
f 3207 3182 3185
f 1125 3180 1533
f 1533 3180 3198
f 3331 3203 3330
f 3330 3203 3206
f 3376 3379 3385
f 3385 3379 3386
f 3382 3376 3392
f 3392 3376 3385
f 3412 3415 3413
f 3413 3415 3414
f 3417 3396 3415
f 3415 3396 3395
f 3383 3386 3426
f 3426 3386 3425
f 3413 3414 3432
f 3432 3414 3430
f 3437 3396 3435
f 3435 3396 3417
f 3329 3382 3330
f 3330 3382 3392
f 3426 3425 3460
f 3460 3425 3458
f 3432 3430 3457
f 3457 3430 3463
f 3457 3463 3456
f 3456 3463 3465
f 3460 3458 3467
f 3467 3458 3466
f 3466 3455 3465
f 3465 3455 3456
f 3202 3437 3211
f 3211 3437 3435
f 3104 3106 3138
f 3138 3106 3139
f 3132 3136 1227
f 1227 3136 1476
f 943 687 600
f 600 687 601
f 596 625 667
f 667 625 1297
f 687 686 601
f 601 686 653
f 1319 784 711
f 711 784 712
f 1811 607 783
f 783 607 712
f 862 921 917
f 917 921 920
f 3478 925 3479
f 3479 925 924
f 2846 926 3478
f 3478 926 925
f 659 662 929
f 929 662 930
f 856 921 857
f 857 921 1204
f 1206 864 1207
f 1207 864 863
f 2876 1219 2877
f 2877 1219 1218
f 667 1297 593
f 593 1297 1296
f 917 920 1333
f 1333 920 1346
f 686 693 653
f 653 693 930
f 1277 913 1498
f 1498 913 1207
f 592 1536 610
f 610 1536 711
f 864 1206 1805
f 1805 1206 1804
f 1317 1536 1900
f 1900 1536 1809
f 1900 1809 1295
f 1295 1809 1296
f 3479 924 3477
f 3477 924 2824
f 927 926 1203
f 1203 926 2847
f 3484 2859 3032
f 3032 2859 3033
f 3472 2878 1217
f 1217 2878 1218
f 2889 2888 2880
f 2880 2888 2881
f 2886 2883 2887
f 2887 2883 2882
f 929 928 2847
f 2847 928 1203
f 857 1204 2921
f 2921 1204 2926
f 1820 1819 2882
f 2882 1819 2881
f 1821 2883 2876
f 2876 2883 1219
f 782 2889 783
f 783 2889 2880
f 1352 3034 1353
f 1353 3034 3033
f 3031 3034 3041
f 3041 3034 3043
f 944 943 3043
f 3043 943 600
f 1339 3145 1498
f 1498 3145 3143
f 1208 882 3148
f 3148 882 3143
f 2921 2926 3151
f 3151 2926 3156
f 3477 2824 1345
f 1345 2824 1346
f 1805 1804 3154
f 3154 1804 3156
f 886 3103 883
f 883 3103 3482
f 841 1248 3485
f 3485 1248 3121
f 2811 2819 2812
f 2812 2819 2816
f 2818 2815 2817
f 2817 2815 2806
f 2817 2816 2818
f 2818 2816 2819
f 2793 2795 2819
f 2819 2795 2818
f 243 352 2793
f 2793 352 2795
f 242 353 243
f 243 353 352
f 359 191 242
f 242 191 353
f 247 192 359
f 359 192 191
f 157 193 247
f 247 193 192
f 156 194 157
f 157 194 193
f 378 261 156
f 156 261 194
f 378 381 261
f 261 381 195
f 195 381 196
f 196 381 376
f 196 376 198
f 198 376 375
f 375 1776 198
f 198 1776 197
f 1776 1767 197
f 197 1767 274
f 181 274 199
f 199 274 1767
f 568 566 564
f 564 566 563
f 568 569 566
f 566 569 567
f 501 1773 1771
f 1771 1773 578
f 547 579 1773
f 1773 579 578
f 3486 470 474
f 474 470 469
f 450 582 3487
f 3487 582 3488
f 582 583 3488
f 3488 583 3489
f 583 584 3489
f 3489 584 3490
f 3490 584 3491
f 3491 584 543
f 470 3486 466
f 466 3486 467
f 3489 3490 503
f 503 3490 504
f 503 3492 3489
f 3489 3492 3488
f 3492 503 3493
f 3493 503 502
f 3495 3492 3494
f 3494 3492 3493
f 3487 3488 3495
f 3495 3488 3492
f 468 1774 465
f 465 1774 570
f 3494 3493 1775
f 1775 3493 1771
f 3490 3491 504
f 504 3491 1772
f 3491 543 1772
f 1772 543 548
f 450 3487 474
f 474 3487 3486
f 3495 467 3487
f 3487 467 3486
f 3494 468 3495
f 3495 468 467
f 468 3494 1774
f 1774 3494 1775
f 501 1771 502
f 502 1771 3493
f 527 366 384
f 384 366 365
f 522 524 527
f 527 524 366
f 521 534 522
f 522 534 524
f 530 535 521
f 521 535 534
f 508 486 513
f 513 486 532
f 513 532 541
f 541 532 535
f 667 668 596
f 596 668 597
f 1294 1297 624
f 624 1297 625
f 603 641 604
f 604 641 640
f 1290 1293 650
f 650 1293 651
f 1758 691 660
f 660 691 661
f 602 671 599
f 599 671 670
f 654 662 690
f 690 662 661
f 2856 598 695
f 695 598 597
f 602 654 671
f 671 654 690
f 604 640 676
f 676 640 704
f 1826 1829 708
f 708 1829 709
f 1288 1284 740
f 740 1284 741
f 755 754 758
f 758 754 759
f 2853 2856 932
f 932 2856 695
f 689 691 1192
f 1192 691 1193
f 784 1319 1240
f 1240 1319 1241
f 1813 1816 1244
f 1244 1816 1245
f 754 1288 759
f 759 1288 740
f 1894 1242 1318
f 1318 1242 1241
f 2867 1348 1418
f 1418 1348 1347
f 676 704 673
f 673 704 1347
f 1284 1287 741
f 741 1287 1419
f 1421 1426 1422
f 1422 1426 1425
f 1758 660 615
f 615 660 616
f 1192 1191 1421
f 1421 1191 1426
f 2962 1839 1504
f 1504 1839 1505
f 941 1194 1759
f 1759 1194 1193
f 1287 1537 1419
f 1419 1537 1760
f 1882 2893 1823
f 1823 2893 1824
f 1886 1891 1827
f 1827 1891 1828
f 1887 1886 1834
f 1834 1886 1827
f 1841 716 1838
f 1838 716 1505
f 782 784 1850
f 1850 784 1240
f 1239 1242 1863
f 1863 1242 1864
f 1242 1894 1864
f 1864 1894 1873
f 1822 1239 1823
f 1823 1239 1863
f 1318 1317 1895
f 1895 1317 1900
f 1894 1896 1873
f 1873 1896 1897
f 1291 1896 1292
f 1292 1896 1895
f 605 1898 606
f 606 1898 1897
f 1258 1257 2854
f 2854 1257 2855
f 1257 1351 2855
f 2855 1351 2857
f 1351 1353 2857
f 2857 1353 2858
f 1353 3033 2858
f 2858 3033 2859
f 2860 2861 3036
f 3036 2861 3037
f 2862 2863 2870
f 2870 2863 3039
f 2870 2869 2862
f 2862 2869 2864
f 2868 2865 2869
f 2869 2865 2864
f 1764 2866 2868
f 2868 2866 2865
f 1537 1199 1760
f 1760 1199 1348
f 615 2884 1758
f 1758 2884 1759
f 1825 1246 2890
f 2890 1246 1245
f 2893 2892 1824
f 1824 2892 2891
f 761 2960 758
f 758 2960 2906
f 3000 2943 2940
f 2940 2943 2941
f 2968 710 2950
f 2950 710 709
f 1764 1423 2866
f 2866 1423 2953
f 1423 645 2953
f 2953 645 2954
f 645 644 2954
f 2954 644 2955
f 644 738 2955
f 2955 738 2956
f 738 764 2956
f 2956 764 2957
f 764 763 2957
f 2957 763 2958
f 763 2908 2958
f 2958 2908 2959
f 2908 1436 2959
f 2959 1436 2961
f 1837 2964 1435
f 1435 2964 2963
f 1837 2937 2964
f 2964 2937 2965
f 2936 2968 2966
f 2966 2968 2950
f 1840 2942 1838
f 1838 2942 2941
f 2939 2949 2940
f 2940 2949 3006
f 2939 2942 2966
f 2966 2942 2965
f 1822 1825 1850
f 1850 1825 2890
f 1891 3005 1828
f 1828 3005 3006
f 3035 3038 3045
f 3045 3038 3042
f 3045 3044 3035
f 3035 3044 3040
f 669 1422 3045
f 3045 1422 3044
f 599 670 3041
f 3041 670 3042
f 931 3067 932
f 932 3067 3065
f 2853 3066 2854
f 2854 3066 3076
f 3067 3496 3065
f 3065 3496 3497
f 3066 3498 3076
f 3076 3498 3499
f 707 1813 708
f 708 1813 1244
f 2960 2962 2906
f 2906 2962 1504
f 2892 1887 2891
f 2891 1887 1834
f 1839 2962 2963
f 2963 2962 2961
f 595 626 596
f 596 626 625
f 623 626 3484
f 3484 626 2859
f 1291 1290 606
f 606 1290 603
f 1290 650 603
f 603 650 641
f 641 650 642
f 642 650 649
f 2860 2863 649
f 649 2863 642
f 3036 3039 2860
f 2860 3039 2863
f 3035 3040 3036
f 3036 3040 3039
f 1294 1293 1295
f 1295 1293 1292
f 624 651 1294
f 1294 651 1293
f 623 652 624
f 624 652 651
f 3484 2861 623
f 623 2861 652
f 3032 3037 3484
f 3484 3037 2861
f 3031 3038 3032
f 3032 3038 3037
f 3481 2848 2884
f 2884 2848 942
f 2846 617 1427
f 1427 617 616
f 3049 3167 3048
f 3048 3167 3500
f 1906 3048 3070
f 3070 3048 3500
f 1337 1768 3501
f 3501 1768 3502
f 3020 3503 3021
f 3021 3503 3024
f 2914 3023 3020
f 3020 3023 3503
f 859 1770 860
f 860 1770 3504
f 1336 3505 1768
f 1768 3505 3502
f 3065 3497 3066
f 3066 3497 3498
f 2814 3075 3067
f 3067 3075 3496
f 2839 3174 766
f 766 3174 3017
f 1337 3501 1338
f 1338 3501 1769
f 767 3018 3026
f 3026 3018 3506
f 3076 3499 3064
f 3064 3499 3507
f 727 730 3483
f 3483 730 3030
f 3064 3507 2871
f 2871 3507 3077
f 3100 3160 1786
f 1786 3160 1784
f 3026 3506 752
f 752 3506 3015
f 860 3504 2923
f 2923 3504 3508
f 753 3016 3027
f 3027 3016 3509
f 3027 3509 3008
f 3008 3509 3028
f 1782 1785 1783
f 1783 1785 3022
f 2923 3508 3153
f 3153 3508 3161
f 3148 3149 1208
f 1208 3149 3150
f 1335 1328 3510
f 3510 1328 1327
f 1336 1335 3505
f 3505 1335 3510
f 866 3511 1340
f 1340 3511 3146
f 865 1808 866
f 866 1808 3511
f 842 841 3159
f 3159 841 3485
f 2849 3512 1329
f 1329 3512 1326
f 1202 1331 2849
f 2849 1331 3512
f 3514 3515 3513
f 3513 3515 3516
f 3518 3516 3517
f 3517 3516 3515
f 3519 3520 3514
f 3514 3520 3515
f 3522 3523 3521
f 3521 3523 3524
f 3526 3527 3525
f 3525 3527 3528
f 3530 3531 3529
f 3529 3531 3532
f 3534 3535 3533
f 3533 3535 3536
f 3529 3532 3537
f 3537 3532 3538
f 3537 3539 3529
f 3529 3539 3540
f 3542 3543 3541
f 3541 3543 3544
f 3546 3547 3545
f 3545 3547 3548
f 3550 3534 3549
f 3549 3534 3533
f 3550 3543 3551
f 3551 3543 3552
f 3537 3545 3539
f 3539 3545 3548
f 3553 3554 3556
f 3556 3554 3555
f 3537 3557 3545
f 3545 3557 3546
f 3558 3559 3561
f 3561 3559 3560
f 3563 3564 3562
f 3562 3564 3565
f 3564 3563 3566
f 3566 3563 3567
f 3569 3570 3568
f 3568 3570 3571
f 3573 3574 3572
f 3572 3574 3575
f 3577 3578 3576
f 3576 3578 3579
f 3581 3582 3580
f 3580 3582 3583
f 3585 3586 3584
f 3584 3586 3579
f 3586 3587 3579
f 3579 3587 3576
f 3589 3590 3588
f 3588 3590 3591
f 3592 3593 3595
f 3595 3593 3594
f 3597 3598 3596
f 3596 3598 3595
f 3583 3600 3599
f 3599 3600 3601
f 3603 3599 3602
f 3602 3599 3601
f 3605 3606 3604
f 3604 3606 3607
f 3608 3555 3596
f 3596 3555 3554
f 3597 3610 3609
f 3609 3610 3565
f 3564 3611 3565
f 3565 3611 3609
f 3611 3564 3612
f 3612 3564 3566
f 3613 3614 3569
f 3569 3614 3570
f 3615 3616 3573
f 3573 3616 3574
f 3517 3617 3518
f 3518 3617 3618
f 3620 3621 3619
f 3619 3621 3622
f 3624 3625 3623
f 3623 3625 3626
f 3628 3629 3627
f 3627 3629 3630
f 3632 3633 3631
f 3631 3633 3634
f 3636 3637 3635
f 3635 3637 3638
f 3640 3641 3639
f 3639 3641 3642
f 3643 3644 3639
f 3639 3644 3640
f 3646 3513 3645
f 3645 3513 3647
f 3648 3514 3646
f 3646 3514 3513
f 3649 3519 3648
f 3648 3519 3514
f 3650 3651 3527
f 3527 3651 3652
f 3654 3651 3653
f 3653 3651 3650
f 3568 3571 3655
f 3655 3571 3656
f 3657 3658 3653
f 3653 3658 3659
f 3661 3662 3660
f 3660 3662 3658
f 3664 3665 3663
f 3663 3665 3666
f 3667 3657 3650
f 3650 3657 3653
f 3669 3523 3668
f 3668 3523 3670
f 3672 3673 3671
f 3671 3673 3674
f 3676 3677 3675
f 3675 3677 3678
f 3671 3674 3676
f 3676 3674 3677
f 3680 3681 3679
f 3679 3681 3682
f 3683 3684 3680
f 3680 3684 3681
f 3685 3686 3661
f 3661 3686 3662
f 3686 3687 3662
f 3662 3687 3688
f 3684 3683 3689
f 3689 3683 3690
f 3692 3693 3691
f 3691 3693 3694
f 3691 3694 3695
f 3695 3694 3696
f 3698 3699 3697
f 3697 3699 3700
f 3702 3703 3701
f 3701 3703 3704
f 3705 3706 3519
f 3519 3706 3520
f 3673 3672 3707
f 3707 3672 3708
f 3709 3710 3682
f 3682 3710 3679
f 3711 3712 3692
f 3692 3712 3693
f 3714 3715 3713
f 3713 3715 3716
f 3718 3700 3717
f 3717 3700 3699
f 3720 3721 3719
f 3719 3721 3722
f 3724 3725 3723
f 3723 3725 3726
f 3727 3728 3730
f 3730 3728 3729
f 3722 3721 3731
f 3731 3721 3732
f 3697 3700 3733
f 3733 3700 3714
f 3733 3714 3734
f 3734 3714 3713
f 3721 3723 3732
f 3732 3723 3735
f 3720 3736 3724
f 3724 3736 3737
f 3700 3718 3714
f 3714 3718 3715
f 3717 3699 3738
f 3738 3699 3739
f 3536 3740 3533
f 3533 3740 3540
f 3742 3743 3741
f 3741 3743 3744
f 3746 3747 3745
f 3745 3747 3748
f 3750 3751 3749
f 3749 3751 3752
f 3627 3632 3628
f 3628 3632 3631
f 3754 3755 3753
f 3753 3755 3626
f 3562 3565 3756
f 3756 3565 3610
f 3527 3652 3528
f 3528 3652 3757
f 3758 3524 3669
f 3669 3524 3523
f 3582 3598 3583
f 3583 3598 3600
f 3759 3670 3522
f 3522 3670 3523
f 3675 3678 3760
f 3760 3678 3761
f 3762 3763 3690
f 3690 3763 3689
f 3765 3766 3764
f 3764 3766 3767
f 3768 3739 3698
f 3698 3739 3699
f 3726 3725 3770
f 3770 3725 3769
f 3645 3647 3771
f 3771 3647 3772
f 3645 3678 3646
f 3646 3678 3677
f 3646 3677 3648
f 3648 3677 3674
f 3673 3649 3674
f 3674 3649 3648
f 3707 3773 3673
f 3673 3773 3649
f 3775 3776 3774
f 3774 3776 3777
f 3779 3526 3778
f 3778 3526 3525
f 3526 3779 3667
f 3667 3779 3780
f 3780 3781 3667
f 3667 3781 3657
f 3672 3679 3708
f 3708 3679 3710
f 3671 3680 3672
f 3672 3680 3679
f 3676 3683 3671
f 3671 3683 3680
f 3675 3690 3676
f 3676 3690 3683
f 3760 3762 3675
f 3675 3762 3690
f 3682 3681 3783
f 3783 3681 3782
f 3689 3784 3684
f 3684 3784 3785
f 3684 3785 3681
f 3681 3785 3782
f 3786 3709 3783
f 3783 3709 3682
f 3784 3689 3787
f 3787 3689 3763
f 3789 3557 3788
f 3788 3557 3790
f 3792 3793 3791
f 3791 3793 3794
f 3616 3615 3795
f 3795 3615 3796
f 3797 3798 3727
f 3727 3798 3728
f 3800 3801 3799
f 3799 3801 3802
f 3803 3578 3592
f 3592 3578 3593
f 3805 3806 3804
f 3804 3806 3807
f 3599 3603 3585
f 3585 3603 3586
f 3587 3586 3604
f 3604 3586 3603
f 3588 3591 3794
f 3794 3591 3791
f 3581 3803 3582
f 3582 3803 3592
f 3594 3561 3608
f 3608 3561 3790
f 3662 3688 3808
f 3808 3688 3809
f 3665 3664 3810
f 3810 3664 3811
f 3719 3812 3720
f 3720 3812 3736
f 3717 3813 3718
f 3718 3813 3737
f 3723 3721 3724
f 3724 3721 3720
f 3813 3717 3814
f 3814 3717 3738
f 3815 3816 303
f 303 3816 304
f 3818 3819 3817
f 3817 3819 3820
f 3578 3803 3579
f 3579 3803 3584
f 3558 3593 3577
f 3577 3593 3578
f 3822 3823 3821
f 3821 3823 3824
f 3546 3826 3825
f 3825 3826 3827
f 3828 3829 3547
f 3547 3829 3541
f 3831 3542 3830
f 3830 3542 3832
f 3834 3822 3833
f 3833 3822 3821
f 3835 3836 3827
f 3827 3836 3825
f 3800 3799 3828
f 3828 3799 3829
f 3830 3832 3837
f 3837 3832 3838
f 331 330 3551
f 3551 330 3839
f 3831 333 3552
f 3552 333 332
f 3819 3797 3841
f 3841 3797 3840
f 3513 3516 3647
f 3647 3516 3746
f 337 336 3745
f 3745 336 3772
f 3525 3528 3775
f 3775 3528 3749
f 3610 3597 3554
f 3554 3597 3596
f 3706 3702 3520
f 3520 3702 3701
f 3756 3610 3553
f 3553 3610 3554
f 3757 3750 3528
f 3528 3750 3749
f 3517 3515 3701
f 3701 3515 3520
f 3842 3584 3581
f 3581 3584 3803
f 3525 3775 3778
f 3778 3775 3774
f 3638 3843 3635
f 3635 3843 3618
f 3617 3621 3618
f 3618 3621 3635
f 3617 3517 3704
f 3704 3517 3701
f 3521 3624 3522
f 3522 3624 3623
f 3749 3844 3775
f 3775 3844 3776
f 3846 3847 3845
f 3845 3847 3848
f 3843 3747 3618
f 3618 3747 3518
f 3850 3851 3849
f 3849 3851 3748
f 3853 3854 3852
f 3852 3854 3855
f 3856 3857 3622
f 3622 3857 3619
f 3859 3860 3858
f 3858 3860 3861
f 3862 3844 3752
f 3752 3844 3749
f 3863 3759 3623
f 3623 3759 3522
f 3864 3777 3630
f 3630 3777 3776
f 3713 3865 3734
f 3734 3865 3866
f 3868 3869 3867
f 3867 3869 3870
f 3872 3873 3871
f 3871 3873 3874
f 3876 3877 3875
f 3875 3877 3878
f 3879 3880 3878
f 3878 3880 3881
f 3882 3883 3885
f 3885 3883 3884
f 3780 3886 3781
f 3781 3886 3887
f 3888 3685 3869
f 3869 3685 3661
f 3880 3879 3883
f 3883 3879 3884
f 3693 3783 3694
f 3694 3783 3782
f 3696 3785 3764
f 3764 3785 3784
f 3694 3782 3696
f 3696 3782 3785
f 3693 3786 3783
f 3787 3765 3784
f 3784 3765 3764
f 386 385 3765
f 3765 385 3766
f 3695 3889 3691
f 3691 3889 3890
f 3691 3890 3692
f 3692 3890 3891
f 3892 3711 3891
f 3891 3711 3692
f 3767 3893 3695
f 3695 3893 3889
f 3766 3894 3767
f 3767 3894 3893
f 3882 3885 3895
f 3895 3885 3896
f 3898 3698 3897
f 3897 3698 3697
f 3897 3697 3899
f 3899 3697 3733
f 3899 3733 3900
f 3900 3733 3734
f 3901 3768 3898
f 3898 3768 3698
f 3901 3902 3768
f 3768 3902 3903
f 3904 3905 3907
f 3907 3905 3906
f 3869 3661 3870
f 3870 3661 3660
f 3908 3909 3896
f 3896 3909 3895
f 3909 3758 3895
f 3895 3758 3669
f 3751 3531 3752
f 3752 3531 3848
f 3858 3536 3854
f 3854 3536 3535
f 3652 3562 3757
f 3757 3562 3756
f 3651 3654 3563
f 3563 3654 3567
f 3655 3656 3808
f 3808 3656 3659
f 3530 3740 3845
f 3845 3740 3861
f 3751 3750 3556
f 3556 3750 3553
f 3817 3820 3796
f 3796 3820 3795
f 410 409 3910
f 3910 409 3855
f 3750 3757 3553
f 3553 3757 3756
f 3908 3886 3909
f 3909 3886 3780
f 409 411 3855
f 3855 411 3851
f 413 412 3760
f 3760 412 3762
f 415 414 3763
f 3763 414 3787
f 3790 3557 3538
f 3538 3557 3537
f 3555 3608 3538
f 3538 3608 3790
f 3574 3911 3575
f 3575 3911 3912
f 3535 3534 3910
f 3910 3534 3839
f 3831 3552 3542
f 3542 3552 3543
f 3534 3550 3839
f 3839 3550 3551
f 3543 3550 3544
f 3544 3550 3549
f 3913 3914 3916
f 3916 3914 3915
f 3806 3805 3589
f 3589 3805 3590
f 3849 3843 3917
f 3917 3843 3638
f 3853 3644 3859
f 3859 3644 3742
f 3747 3746 3518
f 3518 3746 3516
f 3695 3696 3767
f 3767 3696 3764
f 3903 3918 3768
f 3768 3918 3739
f 3738 3739 3816
f 3816 3739 3918
f 3919 3920 3769
f 3769 3920 3770
f 3921 3726 3922
f 3922 3726 3770
f 3678 3645 3761
f 3761 3645 3771
f 3924 3913 3923
f 3923 3913 3916
f 3802 3925 3838
f 3838 3925 3837
f 3577 3926 3558
f 3558 3926 3559
f 3815 3919 3814
f 3814 3919 3769
f 3927 3928 3822
f 3822 3928 3823
f 3829 3832 3541
f 3541 3832 3542
f 3834 3927 3822
f 3832 3829 3838
f 3838 3829 3799
f 3745 3772 3746
f 3746 3772 3647
f 3849 3748 3843
f 3843 3748 3747
f 3854 3853 3858
f 3858 3853 3859
f 3854 3535 3855
f 3855 3535 3910
f 3557 3789 3546
f 3546 3789 3826
f 3923 3823 3924
f 3924 3823 3928
f 3823 3923 3929
f 3929 3923 3930
f 3531 3751 3532
f 3532 3751 3556
f 3532 3556 3538
f 3538 3556 3555
f 3932 3634 3931
f 3931 3634 3633
f 3814 3769 3813
f 3813 3769 3725
f 3620 3636 3621
f 3621 3636 3635
f 3847 3862 3848
f 3848 3862 3752
f 3531 3530 3848
f 3848 3530 3845
f 3933 3934 3830
f 3830 3934 3831
f 3925 3933 3837
f 3837 3933 3830
f 3934 440 3831
f 3831 440 333
f 3925 3802 3833
f 3833 3802 3801
f 3776 3844 3630
f 3630 3844 3627
f 3808 3659 3662
f 3662 3659 3658
f 3667 3650 3526
f 3526 3650 3527
f 3935 3666 3936
f 3936 3666 3665
f 3718 3737 3715
f 3715 3737 3736
f 3663 3809 3664
f 3664 3809 3688
f 3807 3806 3938
f 3938 3806 3937
f 445 413 3761
f 3761 413 3760
f 3902 447 3903
f 3903 447 446
f 3897 3890 3898
f 3898 3890 3889
f 3899 3891 3897
f 3897 3891 3890
f 3898 3889 3901
f 3901 3889 3893
f 3893 3894 3901
f 3901 3894 3902
f 414 386 3787
f 3787 386 3765
f 3940 3941 3939
f 3939 3941 3942
f 3840 3797 3943
f 3943 3797 3727
f 3665 3810 3936
f 3936 3810 3944
f 3921 3735 3726
f 3726 3735 3723
f 3920 3945 3770
f 3770 3945 3922
f 3521 3524 3774
f 3774 3524 3778
f 3864 3946 3625
f 3625 3946 3947
f 3773 3705 3649
f 3649 3705 3519
f 3779 3778 3758
f 3758 3778 3524
f 3812 3716 3736
f 3736 3716 3715
f 3624 3521 3777
f 3777 3521 3774
f 3703 3856 3704
f 3704 3856 3622
f 3900 3892 3899
f 3899 3892 3891
f 3641 3917 3642
f 3642 3917 3948
f 3895 3669 3882
f 3882 3669 3668
f 3855 3851 3852
f 3852 3851 3850
f 3894 458 3902
f 3902 458 447
f 3781 3887 3660
f 3660 3887 3870
f 3570 3566 3571
f 3571 3566 3567
f 3950 3576 3949
f 3949 3576 3587
f 3605 3602 3614
f 3614 3602 3612
f 3614 3612 3570
f 3570 3612 3566
f 3571 3567 3656
f 3656 3567 3654
f 3660 3658 3781
f 3781 3658 3657
f 3604 3607 3587
f 3587 3607 3949
f 3653 3659 3654
f 3654 3659 3656
f 3529 3540 3530
f 3530 3540 3740
f 3687 3811 3688
f 3688 3811 3664
f 3813 3725 3737
f 3737 3725 3724
f 3919 3815 461
f 461 3815 303
f 3818 3798 3819
f 3819 3798 3797
f 3819 3841 3820
f 3820 3841 3951
f 3816 3815 3738
f 3738 3815 3814
f 3540 3539 3533
f 3533 3539 3549
f 3548 3547 3544
f 3544 3547 3541
f 3539 3548 3549
f 3549 3548 3544
f 3741 3931 3860
f 3860 3931 3846
f 3801 3800 3835
f 3835 3800 3836
f 3934 3933 3824
f 3824 3933 3821
f 3825 3828 3546
f 3546 3828 3547
f 3833 3821 3925
f 3925 3821 3933
f 3800 3828 3836
f 3836 3828 3825
f 3824 3952 3934
f 3934 3952 440
f 3860 3846 3861
f 3861 3846 3845
f 3629 3946 3630
f 3630 3946 3864
f 3740 3536 3861
f 3861 3536 3858
f 3833 3801 3834
f 3834 3801 3835
f 3583 3599 3580
f 3580 3599 3585
f 3651 3563 3652
f 3652 3563 3562
f 3758 3909 3779
f 3779 3909 3780
f 3621 3617 3622
f 3622 3617 3704
f 3625 3947 3626
f 3626 3947 3753
f 3633 3632 3847
f 3847 3632 3862
f 3852 3850 3640
f 3640 3850 3641
f 3644 3853 3640
f 3640 3853 3852
f 3859 3742 3860
f 3860 3742 3741
f 3632 3627 3862
f 3862 3627 3844
f 3755 3863 3626
f 3626 3863 3623
f 3917 3638 3948
f 3948 3638 3637
f 3644 3643 3742
f 3742 3643 3743
f 3931 3633 3846
f 3846 3633 3847
f 3625 3624 3864
f 3864 3624 3777
f 3917 3641 3849
f 3849 3641 3850
f 3744 3932 3741
f 3741 3932 3931
f 3903 446 3918
f 3918 446 464
f 3953 3954 3956
f 3956 3954 3955
f 3958 3959 3957
f 3957 3959 3960
f 3876 3958 3877
f 3877 3958 3957
f 3877 3957 3961
f 3961 3957 3962
f 3963 3964 3958
f 3958 3964 3959
f 3965 3966 3876
f 3876 3966 3958
f 3966 3963 3958
f 3966 3967 3963
f 3963 3967 3968
f 3878 3877 3879
f 3879 3877 3961
f 3967 3969 3968
f 3968 3969 3970
f 3969 3971 3970
f 3970 3971 3972
f 3974 3904 3973
f 3973 3904 3907
f 3971 3975 3972
f 3972 3975 3976
f 3976 3975 3978
f 3978 3975 3977
f 3979 3980 3977
f 3977 3980 3978
f 3981 3982 3979
f 3979 3982 3980
f 3983 3984 3981
f 3981 3984 3982
f 3972 3985 3970
f 3970 3985 3986
f 3871 3987 3969
f 3969 3987 3971
f 3872 3871 3967
f 3967 3871 3969
f 3965 3872 3966
f 3966 3872 3967
f 3970 3986 3968
f 3968 3986 3988
f 3879 3961 3884
f 3884 3961 3940
f 3884 3940 3885
f 3885 3940 3939
f 3989 3990 3992
f 3992 3990 3991
f 3942 3993 3995
f 3995 3993 3994
f 3994 3996 3995
f 3995 3996 3974
f 3997 3998 3994
f 3994 3998 3996
f 3999 3997 3993
f 3993 3997 3994
f 4001 3996 4000
f 4000 3996 3998
f 4000 3998 4002
f 4002 3998 4003
f 4004 4003 3997
f 3997 4003 3998
f 3997 3999 4004
f 4004 3999 4005
f 4006 3995 3973
f 3973 3995 3974
f 3939 3942 4006
f 4006 3942 3995
f 3906 3887 3907
f 3907 3887 3886
f 3887 3906 3870
f 3870 3906 3867
f 3908 3973 3886
f 3886 3973 3907
f 3865 4007 3866
f 3866 4007 4008
f 3984 3983 4009
f 4009 3983 4010
f 3961 3962 3940
f 3940 3962 3941
f 4012 3868 4011
f 4011 3868 3867
f 4013 3975 3987
f 3987 3975 3971
f 4014 3977 4013
f 4013 3977 3975
f 4015 4010 4007
f 4007 4010 3983
f 4007 3983 4008
f 4008 3983 3981
f 4008 3981 4016
f 4016 3981 3979
f 4017 3984 4018
f 4018 3984 4009
f 3977 4014 3979
f 3979 4014 4016
f 3982 3984 4019
f 4019 3984 4017
f 4021 4022 4020
f 4020 4022 4023
f 4022 4012 4023
f 4023 4012 4011
f 4023 3904 4020
f 4020 3904 3974
f 4024 4025 4018
f 4018 4025 4017
f 4026 4027 4024
f 4024 4027 4025
f 4028 4026 4029
f 4029 4026 4024
f 4018 4021 4024
f 4024 4021 4029
f 4030 4031 4026
f 4026 4031 4027
f 4032 4030 4028
f 4028 4030 4026
f 4029 4001 4028
f 4028 4001 4000
f 4028 4000 4032
f 4032 4000 4002
f 4034 4035 4033
f 4033 4035 4036
f 4037 4038 4019
f 4019 4038 4039
f 4041 4039 4040
f 4040 4039 4038
f 4040 4038 4042
f 4042 4038 4036
f 4042 4036 4043
f 4043 4036 4035
f 3985 4044 4046
f 4046 4044 4045
f 4047 4048 4045
f 4045 4048 4046
f 4047 4049 4048
f 4048 4049 4050
f 4042 4047 4040
f 4040 4047 4045
f 4043 4049 4042
f 4042 4049 4047
f 4040 4045 4041
f 4041 4045 4044
f 4052 3959 4051
f 4051 3959 3964
f 4053 4054 4051
f 4051 4054 4055
f 3956 3960 4052
f 4052 3960 3959
f 3953 3956 4056
f 4056 3956 4052
f 4058 3953 4057
f 4057 3953 4056
f 4060 4061 4059
f 4059 4061 4062
f 4063 4064 4054
f 4054 4064 4057
f 4054 4053 4063
f 4063 4053 4065
f 4066 4067 4069
f 4069 4067 4068
f 4048 4050 4063
f 4063 4050 4064
f 4063 4065 4048
f 4048 4065 4046
f 3985 4046 3986
f 3986 4046 4065
f 3986 4065 3988
f 3988 4065 4053
f 3988 4053 3964
f 3964 4053 4051
f 3976 3978 4044
f 4044 3978 4041
f 3980 3982 4039
f 4039 3982 4019
f 4039 4041 3980
f 3980 4041 3978
f 3973 3908 4006
f 4006 3908 3896
f 3885 3939 3896
f 3896 3939 4006
f 4031 4034 4027
f 4027 4034 4033
f 4027 4033 4025
f 4025 4033 4037
f 4019 4017 4037
f 4037 4017 4025
f 3993 3942 4070
f 4070 3942 3941
f 3999 3993 4071
f 4071 3993 4070
f 3999 4071 4005
f 4005 4071 4072
f 4073 4074 4076
f 4076 4074 4075
f 4078 4079 4077
f 4077 4079 4080
f 4082 4080 4081
f 4081 4080 4079
f 4084 4085 4083
f 4083 4085 4086
f 4087 4088 4090
f 4090 4088 4089
f 4092 4093 4091
f 4091 4093 4094
f 4096 4097 4095
f 4095 4097 4098
f 4100 4101 4099
f 4099 4101 4102
f 4103 4104 4106
f 4106 4104 4105
f 4108 4109 4107
f 4107 4109 4110
f 4112 4113 4111
f 4111 4113 4114
f 4116 4117 4115
f 4115 4117 4118
f 4120 4121 4119
f 4119 4121 4122
f 4123 4124 4126
f 4126 4124 4125
f 4127 4128 4130
f 4130 4128 4129
f 4132 4133 4131
f 4131 4133 4134
f 4136 4108 4135
f 4135 4108 4107
f 4138 4139 4137
f 4137 4139 4140
f 4141 4142 4088
f 4088 4142 4089
f 4144 4145 4143
f 4143 4145 4146
f 4148 4149 4147
f 4147 4149 4150
f 4152 4153 4151
f 4151 4153 4154
f 4156 4082 4155
f 4155 4082 4081
f 4157 4158 4160
f 4160 4158 4159
f 4161 4162 4164
f 4164 4162 4163
f 4166 4122 4165
f 4165 4122 4121
f 4168 4152 4167
f 4167 4152 4151
f 4169 4170 4172
f 4172 4170 4171
f 4174 4175 4173
f 4173 4175 4176
f 4178 4149 4177
f 4177 4149 4179
f 4173 4176 4180
f 4180 4176 4181
f 4156 4085 4182
f 4182 4085 4183
f 4182 4184 4156
f 4156 4184 4082
f 4185 4186 4184
f 4184 4186 4187
f 4186 4188 4187
f 4187 4188 4189
f 4190 4191 4073
f 4073 4191 4074
f 4177 4179 4158
f 4158 4179 4159
f 4193 4127 4192
f 4192 4127 4130
f 4144 4194 4151
f 4151 4194 4167
f 4196 4197 4195
f 4195 4197 4198
f 4095 4199 4096
f 4096 4199 4200
f 4201 4202 4204
f 4204 4202 4203
f 4205 4206 4208
f 4208 4206 4207
f 4121 4120 4209
f 4209 4120 4210
f 4212 4213 4211
f 4211 4213 4214
f 4216 4217 4215
f 4215 4217 4218
f 4220 4221 4219
f 4219 4221 4222
f 4224 4196 4223
f 4223 4196 4195
f 4225 4226 4134
f 4134 4226 4131
f 4228 4229 4227
f 4227 4229 4230
f 4232 4233 4231
f 4231 4233 4098
f 4235 4236 4234
f 4234 4236 4237
f 4239 4240 4238
f 4238 4240 4241
f 4242 4243 4245
f 4245 4243 4244
f 4246 4247 4249
f 4249 4247 4248
f 4251 4252 4250
f 4250 4252 4253
f 4255 4256 4254
f 4254 4256 4257
f 4259 4260 4258
f 4258 4260 4261
f 4263 4264 4262
f 4262 4264 4265
f 4267 4268 4266
f 4266 4268 4269
f 4271 4199 4270
f 4270 4199 4272
f 4273 4274 4276
f 4276 4274 4275
f 4115 4118 4277
f 4277 4118 4278
f 4280 4281 4279
f 4279 4281 4282
f 4211 4283 4212
f 4212 4283 4284
f 4286 4287 4285
f 4285 4287 4288
f 4165 4121 4289
f 4289 4121 4209
f 4291 4286 4290
f 4290 4286 4285
f 4293 4294 4292
f 4292 4294 4295
f 4297 4298 4296
f 4296 4298 4299
f 4301 4302 4300
f 4300 4302 4303
f 4299 4304 4296
f 4296 4304 4305
f 4306 4292 4307
f 4307 4292 4295
f 4307 4308 4306
f 4306 4308 4309
f 4310 4309 4075
f 4075 4309 4308
f 4299 4298 4312
f 4312 4298 4311
f 4302 4301 4293
f 4293 4301 4294
f 3735 3921 4313
f 4313 3921 4314
f 4315 4314 3922
f 3922 4314 3921
f 4316 3945 829
f 829 3945 830
f 4289 4317 4165
f 4165 4317 4318
f 4320 4321 4319
f 4319 4321 4322
f 4324 4325 4323
f 4323 4325 4326
f 4327 4328 4330
f 4330 4328 4329
f 4290 4331 4291
f 4291 4331 4332
f 4165 4318 4166
f 4166 4318 4333
f 4334 4335 4337
f 4337 4335 4336
f 4339 4340 4338
f 4338 4340 4341
f 4168 4343 4342
f 4342 4343 4344
f 4346 4347 4345
f 4345 4347 4348
f 4350 4351 4349
f 4349 4351 4352
f 4354 4355 4353
f 4353 4355 4356
f 4357 4358 4324
f 4324 4358 4325
f 4337 4359 4334
f 4334 4359 4360
f 4362 4363 4361
f 4361 4363 4364
f 4366 4367 4365
f 4365 4367 4368
f 4369 4370 4372
f 4372 4370 4371
f 4331 4290 4374
f 4374 4290 4373
f 4373 4376 4375
f 4375 4376 4377
f 4379 4380 4378
f 4378 4380 4381
f 4217 4382 4218
f 4218 4382 4383
f 4385 4386 4384
f 4384 4386 4387
f 4388 4389 4338
f 4338 4389 4390
f 4337 4336 4392
f 4392 4336 4391
f 4394 4362 4393
f 4393 4362 4361
f 4396 4397 4395
f 4395 4397 4398
f 4400 4401 4399
f 4399 4401 4402
f 4345 4403 4346
f 4346 4403 4404
f 4405 4406 4342
f 4342 4406 4407
f 4409 4410 4408
f 4408 4410 4411
f 4408 4412 4409
f 4409 4412 4413
f 4181 4415 4414
f 4414 4415 4416
f 4182 4183 4417
f 4417 4183 4418
f 4419 4353 4311
f 4311 4353 4312
f 4421 4422 4420
f 4420 4422 4423
f 4353 4356 4312
f 4312 4356 4424
f 4166 4333 4425
f 4425 4333 4426
f 4425 4143 4166
f 4166 4143 4122
f 4427 4107 4428
f 4428 4107 4110
f 4429 4430 4174
f 4174 4430 4175
f 4335 4431 4336
f 4336 4431 4390
f 4336 4390 4391
f 4391 4390 4389
f 4432 4433 4435
f 4435 4433 4434
f 4437 4438 4436
f 4436 4438 4439
f 4441 4442 4440
f 4440 4442 4443
f 4359 4444 4361
f 4361 4444 4393
f 4446 4447 4445
f 4445 4447 4448
f 4338 4341 4388
f 4388 4341 4449
f 4450 4451 4398
f 4398 4451 4395
f 4453 4454 4452
f 4452 4454 4455
f 4457 4458 4456
f 4456 4458 4459
f 4460 4461 4448
f 4448 4461 4445
f 4463 4464 4462
f 4462 4464 4465
f 4462 4465 4466
f 4466 4465 4467
f 4468 4469 4467
f 4467 4469 4466
f 4469 4468 4470
f 4470 4468 4471
f 4472 4473 4471
f 4471 4473 4470
f 4475 4476 4474
f 4474 4476 4477
f 4479 4480 4478
f 4478 4480 4481
f 4483 4484 4482
f 4482 4484 4485
f 4487 4488 4486
f 4486 4488 4489
f 4491 4492 4490
f 4490 4492 4493
f 4494 4495 4493
f 4493 4495 4490
f 4496 4497 4494
f 4494 4497 4495
f 4497 4496 4498
f 4498 4496 4499
f 4500 4501 4503
f 4503 4501 4502
f 4505 4506 4504
f 4504 4506 4507
f 4466 4508 4462
f 4462 4508 4509
f 4470 4510 4469
f 4469 4510 4511
f 4513 4479 4512
f 4512 4479 4478
f 4515 4443 4514
f 4514 4443 4442
f 4516 4517 4519
f 4519 4517 4518
f 4521 4495 4520
f 4520 4495 4497
f 4522 4490 4521
f 4521 4490 4495
f 4491 4523 4488
f 4488 4523 4524
f 4525 4489 4524
f 4524 4489 4488
f 4484 4526 4485
f 4485 4526 4527
f 4503 4528 4500
f 4500 4528 4529
f 4530 4531 4533
f 4533 4531 4532
f 4535 4506 4534
f 4534 4506 4530
f 4486 4536 4487
f 4487 4536 4537
f 4487 4537 4492
f 4492 4537 4538
f 4494 4539 4496
f 4496 4539 4540
f 4542 4533 4541
f 4541 4533 4499
f 4544 4545 4543
f 4543 4545 4546
f 4548 4549 4547
f 4547 4549 4550
f 4536 4551 4537
f 4537 4551 4552
f 4537 4552 4538
f 4538 4552 4553
f 4554 4539 4556
f 4556 4539 4555
f 4557 4540 4554
f 4554 4540 4539
f 4559 4557 4558
f 4558 4557 4560
f 4540 4557 4541
f 4541 4557 4559
f 4562 4563 4561
f 4561 4563 4564
f 4546 4565 4543
f 4543 4565 4566
f 4547 4567 4548
f 4548 4567 4568
f 4570 4571 4569
f 4569 4571 4572
f 4574 4575 4573
f 4573 4575 4576
f 4578 4579 4577
f 4577 4579 4580
f 4582 4583 4581
f 4581 4583 4584
f 4585 4586 4588
f 4588 4586 4587
f 4589 4585 4590
f 4590 4585 4588
f 4592 4593 4591
f 4591 4593 4594
f 4596 4597 4595
f 4595 4597 4598
f 4600 4601 4599
f 4599 4601 4602
f 4563 4604 4603
f 4603 4604 4605
f 4603 4606 4608
f 4608 4606 4607
f 4609 4610 4594
f 4594 4610 4591
f 4611 4612 4614
f 4614 4612 4613
f 4616 4617 4615
f 4615 4617 4618
f 4602 4620 4619
f 4619 4620 4621
f 4619 4622 4602
f 4602 4622 4599
f 4605 4599 4623
f 4623 4599 4622
f 4605 4623 4603
f 4603 4623 4606
f 4625 4626 4624
f 4624 4626 4627
f 4438 4437 4628
f 4628 4437 4629
f 4442 4441 4630
f 4630 4441 4631
f 4630 4632 4442
f 4442 4632 4514
f 4633 4634 4529
f 4529 4634 4500
f 4500 4634 4501
f 4501 4634 4635
f 4637 4546 4636
f 4636 4546 4545
f 4639 4565 4638
f 4638 4565 4640
f 4573 4576 4641
f 4641 4576 4642
f 4593 4643 4594
f 4594 4643 4644
f 4645 4609 4644
f 4644 4609 4594
f 4647 4648 4646
f 4646 4648 4649
f 4651 4652 4650
f 4650 4652 4653
f 4654 4498 4519
f 4519 4498 4532
f 4520 4508 4521
f 4521 4508 4511
f 4522 4510 4523
f 4523 4510 4655
f 4524 4656 4525
f 4525 4656 4657
f 4514 4529 4515
f 4515 4529 4528
f 4658 4659 4661
f 4661 4659 4660
f 4496 4540 4499
f 4499 4540 4541
f 4493 4555 4494
f 4494 4555 4539
f 4549 4483 4550
f 4550 4483 4482
f 4545 4544 4501
f 4501 4544 4502
f 4636 4545 4635
f 4635 4545 4501
f 4589 4663 4662
f 4662 4663 4664
f 4662 4665 4558
f 4558 4665 4559
f 4569 4586 4570
f 4570 4586 4560
f 4552 4666 4553
f 4553 4666 4667
f 4668 4669 4670
f 4670 4669 4666
f 4672 4673 4671
f 4671 4673 4674
f 4287 4675 4288
f 4288 4675 4676
f 4678 4679 4677
f 4677 4679 4680
f 4681 4678 4682
f 4682 4678 4677
f 4682 4683 4681
f 4681 4683 4684
f 4161 4164 4685
f 4685 4164 4686
f 4414 4687 4689
f 4689 4687 4688
f 4405 4690 4346
f 4346 4690 4347
f 4691 4399 4693
f 4693 4399 4692
f 1209 4694 4365
f 4365 4694 4366
f 4650 1211 4651
f 4651 1211 1210
f 4695 4696 4255
f 4255 4696 4256
f 4697 4698 4218
f 4218 4698 4215
f 4700 4701 4699
f 4699 4701 4702
f 4703 4704 4303
f 4303 4704 4300
f 4315 3922 4316
f 4316 3922 3945
f 4653 4706 4705
f 4705 4706 4707
f 4709 4710 4708
f 4708 4710 4711
f 4335 4334 4713
f 4713 4334 4712
f 4714 4340 4321
f 4321 4340 4322
f 4716 4717 4715
f 4715 4717 4718
f 4238 4241 4719
f 4719 4241 4720
f 4231 4721 4307
f 4307 4721 4308
f 4723 4724 4722
f 4722 4724 4725
f 4727 4728 4726
f 4726 4728 4729
f 4730 4731 4327
f 4327 4731 4328
f 4733 4734 4732
f 4732 4734 4735
f 4720 4381 4736
f 4736 4381 4737
f 4738 4739 4741
f 4741 4739 4740
f 4743 4744 4742
f 4742 4744 4745
f 4338 4390 4339
f 4339 4390 4431
f 4746 4747 4431
f 4431 4747 4339
f 4291 4332 4289
f 4289 4332 4317
f 4289 4209 4291
f 4291 4209 4286
f 4287 4286 4210
f 4210 4286 4209
f 4749 4750 4748
f 4748 4750 4751
f 4212 4284 4752
f 4752 4284 4753
f 4752 4754 4212
f 4212 4754 4213
f 4252 4251 4225
f 4225 4251 4226
f 4227 4230 4248
f 4248 4230 4249
f 4205 4755 4757
f 4757 4755 4756
f 4708 4711 4758
f 4758 4711 4647
f 4367 4366 4759
f 4759 4366 4760
f 4526 4513 4527
f 4527 4513 4512
f 4420 4423 4385
f 4385 4423 4386
f 4705 4761 4653
f 4653 4761 4650
f 4761 1279 4650
f 4650 1279 1211
f 4762 4763 3944
f 3944 4763 3936
f 4274 4273 4765
f 4765 4273 4764
f 4767 4768 4766
f 4766 4768 4769
f 4770 4771 4769
f 4769 4771 4766
f 4771 4770 4242
f 4242 4770 4243
f 4093 4163 4094
f 4094 4163 4162
f 4772 4773 4775
f 4775 4773 4774
f 4777 4778 4776
f 4776 4778 4779
f 4417 4185 4182
f 4182 4185 4184
f 4780 4078 4781
f 4781 4078 4077
f 4781 4077 4782
f 4782 4077 4189
f 4188 4783 4189
f 4189 4783 4782
f 4295 4232 4307
f 4307 4232 4231
f 4785 4786 4784
f 4784 4786 4787
f 4784 1307 4785
f 4785 1307 1306
f 4078 4780 4096
f 4096 4780 4097
f 4075 4074 4310
f 4310 4074 4788
f 4788 4074 4789
f 4789 4074 4191
f 4789 4191 4059
f 4059 4191 4790
f 4791 4277 4792
f 4792 4277 4278
f 3732 3735 4793
f 4793 3735 4313
f 4793 4794 3732
f 3732 4794 3731
f 4792 4795 4791
f 4791 4795 4796
f 4797 4798 4799
f 4799 4798 4724
f 4763 4800 3936
f 3936 4800 3935
f 4801 4062 3729
f 3729 4062 3730
f 4713 4712 4802
f 4802 4712 4803
f 4146 4804 4119
f 4119 4804 4805
f 4498 4654 4497
f 4497 4654 4520
f 4806 4807 1326
f 1326 4807 1327
f 4689 4688 1330
f 1330 4688 1331
f 4801 4789 4062
f 4062 4789 4059
f 3730 4062 4808
f 4808 4062 4061
f 4810 4811 4809
f 4809 4811 4812
f 4813 4403 4814
f 4814 4403 4345
f 4815 4816 4349
f 4349 4816 4350
f 4817 4818 4820
f 4820 4818 4819
f 4406 4821 4407
f 4407 4821 4822
f 4823 4161 4824
f 4824 4161 4685
f 4181 4414 4825
f 4825 4414 4689
f 4741 4740 4826
f 4826 4740 4827
f 4828 4829 4827
f 4827 4829 4826
f 4142 4141 4415
f 4415 4141 4148
f 4830 1354 4761
f 4761 1354 1279
f 4832 4833 4831
f 4831 4833 4834
f 4835 4836 4626
f 4626 4836 4421
f 4451 4709 4395
f 4395 4709 4708
f 4627 4420 4837
f 4837 4420 4385
f 4837 1365 4838
f 4838 1365 1364
f 4397 4396 4839
f 4839 4396 4840
f 4842 4628 4841
f 4841 4628 4629
f 4671 4674 4631
f 4631 4674 4630
f 4674 4659 4630
f 4630 4659 4632
f 4633 4632 4658
f 4658 4632 4659
f 4658 4504 4633
f 4633 4504 4634
f 4635 4634 4507
f 4507 4634 4504
f 4843 4636 4507
f 4507 4636 4635
f 4844 4637 4843
f 4843 4637 4636
f 4637 4844 4640
f 4640 4844 4664
f 4638 4663 4642
f 4642 4663 4845
f 4847 4643 4846
f 4846 4643 4641
f 4644 4848 4645
f 4645 4848 4849
f 4851 4852 4850
f 4850 4852 4853
f 4855 4856 4854
f 4854 4856 4857
f 4859 4860 4858
f 4858 4860 4857
f 4715 4718 4859
f 4859 4718 4860
f 4862 4863 4861
f 4861 4863 4864
f 4866 4867 4865
f 4865 4867 4868
f 4870 4871 4869
f 4869 4871 4872
f 4869 4872 4116
f 4116 4872 4117
f 4820 4819 4874
f 4874 4819 4873
f 4876 4877 4875
f 4875 4877 4878
f 4880 4881 4879
f 4879 4881 4882
f 4884 4885 4883
f 4883 4885 4886
f 4887 4888 4280
f 4280 4888 4281
f 4818 4817 4889
f 4889 4817 4890
f 4891 4193 4823
f 4823 4193 4192
f 4892 4893 4228
f 4228 4893 4229
f 4158 4157 4894
f 4894 4157 4895
f 4896 4897 4132
f 4132 4897 4133
f 4099 4683 4100
f 4100 4683 4682
f 4101 4100 4899
f 4899 4100 4898
f 4150 4106 4147
f 4147 4106 4900
f 4100 4682 4898
f 4898 4682 4677
f 4080 4082 4187
f 4187 4082 4184
f 4077 4080 4189
f 4189 4080 4187
f 4191 4190 4790
f 4790 4190 4901
f 4177 4158 4680
f 4680 4158 4894
f 4108 4136 4752
f 4752 4136 4754
f 4752 4753 4108
f 4108 4753 4109
f 4817 4902 4890
f 4890 4902 4903
f 4904 4905 4907
f 4907 4905 4906
f 4909 4910 4908
f 4908 4910 4911
f 4913 4914 4912
f 4912 4914 4915
f 4916 4917 4919
f 4919 4917 4918
f 4312 4424 4299
f 4299 4424 4304
f 4920 4921 4297
f 4297 4921 4298
f 4194 4922 4167
f 4167 4922 4923
f 4924 4400 4691
f 4691 4400 4399
f 4395 4708 4396
f 4396 4708 4758
f 4367 4925 4368
f 4368 4925 4926
f 4919 4918 4873
f 4873 4918 4874
f 4836 4927 4421
f 4421 4927 4422
f 4921 4928 4298
f 4298 4928 4311
f 4143 4146 4122
f 4122 4146 4119
f 4929 4930 4455
f 4455 4930 4452
f 4932 4933 4931
f 4931 4933 4934
f 4935 4936 4932
f 4932 4936 4933
f 4461 4460 4457
f 4457 4460 4458
f 4480 4479 4475
f 4475 4479 4476
f 4660 4673 4517
f 4517 4673 4937
f 4661 4505 4658
f 4658 4505 4504
f 4484 4483 4489
f 4489 4483 4486
f 4462 4509 4463
f 4463 4509 4518
f 4469 4511 4466
f 4466 4511 4508
f 4655 4473 4656
f 4656 4473 4477
f 4476 4657 4477
f 4477 4657 4656
f 4479 4513 4476
f 4476 4513 4657
f 4489 4525 4484
f 4484 4525 4526
f 4483 4549 4486
f 4486 4549 4536
f 4549 4548 4536
f 4536 4548 4551
f 4548 4568 4551
f 4551 4568 4670
f 4663 4589 4845
f 4845 4589 4590
f 4668 4577 4938
f 4938 4577 4580
f 4940 4938 4939
f 4939 4938 4941
f 4940 4942 4669
f 4669 4942 4943
f 4587 4582 4944
f 4944 4582 4581
f 4848 4847 4608
f 4608 4847 4564
f 4616 4945 4613
f 4613 4945 4598
f 4615 4946 4616
f 4616 4946 4945
f 4947 4939 4948
f 4948 4939 4946
f 4599 4605 4600
f 4600 4605 4604
f 4608 4607 4848
f 4848 4607 4849
f 4613 4612 4616
f 4616 4612 4617
f 4835 4949 4709
f 4709 4949 4710
f 4357 1477 4837
f 4837 1477 1365
f 4712 4950 4803
f 4803 4950 4951
f 4401 4952 4402
f 4402 4952 4953
f 4759 4760 4402
f 4402 4760 4399
f 4508 4520 4509
f 4509 4520 4654
f 4510 4522 4511
f 4511 4522 4521
f 4513 4526 4657
f 4657 4526 4525
f 4632 4633 4514
f 4514 4633 4529
f 4931 4934 4453
f 4453 4934 4454
f 4153 4954 4154
f 4154 4954 4955
f 4957 4958 4956
f 4956 4958 4959
f 4961 4962 4960
f 4960 4962 4963
f 4120 4964 4210
f 4210 4964 4965
f 4967 4968 4966
f 4966 4968 4969
f 4349 4692 4815
f 4815 4692 4970
f 4652 4971 4653
f 4653 4971 4706
f 4758 4647 4972
f 4972 4647 4646
f 4973 4363 4646
f 4646 4363 4972
f 4950 4360 4974
f 4974 4360 4364
f 4431 4335 4746
f 4746 4335 4713
f 4358 4714 4325
f 4325 4714 4321
f 4765 4764 4266
f 4266 4764 4975
f 4202 4976 4203
f 4203 4976 4977
f 4917 4978 4918
f 4918 4978 4979
f 4279 4282 4854
f 4854 4282 4269
f 4820 4880 4817
f 4817 4880 4902
f 4890 4903 4980
f 4980 4903 4886
f 4982 4983 4981
f 4981 4983 4123
f 4795 4851 4796
f 4796 4851 4850
f 4918 4979 4874
f 4874 4979 4881
f 4809 4404 4810
f 4810 4404 4403
f 4354 4985 4984
f 4984 4985 4986
f 1364 1516 4838
f 4838 1516 4987
f 4759 4988 4367
f 4367 4988 4925
f 4989 4990 4481
f 4481 4990 4478
f 4443 4515 4990
f 4990 4515 4991
f 4527 4512 4992
f 4992 4512 4991
f 4528 4503 4992
f 4992 4503 4993
f 4993 4994 4485
f 4485 4994 4482
f 4544 4995 4502
f 4502 4995 4994
f 4995 4996 4550
f 4550 4996 4547
f 4998 4999 4997
f 4997 4999 4566
f 4998 5000 4578
f 4578 5000 4579
f 5001 5002 4596
f 4596 5002 4597
f 5003 4591 5004
f 5004 4591 4610
f 4626 4421 4627
f 4627 4421 4420
f 4837 4838 4627
f 4627 4838 4624
f 4761 4705 4830
f 4830 4705 5005
f 4705 4707 5005
f 5005 4707 5006
f 4308 4721 4075
f 4075 4721 4076
f 5007 4200 4797
f 4797 4200 4798
f 4685 4686 5008
f 5008 4686 5009
f 4889 4890 5010
f 5010 4890 4980
f 4323 1541 4324
f 4324 1541 1540
f 4385 4384 4358
f 4358 4384 4714
f 4396 4758 4840
f 4840 4758 4972
f 4866 4852 5011
f 5011 4852 5012
f 5013 4260 4980
f 4980 4260 5010
f 4875 4878 5014
f 5014 4878 5015
f 5017 5018 5016
f 5016 5018 5019
f 5016 5019 5020
f 5020 5019 5021
f 5023 5024 5022
f 5022 5024 5025
f 5027 5028 5026
f 5026 5028 5029
f 5031 5032 5030
f 5030 5032 5033
f 5035 5036 5034
f 5034 5036 5037
f 5039 5040 5038
f 5038 5040 5041
f 5043 5044 5042
f 5042 5044 5045
f 5038 5046 5039
f 5039 5046 5047
f 5049 5050 5048
f 5048 5050 5051
f 5053 5054 5052
f 5052 5054 5055
f 5057 5024 5056
f 5056 5024 5058
f 5060 5061 5059
f 5059 5061 5062
f 5064 5065 5063
f 5063 5065 5066
f 5043 5050 5064
f 5064 5050 5065
f 5038 5041 5067
f 5067 5041 5068
f 5070 5071 5069
f 5069 5071 5072
f 5074 5075 5073
f 5073 5075 5076
f 5034 5077 5035
f 5035 5077 5078
f 5080 5081 5079
f 5079 5081 5082
f 5084 5085 5083
f 5083 5085 5086
f 5085 5084 5087
f 5087 5084 5088
f 5090 5091 5089
f 5089 5091 5092
f 5094 5095 5093
f 5093 5095 5096
f 5098 5099 5097
f 5097 5099 5100
f 5102 5103 5101
f 5101 5103 5104
f 5105 5106 5108
f 5108 5106 5107
f 5110 5111 5109
f 5109 5111 5112
f 5114 5094 5113
f 5113 5094 5093
f 5116 5117 5115
f 5115 5117 5118
f 5120 5121 5119
f 5119 5121 5122
f 5124 5125 5123
f 5123 5125 5126
f 5128 5129 5127
f 5127 5129 5130
f 5097 5131 5098
f 5098 5131 5132
f 5134 5135 5133
f 5133 5135 5122
f 5084 5125 5088
f 5088 5125 5136
f 5138 5139 5137
f 5137 5139 5140
f 5142 5102 5141
f 5141 5102 5101
f 5106 5143 5107
f 5107 5143 5144
f 5146 5147 5145
f 5145 5147 5148
f 5149 5150 5109
f 5109 5150 5110
f 5151 5110 5152
f 5152 5110 5150
f 4715 5140 4716
f 4716 5140 5139
f 5143 4870 5144
f 5144 4870 4869
f 4115 5146 4116
f 4116 5146 5145
f 4791 4796 5149
f 5149 4796 5150
f 4796 4850 5150
f 5150 4850 5152
f 4858 5142 4859
f 4859 5142 5141
f 5153 5154 5115
f 5115 5154 5105
f 5156 5157 5155
f 5155 5157 5158
f 5159 5160 5053
f 5053 5160 5054
f 5161 5162 5020
f 5020 5162 5068
f 5026 5029 5163
f 5163 5029 5021
f 5083 5086 5164
f 5164 5086 5165
f 5090 5167 5166
f 5166 5167 5168
f 5169 5170 5172
f 5172 5170 5171
f 5174 5175 5173
f 5173 5175 5176
f 5177 5109 5178
f 5178 5109 5112
f 5179 5180 5182
f 5182 5180 5181
f 5123 5126 5120
f 5120 5126 5121
f 5180 5167 5181
f 5181 5167 5183
f 5184 5185 5179
f 5179 5185 5180
f 5186 5149 5177
f 5177 5149 5109
f 4868 5184 4865
f 4865 5184 5179
f 5188 5189 5187
f 5187 5189 5190
f 4277 4791 5186
f 5186 4791 5149
f 5179 5182 4865
f 4865 5182 4853
f 5189 4862 5190
f 5190 4862 4861
f 5156 5075 5191
f 5191 5075 5192
f 5036 5035 5193
f 5193 5035 5194
f 5115 5118 5153
f 5153 5118 5195
f 5022 5025 5196
f 5196 5025 5197
f 5155 5158 5069
f 5069 5158 5062
f 5063 5066 5198
f 5198 5066 5199
f 5073 5076 5200
f 5200 5076 5072
f 5202 5131 5201
f 5201 5131 5203
f 5143 5106 5204
f 5204 5106 5205
f 5114 5113 5206
f 5206 5113 5127
f 5098 5132 5193
f 5193 5132 5195
f 5204 5207 5143
f 5143 5207 4870
f 5088 5136 5208
f 5208 5136 5092
f 5209 5210 5089
f 5089 5210 5183
f 5211 5018 5060
f 5060 5018 5061
f 5017 5040 5070
f 5070 5040 5071
f 5191 5160 5156
f 5156 5160 5157
f 5048 5028 5049
f 5049 5028 5058
f 5207 5204 4858
f 4858 5204 5142
f 4859 5141 4715
f 4715 5141 5140
f 5212 5162 5042
f 5042 5162 5051
f 5182 5152 4853
f 4853 5152 4850
f 5214 5134 5213
f 5213 5134 5133
f 5164 5165 5133
f 5133 5165 5213
f 5215 5216 5201
f 5201 5216 5217
f 5147 5218 5148
f 5148 5218 5219
f 5147 5177 5218
f 5218 5177 5178
f 5141 5101 5140
f 5140 5101 5137
f 5201 5217 5202
f 5202 5217 5104
f 5146 5186 5147
f 5147 5186 5177
f 4277 5186 4115
f 4115 5186 5146
f 5191 5192 5031
f 5031 5192 5032
f 5052 5055 5220
f 5220 5055 5197
f 4116 5145 4869
f 4869 5145 5144
f 5034 5037 5214
f 5214 5037 5134
f 5097 5100 5114
f 5114 5100 5094
f 5108 5107 5219
f 5219 5107 5148
f 5221 5135 5116
f 5116 5135 5117
f 5124 5111 5209
f 5209 5111 5210
f 5107 5144 5148
f 5148 5144 5145
f 5152 5182 5151
f 5151 5182 5181
f 5208 5222 5088
f 5088 5222 5087
f 5222 5208 5171
f 5171 5208 5172
f 5223 1756 4698
f 4698 1756 1755
f 4427 5224 4107
f 4107 5224 4135
f 4178 4679 5225
f 5225 4679 5226
f 5227 5228 4892
f 4892 5228 4893
f 5229 5230 4171
f 4171 5230 4172
f 4855 4268 4884
f 4884 4268 4885
f 4884 4871 4855
f 4855 4871 4856
f 4684 5231 4896
f 4896 5231 4897
f 4768 4767 5009
f 5009 4767 5008
f 5205 5154 5102
f 5102 5154 5103
f 5099 5098 5194
f 5194 5098 5193
f 5198 5199 5079
f 5079 5199 5033
f 5102 5142 5205
f 5205 5142 5204
f 5224 4427 4681
f 4681 4427 4678
f 3712 3711 5232
f 5232 3711 5233
f 3968 3988 3963
f 3963 3988 3964
f 3976 4044 3972
f 3972 4044 3985
f 4038 4037 4036
f 4036 4037 4033
f 4794 4762 3731
f 3731 4762 3944
f 3731 3944 3722
f 3722 3944 3810
f 3874 5234 5232
f 5232 5234 3712
f 3906 3905 3867
f 3867 3905 4011
f 3904 4023 3905
f 3905 4023 4011
f 3719 3722 3811
f 3811 3722 3810
f 3812 3719 3687
f 3687 3719 3811
f 3716 3812 3686
f 3686 3812 3687
f 3713 3716 3685
f 3685 3716 3686
f 4810 4403 5235
f 5235 4403 4813
f 4345 1770 4814
f 4814 1770 1769
f 4067 4066 4058
f 4058 4066 5236
f 4043 4068 4049
f 4049 4068 4050
f 4034 5237 3989
f 3989 5237 3990
f 4031 4030 4072
f 4072 4030 4005
f 4003 4004 4002
f 4002 4004 4032
f 4004 4005 4032
f 4032 4005 4030
f 4067 4064 4068
f 4068 4064 4050
f 4058 4057 4067
f 4067 4057 4064
f 4035 4034 5238
f 5238 4034 3989
f 5236 5239 4058
f 4058 5239 5240
f 5234 3874 5241
f 5241 3874 3873
f 5241 3873 3881
f 3881 3873 3878
f 4800 4763 4788
f 4788 4763 4310
f 4763 4762 4310
f 4310 4762 4309
f 4762 4794 4309
f 4309 4794 4306
f 4794 4793 4306
f 4306 4793 4292
f 4293 4313 4302
f 4302 4313 4314
f 4302 4314 4303
f 4303 4314 4315
f 4303 4315 4703
f 4703 4315 4316
f 4035 4069 4043
f 4043 4069 4068
f 4324 1540 4357
f 4357 1540 1477
f 5232 3987 3874
f 3874 3987 3871
f 3987 5232 4013
f 4013 5232 5233
f 4013 5233 4014
f 4014 5233 5242
f 3888 4015 3865
f 3865 4015 4007
f 3866 4008 5243
f 5243 4008 4016
f 3873 5244 3878
f 3878 5244 3875
f 3965 5244 3872
f 3872 5244 3873
f 3876 3875 3965
f 3965 3875 5244
f 5243 4016 5242
f 5242 4016 4014
f 5246 5247 5245
f 5245 5247 5248
f 3576 3950 3577
f 3577 3950 3926
f 3584 3842 3585
f 3585 3842 3580
f 5249 5247 1784
f 1784 5247 1785
f 5250 5251 5253
f 5253 5251 5252
f 5255 5252 5254
f 5254 5252 5256
f 5254 5256 5258
f 5258 5256 5257
f 5258 5257 5260
f 5260 5257 5259
f 4356 5261 4424
f 4424 5261 5259
f 4355 5262 4356
f 4356 5262 5261
f 4924 5264 5263
f 5263 5264 5265
f 4693 5266 4691
f 4691 5266 5267
f 4351 5268 4352
f 4352 5268 5269
f 1808 1807 4351
f 4351 1807 5268
f 3580 3842 3581
f 3799 3802 3838
f 4800 4788 4801
f 4801 4788 4789
f 3729 3935 4801
f 4801 3935 4800
f 3728 3666 3729
f 3729 3666 3935
f 3728 3798 3666
f 3666 3798 3663
f 3798 3818 3663
f 3663 3818 3809
f 3818 3817 3809
f 3809 3817 3808
f 3796 3655 3817
f 3817 3655 3808
f 3615 3568 3796
f 3796 3568 3655
f 3573 3569 3615
f 3615 3569 3568
f 3572 3613 3573
f 3573 3613 3569
f 3792 3606 3572
f 3572 3606 3613
f 3607 3791 3949
f 3949 3791 3591
f 3590 3950 3591
f 3591 3950 3949
f 3805 3926 3590
f 3590 3926 3950
f 3804 3559 3805
f 3805 3559 3926
f 3804 3914 3559
f 3559 3914 3560
f 3924 3789 3913
f 3913 3789 3788
f 3924 3928 3789
f 3789 3928 3826
f 3928 3927 3826
f 3826 3927 3827
f 3927 3834 3827
f 3827 3834 3835
f 4079 4078 5270
f 5270 4078 5007
f 5271 5272 4233
f 4233 5272 5273
f 5275 5276 5274
f 5274 5276 5277
f 5278 5279 4236
f 4236 5279 4237
f 5278 5280 5271
f 5271 5280 5272
f 4235 5281 4236
f 4236 5281 5282
f 5284 5285 5283
f 5283 5285 5286
f 5288 5289 5287
f 5287 5289 5290
f 5292 5293 5291
f 5291 5293 5294
f 5287 5290 4726
f 4726 5290 5295
f 4293 4292 4313
f 4313 4292 4793
f 4720 4736 4719
f 4719 4736 5296
f 5297 4909 5298
f 5298 4909 4908
f 5299 5300 4976
f 4976 5300 5301
f 5302 4202 5303
f 5303 4202 4201
f 5304 5305 4983
f 4983 5305 5306
f 5308 5309 5307
f 5307 5309 5310
f 4722 4725 5283
f 5283 4725 5311
f 5291 5294 4125
f 4125 5294 4126
f 5313 5314 5312
f 5312 5314 5315
f 5316 5317 5319
f 5319 5317 5318
f 5321 5308 5320
f 5320 5308 5307
f 4819 4981 4873
f 4873 4981 5322
f 4981 4123 5322
f 5322 4123 4126
f 5324 5325 5323
f 5323 5325 5326
f 4764 5327 4975
f 4975 5327 5328
f 4172 5327 4169
f 4169 5327 5329
f 4768 4171 4769
f 4769 4171 4170
f 4243 4755 4244
f 4244 4755 5330
f 4755 4205 5330
f 5330 4205 4208
f 4206 4906 4207
f 4207 4906 4905
f 4686 5014 5009
f 5009 5014 5229
f 4756 4770 4170
f 4170 4770 4769
f 4170 4169 4756
f 4756 4169 4757
f 4273 5329 4764
f 4764 5329 5327
f 4276 5331 4273
f 4273 5331 5329
f 4770 4756 4243
f 4243 4756 4755
f 5333 4889 5332
f 5332 4889 5010
f 4877 5332 4878
f 4878 5332 4259
f 4875 4164 4876
f 4876 4164 4163
f 5334 5335 5324
f 5324 5335 5325
f 4983 5306 4123
f 4123 5306 4124
f 4818 4982 4819
f 4819 4982 4981
f 5332 5010 4259
f 4259 5010 4260
f 5014 4686 4875
f 4875 4686 4164
f 4171 4768 5229
f 5229 4768 5009
f 5337 4916 5336
f 5336 4916 4919
f 5293 5337 5294
f 5294 5337 5336
f 4982 4818 5333
f 5333 4818 4889
f 5338 5339 4262
f 4262 5339 5340
f 5307 5310 5338
f 5338 5310 5339
f 5341 5342 4204
f 4204 5342 5309
f 5336 4919 5322
f 5322 4919 4873
f 5294 5336 4126
f 4126 5336 5322
f 5323 5326 5343
f 5343 5326 5286
f 4914 5344 4915
f 4915 5344 5345
f 5312 5315 5344
f 5344 5315 5345
f 5347 5348 5346
f 5346 5348 5349
f 5350 5351 4832
f 4832 5351 4833
f 5352 5353 5349
f 5349 5353 5346
f 5354 5338 4265
f 4265 5338 4262
f 5320 5307 5354
f 5354 5307 5338
f 4201 5308 5303
f 5303 5308 5321
f 5356 5357 5355
f 5355 5357 4799
f 5358 5359 5334
f 5334 5359 5335
f 5358 5360 4093
f 4093 5360 4163
f 5360 5305 4163
f 4163 5305 4876
f 5305 5304 4876
f 4876 5304 4877
f 5270 4778 4079
f 4079 4778 4081
f 4779 5361 4774
f 4774 5361 5357
f 5356 5359 4775
f 4775 5359 4092
f 5333 5304 4982
f 4982 5304 4983
f 5332 4877 5333
f 5333 4877 5304
f 5015 4258 5230
f 5230 4258 5328
f 5327 4172 5328
f 5328 4172 5230
f 4169 5329 4757
f 4757 5329 5331
f 4757 5331 4205
f 4205 5331 4206
f 5331 4276 4206
f 4206 4276 4906
f 4276 4275 4906
f 4906 4275 4907
f 4275 4888 4907
f 4907 4888 4744
f 4887 4717 4745
f 4745 4717 4864
f 4716 5139 4861
f 4861 5139 5190
f 5139 5138 5190
f 5190 5138 5187
f 5138 5216 5187
f 5187 5216 5176
f 5215 5362 5173
f 5173 5362 5130
f 5364 5365 5363
f 5363 5365 5340
f 4742 4863 5366
f 5366 4863 4867
f 4862 5189 4868
f 4868 5189 5184
f 5189 5188 5184
f 5184 5188 5185
f 5188 5175 5185
f 5185 5175 5168
f 3560 3788 3561
f 3561 3788 3790
f 3596 3595 3608
f 3608 3595 3594
f 3598 3582 3595
f 3595 3582 3592
f 3600 3609 3601
f 3601 3609 3611
f 3602 3601 3612
f 3612 3601 3611
f 3606 3605 3613
f 3613 3605 3614
f 3793 5367 3794
f 3794 5367 5368
f 3598 3597 3600
f 3600 3597 3609
f 3793 3792 3575
f 3575 3792 3572
f 3561 3594 3558
f 3558 3594 3593
f 3807 3915 3804
f 3804 3915 3914
f 3916 3915 5370
f 5370 3915 5369
f 3602 3605 3603
f 3603 3605 3604
f 3606 3792 3607
f 3607 3792 3791
f 3914 3913 3560
f 3560 3913 3788
f 5174 5129 5166
f 5166 5129 5371
f 5170 5169 5093
f 5093 5169 5113
f 5166 5371 5090
f 5090 5371 5091
f 5128 5169 5372
f 5372 5169 5172
f 5127 5113 5128
f 5128 5113 5169
f 5114 5206 5203
f 5203 5206 5362
f 5200 5373 5073
f 5073 5373 5096
f 5374 5375 5200
f 5200 5375 5373
f 5039 5047 5374
f 5374 5047 5375
f 5087 5046 5085
f 5085 5046 5376
f 5212 5377 5067
f 5067 5377 5376
f 5042 5045 5212
f 5212 5045 5377
f 5064 5378 5043
f 5043 5378 5044
f 5063 5077 5064
f 5064 5077 5378
f 5079 5082 5198
f 5198 5082 5078
f 5099 5081 5100
f 5100 5081 5379
f 5100 5379 5094
f 5094 5379 5095
f 5381 5382 5380
f 5380 5382 5383
f 5385 5386 5384
f 5384 5386 5383
f 5385 5387 5386
f 5386 5387 5388
f 5390 5391 5389
f 5389 5391 5392
f 5393 5394 5396
f 5396 5394 5395
f 5398 5399 5397
f 5397 5399 5400
f 5402 5403 5401
f 5401 5403 5404
f 5406 5407 5405
f 5405 5407 5404
f 5408 5409 5163
f 5163 5409 5410
f 5411 5412 5414
f 5414 5412 5413
f 5057 5416 5415
f 5415 5416 5417
f 5393 5416 5418
f 5418 5416 5419
f 5396 5395 5420
f 5420 5395 5421
f 5423 5424 5422
f 5422 5424 5425
f 5415 5417 5220
f 5220 5417 5426
f 5418 5391 5393
f 5393 5391 5394
f 5414 5388 5411
f 5411 5388 5392
f 5059 5427 5060
f 5060 5427 5428
f 5423 5427 5429
f 5429 5427 5430
f 5432 5382 5431
f 5431 5382 5425
f 5429 5407 5423
f 5423 5407 5424
f 5380 5409 5381
f 5381 5409 5433
f 5381 5433 5422
f 5422 5433 5428
f 5027 5412 5056
f 5056 5412 5419
f 5435 5436 5434
f 5434 5436 5437
f 5159 5439 5438
f 5438 5439 5440
f 5053 5436 5159
f 5159 5436 5439
f 5441 5403 5398
f 5398 5403 5399
f 5163 5410 5026
f 5026 5410 5413
f 5438 5440 5442
f 5442 5440 5430
f 5444 5445 5443
f 5443 5445 5446
f 5447 5448 5450
f 5450 5448 5449
f 5451 5446 5452
f 5452 5446 5445
f 5454 5455 5453
f 5453 5455 5451
f 5456 5454 5458
f 5458 5454 5457
f 5460 5461 5459
f 5459 5461 5462
f 5464 5465 5463
f 5463 5465 5466
f 5468 5469 5467
f 5467 5469 5470
f 5472 5473 5471
f 5471 5473 5474
f 5475 5476 5478
f 5478 5476 5477
f 5479 5480 5482
f 5482 5480 5481
f 5483 5484 5448
f 5448 5484 5485
f 5448 5485 5449
f 5449 5485 5486
f 5487 5476 5488
f 5488 5476 5475
f 5490 5491 5489
f 5489 5491 5492
f 5494 5495 5493
f 5493 5495 5496
f 5498 5494 5497
f 5497 5494 5493
f 5500 5501 5499
f 5499 5501 5502
f 5503 5504 5446
f 5446 5504 5443
f 5506 5507 5505
f 5505 5507 5508
f 5510 5511 5509
f 5509 5511 5512
f 5514 5515 5513
f 5513 5515 5516
f 5518 5519 5517
f 5517 5519 5520
f 5495 5521 5496
f 5496 5521 5522
f 5524 5525 5523
f 5523 5525 5526
f 5527 5528 5494
f 5494 5528 5495
f 5499 5502 5529
f 5529 5502 5530
f 5531 5532 5485
f 5485 5532 5486
f 5485 5484 5531
f 5531 5484 5533
f 5482 5481 5534
f 5534 5481 5535
f 5536 5512 5506
f 5506 5512 5511
f 5455 5503 5451
f 5451 5503 5446
f 5467 5470 5511
f 5511 5470 5537
f 5538 5467 5510
f 5510 5467 5511
f 5540 5541 5539
f 5539 5541 5542
f 5543 5544 5546
f 5546 5544 5545
f 5548 5472 5547
f 5547 5472 5471
f 5493 5496 5549
f 5549 5496 5550
f 5496 5522 5550
f 5550 5522 5551
f 5553 5554 5552
f 5552 5554 5555
f 5557 5447 5556
f 5556 5447 5558
f 5557 5483 5447
f 5447 5483 5448
f 5478 5477 5553
f 5553 5477 5559
f 5477 5560 5559
f 5559 5560 5561
f 5476 5562 5477
f 5477 5562 5560
f 5476 5487 5562
f 5562 5487 5563
f 5560 5564 5561
f 5561 5564 5565
f 5564 5560 5566
f 5566 5560 5562
f 5563 5567 5562
f 5562 5567 5566
f 5569 5521 5568
f 5568 5521 5570
f 5481 5572 5571
f 5571 5572 5573
f 5574 5535 5571
f 5571 5535 5481
f 5576 5577 5575
f 5575 5577 5578
f 5579 5580 5456
f 5456 5580 5581
f 5475 5582 5488
f 5488 5582 5583
f 5584 5536 5505
f 5505 5536 5506
f 5585 5586 5588
f 5588 5586 5587
f 5590 5591 5589
f 5589 5591 5592
f 5519 5593 5520
f 5520 5593 5594
f 5595 5596 5462
f 5462 5596 5597
f 5599 5600 5598
f 5598 5600 5514
f 5602 5603 5601
f 5601 5603 5604
f 5524 5543 5525
f 5525 5543 5546
f 5543 5524 5606
f 5606 5524 5605
f 5607 5608 5500
f 5500 5608 5501
f 5610 5551 5609
f 5609 5551 5522
f 5611 5510 5598
f 5598 5510 5509
f 5612 5597 5457
f 5457 5597 5458
f 5510 5611 5538
f 5538 5611 5613
f 5580 5508 5581
f 5581 5508 5507
f 5615 5616 5614
f 5614 5616 5617
f 5619 5620 5618
f 5618 5620 5621
f 5623 5624 5622
f 5622 5624 5625
f 5627 5624 5626
f 5626 5624 5623
f 5629 5630 5628
f 5628 5630 5631
f 5633 5634 5632
f 5632 5634 5466
f 5635 5636 5463
f 5463 5636 5637
f 5523 5638 5524
f 5524 5638 5605
f 5639 5640 5641
f 5641 5640 5595
f 5611 5513 5613
f 5613 5513 5642
f 5643 5586 5608
f 5608 5586 5501
f 5622 5625 5590
f 5590 5625 5591
f 5598 5514 5611
f 5611 5514 5513
f 5645 5646 5644
f 5644 5646 5647
f 5620 5619 5491
f 5491 5619 5648
f 5649 5643 5492
f 5492 5643 5608
f 5650 5651 5653
f 5653 5651 5652
f 5463 5466 5635
f 5635 5466 5634
f 5597 5612 5462
f 5462 5612 5459
f 5635 5634 5523
f 5523 5634 5638
f 5654 5638 5633
f 5633 5638 5634
f 5655 5656 5525
f 5525 5656 5526
f 5658 5659 5657
f 5657 5659 5527
f 5660 5464 5637
f 5637 5464 5463
f 5632 5466 5661
f 5661 5466 5465
f 5661 5662 5632
f 5632 5662 5658
f 5662 5663 5658
f 5658 5663 5659
f 5665 5659 5664
f 5664 5659 5663
f 5632 5658 5633
f 5633 5658 5657
f 5666 5629 5530
f 5530 5629 5667
f 5528 5527 5665
f 5665 5527 5659
f 5668 5669 5570
f 5570 5669 5568
f 5669 5668 5670
f 5670 5668 5671
f 5646 5672 5673
f 5672 5674 5673
f 5673 5674 5675
f 5674 5460 5675
f 5675 5460 5459
f 5461 5676 5462
f 5462 5676 5595
f 5677 5678 5680
f 5680 5678 5679
f 5628 5681 5629
f 5629 5681 5667
f 5682 5529 5667
f 5667 5529 5530
f 5675 5459 5683
f 5683 5459 5612
f 5585 5666 5502
f 5502 5666 5530
f 5589 5684 5602
f 5602 5684 5603
f 5646 5645 5663
f 5663 5645 5664
f 5685 5647 5673
f 5673 5647 5646
f 5686 5687 5683
f 5683 5687 5685
f 5688 5689 5533
f 5533 5689 5531
f 5690 5691 5535
f 5535 5691 5534
f 5692 5690 5574
f 5574 5690 5535
f 5685 5687 5689
f 5689 5687 5693
f 5489 5694 5490
f 5490 5694 5695
f 5690 5692 5696
f 5696 5692 5697
f 5696 5644 5690
f 5690 5644 5691
f 5447 5450 5558
f 5558 5450 5698
f 5699 5700 5642
f 5642 5700 5613
f 5701 5702 5540
f 5540 5702 5541
f 5431 5703 5432
f 5432 5703 5697
f 5385 5384 5574
f 5574 5384 5692
f 5389 5387 5573
f 5573 5387 5571
f 5565 5390 5573
f 5573 5390 5389
f 5390 5565 5704
f 5704 5565 5564
f 5566 5705 5564
f 5564 5705 5704
f 5569 5441 5609
f 5609 5441 5398
f 5568 5405 5569
f 5569 5405 5441
f 5670 5706 5669
f 5669 5706 5406
f 5703 5431 5670
f 5670 5431 5706
f 5432 5697 5384
f 5384 5697 5692
f 5574 5571 5385
f 5385 5571 5387
f 5607 5707 5489
f 5489 5707 5694
f 5518 5708 5519
f 5519 5708 5709
f 5711 5576 5710
f 5710 5576 5575
f 5713 5714 5712
f 5712 5714 5715
f 5553 5552 5478
f 5478 5552 5716
f 5717 5475 5716
f 5716 5475 5478
f 5718 5719 5605
f 5605 5719 5606
f 5505 5622 5584
f 5584 5622 5590
f 5508 5623 5505
f 5505 5623 5622
f 5626 5623 5580
f 5580 5623 5508
f 5580 5579 5626
f 5626 5579 5720
f 5579 5721 5720
f 5720 5721 5722
f 5666 5585 5723
f 5723 5585 5588
f 5724 5725 5639
f 5639 5725 5640
f 5554 5726 5555
f 5555 5726 5727
f 5453 5728 5729
f 5689 5688 5685
f 5685 5688 5647
f 5604 5730 5512
f 5512 5730 5509
f 5628 5631 5618
f 5618 5631 5592
f 5601 5604 5536
f 5536 5604 5512
f 5732 5676 5731
f 5731 5676 5660
f 5730 5604 5733
f 5733 5604 5603
f 5563 5487 5551
f 5551 5487 5550
f 5489 5492 5607
f 5607 5492 5608
f 5573 5572 5565
f 5565 5572 5561
f 5609 5522 5569
f 5569 5522 5521
f 5499 5734 5500
f 5500 5734 5735
f 5596 5736 5721
f 5721 5736 5722
f 5737 5600 5594
f 5594 5600 5520
f 5599 5730 5517
f 5517 5730 5733
f 5660 5738 5731
f 5731 5738 5739
f 5648 5649 5491
f 5491 5649 5492
f 5501 5586 5502
f 5502 5586 5585
f 5525 5546 5655
f 5655 5546 5740
f 5600 5599 5520
f 5520 5599 5517
f 5708 5739 5709
f 5709 5739 5738
f 5636 5635 5526
f 5526 5635 5523
f 5670 5671 5703
f 5703 5671 5741
f 5490 5695 5742
f 5742 5695 5743
f 5682 5678 5744
f 5744 5678 5677
f 5678 5681 5679
f 5679 5681 5621
f 5742 5743 5679
f 5679 5743 5680
f 5618 5621 5628
f 5628 5621 5681
f 5725 5724 5589
f 5589 5724 5684
f 5456 5458 5579
f 5579 5458 5721
f 5675 5683 5673
f 5673 5683 5685
f 5529 5682 5745
f 5745 5682 5744
f 5721 5458 5596
f 5596 5458 5597
f 5701 5540 5719
f 5719 5540 5606
f 5703 5741 5697
f 5697 5741 5696
f 5500 5735 5607
f 5607 5735 5707
f 5549 5746 5493
f 5493 5746 5497
f 5700 5747 5613
f 5613 5747 5538
f 5420 5421 5434
f 5434 5421 5400
f 5689 5693 5531
f 5531 5693 5532
f 5705 5566 5748
f 5748 5566 5567
f 5609 5398 5610
f 5610 5398 5397
f 5669 5406 5568
f 5568 5406 5405
f 5488 5583 5549
f 5549 5583 5746
f 5714 5713 5710
f 5710 5713 5711
f 5747 5468 5538
f 5538 5468 5467
f 5548 5547 5749
f 5749 5547 5750
f 5733 5603 5751
f 5751 5603 5684
f 5589 5602 5590
f 5590 5602 5584
f 5636 5752 5614
f 5614 5752 5615
f 5753 5754 5738
f 5738 5754 5755
f 5602 5601 5584
f 5584 5601 5536
f 5723 5736 5630
f 5630 5736 5640
f 5595 5640 5596
f 5596 5640 5736
f 5734 5499 5745
f 5745 5499 5529
f 5627 5587 5643
f 5643 5587 5586
f 5553 5559 5554
f 5554 5559 5480
f 5559 5561 5480
f 5480 5561 5572
f 5554 5480 5726
f 5726 5480 5479
f 5749 5750 5715
f 5715 5750 5712
f 5683 5612 5686
f 5686 5612 5457
f 5678 5682 5681
f 5681 5682 5667
f 5598 5509 5599
f 5599 5509 5730
f 5679 5621 5742
f 5742 5621 5620
f 5652 5616 5653
f 5653 5616 5615
f 5220 5426 5052
f 5052 5426 5437
f 5487 5488 5550
f 5550 5488 5549
f 5742 5620 5490
f 5490 5620 5491
f 5551 5610 5563
f 5563 5610 5567
f 5610 5397 5567
f 5567 5397 5748
f 5614 5617 5753
f 5753 5617 5754
f 5480 5572 5481
f 5755 5756 5738
f 5738 5756 5709
f 5745 5744 5758
f 5758 5744 5757
f 5745 5758 5734
f 5734 5758 5759
f 5735 5734 5760
f 5760 5734 5759
f 5707 5735 5761
f 5761 5735 5760
f 5744 5677 5757
f 5757 5677 5762
f 5677 5680 5762
f 5762 5680 5763
f 5763 5680 5764
f 5764 5680 5743
f 5765 5766 5762
f 5762 5766 5757
f 5768 5769 5767
f 5767 5769 5770
f 5771 5772 5770
f 5770 5772 5767
f 5770 5769 5774
f 5774 5769 5773
f 5775 5776 5774
f 5774 5776 5777
f 5773 5778 5774
f 5774 5778 5775
f 5779 5766 5773
f 5773 5766 5778
f 5777 5771 5774
f 5774 5771 5770
f 5780 5781 5783
f 5783 5781 5782
f 5781 5780 5771
f 5771 5780 5772
f 5773 5769 5779
f 5779 5769 5768
f 5768 5759 5779
f 5779 5759 5758
f 5768 5784 5759
f 5759 5784 5760
f 5767 5785 5768
f 5768 5785 5784
f 5785 5767 5786
f 5786 5767 5772
f 5766 5779 5757
f 5757 5779 5758
f 5780 5787 5772
f 5772 5787 5786
f 5785 5786 5788
f 5788 5786 5789
f 5786 5787 5789
f 5789 5787 5790
f 5788 5789 5791
f 5791 5789 5792
f 5791 5793 5788
f 5788 5793 5794
f 5795 5792 5790
f 5790 5792 5789
f 5785 5788 5784
f 5784 5788 5794
f 5784 5794 5760
f 5760 5794 5761
f 5787 5780 5796
f 5796 5780 5783
f 5775 5778 5797
f 5797 5778 5766
f 5797 5798 5775
f 5775 5798 5776
f 5766 5765 5797
f 5797 5765 5799
f 5798 5797 5800
f 5800 5797 5799
f 5798 5801 5776
f 5776 5801 5802
f 5707 5761 5694
f 5694 5761 5803
f 5695 5804 5743
f 5743 5804 5764
f 5804 5695 5803
f 5803 5695 5694
f 5803 5793 5804
f 5804 5793 5805
f 5793 5791 5805
f 5805 5791 5806
f 5804 5805 5764
f 5764 5805 5807
f 5803 5761 5793
f 5793 5761 5794
f 5808 5763 5807
f 5807 5763 5764
f 5808 5765 5763
f 5763 5765 5762
f 5809 5799 5808
f 5808 5799 5765
f 5809 5808 5810
f 5810 5808 5807
f 5811 5809 5812
f 5812 5809 5810
f 5805 5806 5807
f 5807 5806 5810
f 5806 5813 5810
f 5810 5813 5812
f 5799 5809 5800
f 5800 5809 5811
f 5815 5800 5814
f 5814 5800 5811
f 5814 5817 5816
f 5816 5817 5818
f 5814 5811 5817
f 5817 5811 5812
f 5814 5816 5815
f 5815 5816 5796
f 5815 5796 5801
f 5801 5796 5783
f 5801 5798 5815
f 5815 5798 5800
f 5791 5792 5806
f 5806 5792 5813
f 5818 5813 5795
f 5795 5813 5792
f 5818 5817 5813
f 5813 5817 5812
f 5816 5818 5790
f 5790 5818 5795
f 5790 5787 5816
f 5816 5787 5796
f 5771 5777 5781
f 5781 5777 5782
f 5782 5802 5783
f 5783 5802 5801
f 5782 5777 5802
f 5802 5777 5776
f 5588 5587 5722
f 5722 5587 5720
f 5591 5619 5592
f 5592 5619 5618
f 5625 5624 5648
f 5648 5624 5649
f 5624 5627 5649
f 5649 5627 5643
f 5631 5630 5725
f 5725 5630 5640
f 5625 5648 5591
f 5591 5648 5619
f 5588 5722 5723
f 5723 5722 5736
f 5631 5725 5592
f 5592 5725 5589
f 5723 5630 5666
f 5666 5630 5629
f 5587 5627 5720
f 5720 5627 5626
f 5820 5821 5819
f 5819 5821 5822
f 5824 5825 5823
f 5823 5825 5826
f 5823 5826 5827
f 5827 5826 5828
f 5829 5830 5832
f 5832 5830 5831
f 5518 5833 5708
f 5708 5833 5834
f 5835 5836 5824
f 5824 5836 5825
f 5838 5839 5837
f 5837 5839 5840
f 5751 5684 5842
f 5842 5684 5841
f 5843 5841 5724
f 5724 5841 5684
f 5845 5846 5844
f 5844 5846 5847
f 5848 5830 5836
f 5836 5830 5825
f 5518 5751 5833
f 5833 5751 5842
f 5839 5838 5821
f 5821 5838 5849
f 5850 5848 5822
f 5822 5848 5836
f 5851 5845 5828
f 5828 5845 5852
f 5854 5855 5853
f 5853 5855 5856
f 5845 5844 5852
f 5852 5844 5857
f 5858 5827 5852
f 5852 5827 5828
f 5851 5828 5829
f 5829 5828 5826
f 5819 5859 5820
f 5820 5859 5860
f 5835 5861 5819
f 5819 5861 5859
f 5851 5829 5862
f 5862 5829 5832
f 5844 5847 5837
f 5837 5847 5834
f 5819 5822 5835
f 5835 5822 5836
f 5823 5863 5824
f 5824 5863 5864
f 5849 5850 5821
f 5821 5850 5822
f 5825 5830 5826
f 5826 5830 5829
f 5820 5860 5865
f 5865 5860 5866
f 5858 5854 5867
f 5867 5854 5853
f 5854 5857 5855
f 5855 5857 5840
f 5855 5865 5856
f 5856 5865 5866
f 5837 5840 5844
f 5844 5840 5857
f 5827 5858 5868
f 5868 5858 5867
f 5824 5864 5835
f 5835 5864 5861
f 5732 5731 5862
f 5862 5731 5846
f 5863 5823 5868
f 5868 5823 5827
f 5843 5831 5848
f 5848 5831 5830
f 5854 5858 5857
f 5857 5858 5852
f 5855 5840 5865
f 5865 5840 5839
f 5865 5839 5820
f 5820 5839 5821
f 5868 5867 5870
f 5870 5867 5869
f 5868 5870 5863
f 5863 5870 5871
f 5863 5871 5864
f 5864 5871 5872
f 5864 5872 5861
f 5861 5872 5873
f 5867 5853 5869
f 5869 5853 5874
f 5853 5856 5874
f 5874 5856 5875
f 5856 5866 5875
f 5875 5866 5876
f 5877 5878 5874
f 5874 5878 5869
f 5880 5881 5879
f 5879 5881 5882
f 5883 5884 5880
f 5880 5884 5881
f 5881 5884 5886
f 5886 5884 5885
f 5887 5888 5886
f 5886 5888 5889
f 5885 5890 5886
f 5886 5890 5887
f 5889 5882 5886
f 5886 5882 5881
f 5882 5891 5879
f 5879 5891 5892
f 5885 5884 5893
f 5893 5884 5883
f 5883 5871 5893
f 5893 5871 5870
f 5883 5894 5871
f 5871 5894 5872
f 5880 5895 5883
f 5883 5895 5894
f 5896 5895 5879
f 5879 5895 5880
f 5893 5878 5885
f 5885 5878 5890
f 5878 5893 5869
f 5869 5893 5870
f 5897 5896 5892
f 5892 5896 5879
f 5895 5896 5898
f 5898 5896 5899
f 5896 5897 5899
f 5899 5897 5900
f 5898 5899 5901
f 5901 5899 5902
f 5901 5903 5898
f 5898 5903 5904
f 5900 5905 5899
f 5899 5905 5902
f 5898 5904 5895
f 5895 5904 5894
f 5894 5904 5872
f 5872 5904 5873
f 5897 5892 5907
f 5907 5892 5906
f 5892 5891 5906
f 5906 5891 5908
f 5887 5890 5909
f 5909 5890 5878
f 5888 5887 5910
f 5910 5887 5909
f 5878 5877 5909
f 5909 5877 5911
f 5909 5911 5910
f 5910 5911 5912
f 5913 5914 5910
f 5910 5914 5888
f 5908 5914 5906
f 5906 5914 5913
f 5861 5873 5859
f 5859 5873 5915
f 5860 5916 5866
f 5866 5916 5876
f 5916 5860 5915
f 5915 5860 5859
f 5915 5903 5916
f 5916 5903 5917
f 5903 5901 5917
f 5917 5901 5918
f 5916 5917 5876
f 5876 5917 5919
f 5903 5915 5904
f 5904 5915 5873
f 5920 5875 5919
f 5919 5875 5876
f 5920 5877 5875
f 5875 5877 5874
f 5920 5921 5877
f 5877 5921 5911
f 5921 5920 5922
f 5922 5920 5919
f 5923 5921 5924
f 5924 5921 5922
f 5917 5918 5919
f 5919 5918 5922
f 5918 5925 5922
f 5922 5925 5924
f 5921 5923 5911
f 5911 5923 5912
f 5927 5912 5926
f 5926 5912 5923
f 5926 5929 5928
f 5928 5929 5930
f 5926 5923 5929
f 5929 5923 5924
f 5926 5928 5927
f 5927 5928 5907
f 5927 5907 5913
f 5913 5907 5906
f 5913 5910 5927
f 5927 5910 5912
f 5901 5902 5918
f 5918 5902 5925
f 5930 5925 5905
f 5905 5925 5902
f 5930 5929 5925
f 5925 5929 5924
f 5928 5930 5900
f 5900 5930 5905
f 5900 5897 5928
f 5928 5897 5907
f 5882 5889 5891
f 5891 5889 5908
f 5908 5889 5914
f 5914 5889 5888
f 5832 5831 5641
f 5641 5831 5639
f 5833 5838 5834
f 5834 5838 5837
f 5842 5841 5849
f 5849 5841 5850
f 5841 5843 5850
f 5850 5843 5848
f 5847 5846 5739
f 5739 5846 5731
f 5842 5849 5833
f 5833 5849 5838
f 5862 5832 5732
f 5732 5832 5641
f 5847 5739 5834
f 5834 5739 5708
f 5862 5846 5851
f 5851 5846 5845
f 5831 5843 5639
f 5639 5843 5724
f 5676 5732 5595
f 5595 5732 5641
f 5676 5461 5660
f 5660 5461 5464
f 5461 5460 5464
f 5464 5460 5465
f 5460 5674 5465
f 5465 5674 5661
f 5931 5932 5934
f 5934 5932 5933
f 5936 5937 5935
f 5935 5937 5938
f 5935 5938 5939
f 5939 5938 5940
f 5942 5943 5941
f 5941 5943 5944
f 5945 5946 5936
f 5936 5946 5937
f 5948 5949 5947
f 5947 5949 5950
f 5951 5952 5519
f 5519 5952 5593
f 5953 5951 5709
f 5709 5951 5519
f 5955 5956 5954
f 5954 5956 5957
f 5958 5942 5946
f 5946 5942 5937
f 5948 5959 5949
f 5949 5959 5933
f 5960 5958 5934
f 5934 5958 5946
f 5961 5955 5940
f 5940 5955 5962
f 5963 5964 5966
f 5966 5964 5965
f 5955 5954 5962
f 5962 5954 5967
f 5968 5939 5962
f 5962 5939 5940
f 5961 5940 5941
f 5941 5940 5938
f 5931 5969 5932
f 5932 5969 5970
f 5945 5971 5931
f 5931 5971 5969
f 5941 5944 5961
f 5961 5944 5972
f 5954 5957 5947
f 5947 5957 5973
f 5945 5931 5946
f 5946 5931 5934
f 5935 5974 5936
f 5936 5974 5975
f 5959 5960 5933
f 5933 5960 5934
f 5937 5942 5938
f 5938 5942 5941
f 5932 5970 5976
f 5976 5970 5977
f 5968 5964 5978
f 5978 5964 5963
f 5965 5964 5950
f 5950 5964 5967
f 5976 5977 5965
f 5965 5977 5966
f 5947 5950 5954
f 5954 5950 5967
f 5939 5968 5979
f 5979 5968 5978
f 5936 5975 5945
f 5945 5975 5971
f 5972 5754 5956
f 5956 5754 5617
f 5974 5935 5979
f 5979 5935 5939
f 5953 5943 5958
f 5958 5943 5942
f 5964 5968 5967
f 5967 5968 5962
f 5965 5950 5976
f 5976 5950 5949
f 5976 5949 5932
f 5932 5949 5933
f 5979 5978 5981
f 5981 5978 5980
f 5979 5981 5974
f 5974 5981 5982
f 5974 5982 5975
f 5975 5982 5983
f 5975 5983 5971
f 5971 5983 5984
f 5978 5963 5980
f 5980 5963 5985
f 5963 5966 5985
f 5985 5966 5986
f 5986 5966 5987
f 5987 5966 5977
f 5988 5989 5985
f 5985 5989 5980
f 5991 5992 5990
f 5990 5992 5993
f 5994 5995 5991
f 5991 5995 5992
f 5992 5995 5997
f 5997 5995 5996
f 5998 5999 5997
f 5997 5999 6000
f 5996 6001 5997
f 5997 6001 5998
f 6000 5993 5997
f 5997 5993 5992
f 6002 6003 5993
f 5993 6003 5990
f 5995 5994 5996
f 5996 5994 6004
f 5994 5982 6004
f 6004 5982 5981
f 5994 6005 5982
f 5982 6005 5983
f 5991 6006 5994
f 5994 6006 6005
f 6006 5991 6007
f 6007 5991 5990
f 5996 6004 6001
f 6001 6004 5989
f 5989 6004 5980
f 5980 6004 5981
f 6003 6008 5990
f 5990 6008 6007
f 6009 6006 6010
f 6010 6006 6007
f 6008 6011 6007
f 6007 6011 6010
f 6012 6009 6013
f 6013 6009 6010
f 6009 6012 6015
f 6015 6012 6014
f 6011 6016 6010
f 6010 6016 6013
f 6006 6009 6005
f 6005 6009 6015
f 6005 6015 5983
f 5983 6015 5984
f 6008 6003 6018
f 6018 6003 6017
f 6003 6002 6017
f 6017 6002 6019
f 5998 6001 6020
f 6020 6001 5989
f 5999 5998 6021
f 6021 5998 6020
f 5989 5988 6020
f 6020 5988 6022
f 6021 6020 6023
f 6023 6020 6022
f 6021 6024 5999
f 5999 6024 6025
f 6019 6025 6017
f 6017 6025 6024
f 5971 5984 5969
f 5969 5984 6026
f 5970 6027 5977
f 5977 6027 5987
f 6027 5970 6026
f 6026 5970 5969
f 6026 6014 6027
f 6027 6014 6028
f 6014 6012 6028
f 6028 6012 6029
f 6027 6028 5987
f 5987 6028 6030
f 6026 5984 6014
f 6014 5984 6015
f 6031 5986 6030
f 6030 5986 5987
f 6031 5988 5986
f 5986 5988 5985
f 6032 6022 6031
f 6031 6022 5988
f 6032 6031 6033
f 6033 6031 6030
f 6034 6032 6035
f 6035 6032 6033
f 6028 6029 6030
f 6030 6029 6033
f 6029 6036 6033
f 6033 6036 6035
f 6032 6034 6022
f 6022 6034 6023
f 6038 6023 6037
f 6037 6023 6034
f 6037 6040 6039
f 6039 6040 6041
f 6037 6034 6040
f 6040 6034 6035
f 6037 6039 6038
f 6038 6039 6018
f 6038 6018 6024
f 6024 6018 6017
f 6024 6021 6038
f 6038 6021 6023
f 6012 6013 6029
f 6029 6013 6036
f 6041 6036 6016
f 6016 6036 6013
f 6041 6040 6036
f 6036 6040 6035
f 6041 6016 6039
f 6039 6016 6011
f 6011 6008 6039
f 6039 6008 6018
f 5993 6000 6002
f 6002 6000 6019
f 6019 6000 6025
f 6025 6000 5999
f 5943 5756 5944
f 5944 5756 5755
f 6042 5948 5973
f 5973 5948 5947
f 5952 5951 5959
f 5959 5951 5960
f 5951 5953 5960
f 5960 5953 5958
f 5616 5957 5617
f 5617 5957 5956
f 6042 5952 5948
f 5948 5952 5959
f 5944 5755 5972
f 5972 5755 5754
f 5957 5616 5973
f 5973 5616 5652
f 5956 5955 5972
f 5972 5955 5961
f 5943 5953 5756
f 5756 5953 5709
f 6044 6045 6043
f 6043 6045 6046
f 6048 6049 6047
f 6047 6049 6050
f 6047 6050 6051
f 6051 6050 6052
f 6054 6055 6053
f 6053 6055 6056
f 6057 6058 6060
f 6060 6058 6059
f 6061 6062 6048
f 6048 6062 6049
f 6063 6064 6066
f 6066 6064 6065
f 6067 6068 6070
f 6070 6068 6069
f 6071 6069 5653
f 5653 6069 6068
f 6072 6073 6075
f 6075 6073 6074
f 6062 6076 6049
f 6049 6076 6054
f 6058 6067 6059
f 6059 6067 6070
f 6064 6077 6065
f 6065 6077 6045
f 6078 6076 6046
f 6046 6076 6062
f 6073 6080 6079
f 6079 6080 6052
f 6082 6083 6081
f 6081 6083 6084
f 6072 6085 6073
f 6073 6085 6080
f 6086 6051 6080
f 6080 6051 6052
f 6079 6052 6053
f 6053 6052 6050
f 6043 6087 6044
f 6044 6087 6088
f 6061 6089 6043
f 6043 6089 6087
f 6053 6056 6079
f 6079 6056 6090
f 6063 6072 6060
f 6060 6072 6075
f 6043 6046 6061
f 6061 6046 6062
f 6047 6091 6048
f 6048 6091 6092
f 6077 6078 6045
f 6045 6078 6046
f 6049 6054 6050
f 6050 6054 6053
f 6044 6088 6093
f 6093 6088 6094
f 6086 6082 6095
f 6095 6082 6081
f 6083 6082 6066
f 6066 6082 6085
f 6093 6094 6083
f 6083 6094 6084
f 6072 6063 6085
f 6085 6063 6066
f 6051 6086 6096
f 6096 6086 6095
f 6048 6092 6061
f 6061 6092 6089
f 5656 5655 6090
f 6090 5655 6074
f 6091 6047 6096
f 6096 6047 6051
f 6071 6055 6076
f 6076 6055 6054
f 6082 6086 6085
f 6085 6086 6080
f 6093 6083 6065
f 6065 6083 6066
f 6044 6093 6045
f 6045 6093 6065
f 6096 6095 6098
f 6098 6095 6097
f 6096 6098 6091
f 6091 6098 6099
f 6091 6099 6092
f 6092 6099 6100
f 6092 6100 6089
f 6089 6100 6101
f 6095 6081 6097
f 6097 6081 6102
f 6081 6084 6102
f 6102 6084 6103
f 6103 6084 6104
f 6104 6084 6094
f 6106 6097 6105
f 6105 6097 6102
f 6107 6108 6110
f 6110 6108 6109
f 6111 6112 6108
f 6108 6112 6109
f 6109 6112 6114
f 6114 6112 6113
f 6114 6115 6117
f 6117 6115 6116
f 6113 6118 6114
f 6114 6118 6115
f 6117 6110 6114
f 6114 6110 6109
f 6110 6119 6107
f 6107 6119 6120
f 6112 6111 6113
f 6113 6111 6121
f 6111 6099 6121
f 6121 6099 6098
f 6111 6122 6099
f 6099 6122 6100
f 6123 6122 6108
f 6108 6122 6111
f 6124 6123 6107
f 6107 6123 6108
f 6113 6121 6118
f 6118 6121 6106
f 6106 6121 6097
f 6097 6121 6098
f 6125 6124 6120
f 6120 6124 6107
f 6126 6123 6127
f 6127 6123 6124
f 6125 6128 6124
f 6124 6128 6127
f 6129 6126 6130
f 6130 6126 6127
f 6126 6129 6132
f 6132 6129 6131
f 6128 6133 6127
f 6127 6133 6130
f 6123 6126 6122
f 6122 6126 6132
f 6122 6132 6100
f 6100 6132 6101
f 6120 6134 6125
f 6125 6134 6135
f 6120 6119 6134
f 6134 6119 6136
f 6115 6118 6137
f 6137 6118 6106
f 6115 6137 6116
f 6116 6137 6138
f 6137 6106 6139
f 6139 6106 6105
f 6138 6137 6140
f 6140 6137 6139
f 6141 6142 6138
f 6138 6142 6116
f 6136 6142 6134
f 6134 6142 6141
f 6089 6101 6087
f 6087 6101 6143
f 6088 6144 6094
f 6094 6144 6104
f 6143 6144 6087
f 6087 6144 6088
f 6131 6145 6143
f 6143 6145 6144
f 6129 6146 6131
f 6131 6146 6145
f 6144 6145 6104
f 6104 6145 6147
f 6143 6101 6131
f 6131 6101 6132
f 6148 6103 6147
f 6147 6103 6104
f 6103 6148 6102
f 6102 6148 6105
f 6148 6149 6105
f 6105 6149 6139
f 6149 6148 6150
f 6150 6148 6147
f 6151 6149 6152
f 6152 6149 6150
f 6145 6146 6147
f 6147 6146 6150
f 6146 6153 6150
f 6150 6153 6152
f 6149 6151 6139
f 6139 6151 6140
f 6155 6140 6154
f 6154 6140 6151
f 6154 6157 6156
f 6156 6157 6158
f 6154 6151 6157
f 6157 6151 6152
f 6154 6156 6155
f 6155 6156 6135
f 6155 6135 6141
f 6141 6135 6134
f 6141 6138 6155
f 6155 6138 6140
f 6146 6129 6153
f 6153 6129 6130
f 6158 6153 6133
f 6133 6153 6130
f 6158 6157 6153
f 6153 6157 6152
f 6156 6158 6128
f 6128 6158 6133
f 6128 6125 6156
f 6156 6125 6135
f 6110 6117 6119
f 6119 6117 6136
f 6136 6117 6142
f 6142 6117 6116
f 6055 5615 6056
f 6056 5615 5752
f 6060 6059 6063
f 6063 6059 6064
f 6077 6070 6078
f 6078 6070 6069
f 6069 6071 6078
f 6078 6071 6076
f 6159 6057 6075
f 6075 6057 6060
f 6059 6070 6064
f 6064 6070 6077
f 6056 5752 6090
f 6090 5752 5656
f 6090 6074 6079
f 6079 6074 6073
f 6055 6071 5615
f 5615 6071 5653
f 5547 5471 6160
f 6160 5471 6161
f 5729 5577 6163
f 6163 5577 6162
f 5577 5576 6162
f 6162 5576 6164
f 5713 6165 5711
f 5711 6165 6166
f 5474 5729 6167
f 6167 5729 6163
f 5750 5547 6168
f 6168 5547 6160
f 5471 5474 6161
f 6161 5474 6167
f 6169 5712 6168
f 6168 5712 5750
f 5711 6166 5576
f 5576 6166 6164
f 6165 5713 6169
f 6169 5713 5712
f 6168 6170 6169
f 6169 6170 6171
f 6169 6171 6165
f 6165 6171 6172
f 6165 6172 6166
f 6166 6172 6173
f 6166 6173 6164
f 6164 6173 6174
f 6168 6160 6170
f 6170 6160 6175
f 6160 6161 6175
f 6175 6161 6176
f 6161 6167 6176
f 6176 6167 6177
f 6179 6170 6178
f 6178 6170 6175
f 6181 6182 6180
f 6180 6182 6183
f 6184 6185 6181
f 6181 6185 6182
f 6186 6187 6185
f 6185 6187 6182
f 6186 6188 6187
f 6187 6188 6189
f 6190 6183 6187
f 6187 6183 6182
f 6183 6190 6191
f 6191 6190 6192
f 6191 6193 6183
f 6183 6193 6180
f 6186 6185 6194
f 6194 6185 6184
f 6184 6172 6194
f 6194 6172 6171
f 6184 6195 6172
f 6172 6195 6173
f 6181 6196 6184
f 6184 6196 6195
f 6196 6181 6197
f 6197 6181 6180
f 6186 6194 6188
f 6188 6194 6179
f 6179 6194 6170
f 6170 6194 6171
f 6193 6198 6180
f 6180 6198 6197
f 6199 6196 6200
f 6200 6196 6197
f 6198 6201 6197
f 6197 6201 6200
f 6202 6199 6203
f 6203 6199 6200
f 6199 6202 6205
f 6205 6202 6204
f 6201 6206 6200
f 6200 6206 6203
f 6196 6199 6195
f 6195 6199 6205
f 6195 6205 6173
f 6173 6205 6174
f 6198 6193 6208
f 6208 6193 6207
f 6193 6191 6207
f 6207 6191 6192
f 6189 6188 6209
f 6209 6188 6179
f 6210 6189 6211
f 6211 6189 6209
f 6209 6179 6212
f 6212 6179 6178
f 6211 6209 6213
f 6213 6209 6212
f 6211 6214 6210
f 6210 6214 6215
f 6192 6215 6207
f 6207 6215 6214
f 6190 6187 6210
f 6210 6187 6189
f 6192 6190 6215
f 6215 6190 6210
f 6162 6164 6216
f 6216 6164 6174
f 6167 6163 6177
f 6177 6163 6217
f 6216 6217 6162
f 6162 6217 6163
f 6204 6218 6216
f 6216 6218 6217
f 6202 6219 6204
f 6204 6219 6218
f 6217 6218 6177
f 6177 6218 6220
f 6216 6174 6204
f 6204 6174 6205
f 6221 6176 6220
f 6220 6176 6177
f 6176 6221 6175
f 6175 6221 6178
f 6221 6222 6178
f 6178 6222 6212
f 6222 6221 6223
f 6223 6221 6220
f 6224 6222 6225
f 6225 6222 6223
f 6218 6219 6220
f 6220 6219 6223
f 6219 6226 6223
f 6223 6226 6225
f 6222 6224 6212
f 6212 6224 6213
f 6228 6213 6227
f 6227 6213 6224
f 6229 6227 6231
f 6231 6227 6230
f 6227 6224 6230
f 6230 6224 6225
f 6227 6229 6228
f 6228 6229 6208
f 6228 6208 6214
f 6214 6208 6207
f 6214 6211 6228
f 6228 6211 6213
f 6219 6202 6226
f 6226 6202 6203
f 6231 6226 6206
f 6206 6226 6203
f 6231 6230 6226
f 6226 6230 6225
f 6229 6231 6201
f 6201 6231 6206
f 6201 6198 6229
f 6229 6198 6208
f 5674 5672 5661
f 5661 5672 5662
f 5662 5672 5663
f 5663 5672 5646
f 5651 6042 5652
f 5652 6042 5973
f 5518 5517 5751
f 5751 5517 5733
f 5738 5660 5753
f 5753 5660 5637
f 5752 5636 5656
f 5656 5636 5526
f 5952 6042 5593
f 5593 6042 5651
f 5593 5651 5594
f 5594 5651 5650
f 5600 5737 5514
f 5514 5737 5515
f 5546 5545 5740
f 5740 5545 6232
f 6232 6058 5740
f 5740 6058 6057
f 6067 6058 6233
f 6233 6058 6232
f 6233 6232 6234
f 6234 6232 5545
f 6234 5545 6235
f 6235 5545 5544
f 5606 6236 5543
f 5543 6236 5544
f 6235 5544 5539
f 5539 5544 6236
f 6237 6235 5542
f 5542 6235 5539
f 6235 6237 6234
f 6234 6237 6238
f 6234 6238 6233
f 6233 6238 6239
f 5653 6068 5650
f 5650 6068 6239
f 5642 5513 6240
f 6240 5513 5516
f 5539 6236 5540
f 5540 6236 5606
f 5636 5614 5637
f 5637 5614 5753
f 6239 5737 5650
f 5650 5737 5594
f 6239 6068 6233
f 6233 6068 6067
f 6075 6074 6159
f 6159 6074 5655
f 6057 6159 5740
f 5740 6159 5655
f 5515 5737 6238
f 6238 5737 6239
f 6238 6237 5515
f 5515 6237 5516
f 5542 6240 6237
f 6237 6240 5516
f 6240 5542 5642
f 5642 5542 5541
f 5702 5699 5541
f 5541 5699 5642
f 5582 5475 5717
f 5470 5443 5537
f 5537 5443 5504
f 5469 5444 5470
f 5470 5444 5443
f 5726 5557 5727
f 5727 5557 5556
f 5537 5504 5511
f 5511 5504 5506
f 5504 5503 5506
f 5506 5503 5507
f 5503 5455 5507
f 5507 5455 5581
f 5455 5454 5581
f 5581 5454 5456
f 5473 5453 5474
f 5474 5453 5729
f 5457 5454 5473
f 5473 5454 5453
f 5473 5472 5457
f 5457 5472 5686
f 5472 5548 5686
f 5686 5548 5687
f 5749 5693 5548
f 5548 5693 5687
f 5715 5532 5749
f 5749 5532 5693
f 5714 5486 5715
f 5715 5486 5532
f 5714 5710 5486
f 5486 5710 5449
f 5728 5578 5729
f 5729 5578 5577
f 5452 5445 5698
f 5698 5445 5558
f 5445 5444 5558
f 5558 5444 5556
f 5444 5469 5556
f 5556 5469 5727
f 5469 5468 5727
f 5727 5468 5555
f 5468 5747 5555
f 5555 5747 5552
f 5747 5700 5552
f 5552 5700 5716
f 5700 5699 5716
f 5716 5699 5717
f 5699 5702 5717
f 5717 5702 5582
f 5702 5701 5582
f 5582 5701 5583
f 5726 5479 5557
f 5557 5479 5483
f 5483 5479 5484
f 5484 5479 5482
f 5534 5533 5482
f 5482 5533 5484
f 5691 5688 5534
f 5534 5688 5533
f 5644 5647 5691
f 5691 5647 5688
f 5719 5746 5701
f 5701 5746 5583
f 5718 5497 5719
f 5719 5497 5746
f 5718 5605 5654
f 5654 5605 5638
f 5498 5654 5657
f 5657 5654 5633
f 5497 5718 5498
f 5498 5718 5654
f 5657 5527 5498
f 5498 5527 5494
f 5528 5570 5495
f 5495 5570 5521
f 5665 5668 5528
f 5528 5668 5570
f 5664 5671 5665
f 5665 5671 5668
f 5645 5741 5664
f 5664 5741 5671
f 5644 5696 5645
f 5645 5696 5741
f 5710 5575 5449
f 5449 5575 5450
f 5575 5578 5450
f 5450 5578 5698
f 5578 5728 5698
f 5698 5728 5452
f 5452 5728 5451
f 5451 5728 5453
f 3619 6241 3620
f 3620 6241 6242
f 6243 6244 3628
f 3628 6244 3629
f 6245 6246 3634
f 3634 6246 3631
f 6247 6248 3636
f 3636 6248 3637
f 6249 6250 3642
f 3642 6250 3639
f 3639 6250 3643
f 3643 6250 6251
f 3743 6252 3744
f 3744 6252 6253
f 6246 6243 3631
f 3631 6243 3628
f 3753 6254 3754
f 3754 6254 6255
f 3857 6256 3619
f 3619 6256 6241
f 6257 6245 3932
f 3932 6245 3634
f 6242 6247 3620
f 3620 6247 3636
f 6258 6259 3946
f 3946 6259 3947
f 6260 6249 3948
f 3948 6249 3642
f 6244 6258 3629
f 3629 6258 3946
f 3947 6259 3753
f 3753 6259 6254
f 6248 6260 3637
f 3637 6260 3948
f 3643 6251 3743
f 3743 6251 6252
f 3744 6253 3932
f 3932 6253 6257
f 6250 6249 6251
f 6251 6249 6252
f 6245 6261 6246
f 6246 6261 6262
f 6263 6264 6247
f 6247 6264 6248
f 6252 6265 6253
f 6253 6265 6266
f 6246 6262 6243
f 6243 6262 6267
f 6268 6261 6257
f 6257 6261 6245
f 6269 6263 6242
f 6242 6263 6247
f 6270 6271 6260
f 6260 6271 6249
f 6264 6270 6248
f 6248 6270 6260
f 6253 6266 6257
f 6257 6266 6268
f 6249 6271 6252
f 6252 6271 6265
f 6254 6259 6272
f 6272 6259 6273
f 6266 6265 6270
f 6270 6265 6271
f 6268 6266 6264
f 6264 6266 6270
f 6261 6268 6263
f 6263 6268 6264
f 6269 6262 6263
f 6263 6262 6261
f 4186 4185 6274
f 6274 4185 6275
f 6241 6276 6242
f 6242 6276 6269
f 6258 6244 6277
f 6277 6244 6278
f 6256 6279 6241
f 6241 6279 6276
f 6259 6258 6273
f 6273 6258 6277
f 6243 6267 6244
f 6244 6267 6278
f 6276 6267 6269
f 6269 6267 6262
f 6254 6272 6255
f 6255 6272 6280
f 3865 3713 3888
f 3888 3713 3685
f 5242 5233 3892
f 3892 5233 3711
f 3900 5243 3892
f 3892 5243 5242
f 3734 3866 3900
f 3900 3866 5243
f 4117 6281 4118
f 4118 6281 6282
f 4118 6282 4278
f 4278 6282 4879
f 4717 4887 4718
f 4718 4887 4280
f 4792 4278 4882
f 4882 4278 4879
f 4795 4792 6283
f 6283 4792 4882
f 4852 4851 5012
f 5012 4851 6284
f 4856 5207 4857
f 4857 5207 4858
f 4860 4279 4857
f 4857 4279 4854
f 4718 4280 4860
f 4860 4280 4279
f 4864 4863 4745
f 4745 4863 4742
f 5366 4867 5011
f 5011 4867 4866
f 4871 4884 4872
f 4872 4884 4883
f 4872 4883 4117
f 4117 4883 6281
f 6284 4851 6283
f 6283 4851 4795
f 4852 4866 4853
f 4853 4866 4865
f 4871 4870 4856
f 4856 4870 5207
f 4717 4716 4864
f 4864 4716 4861
f 4868 4867 4862
f 4862 4867 4863
f 4268 4855 4269
f 4269 4855 4854
f 4281 4274 4282
f 4282 4274 4765
f 4744 4743 4907
f 4907 4743 4904
f 4874 4881 4820
f 4820 4881 4880
f 4885 5013 4886
f 4886 5013 4980
f 4888 4275 4281
f 4281 4275 4274
f 4902 6282 4903
f 4903 6282 6281
f 6283 4979 6284
f 6284 4979 4978
f 4282 4765 4269
f 4269 4765 4266
f 4880 4879 4902
f 4902 4879 6282
f 4903 6281 4886
f 4886 6281 4883
f 4882 4881 6283
f 6283 4881 4979
f 5013 4885 4267
f 4267 4885 4268
f 4888 4887 4744
f 4744 4887 4745
f 4410 6285 4411
f 4411 6285 4812
f 4750 4749 6286
f 6286 4749 6287
f 6289 4695 6288
f 6288 4695 4255
f 4750 4675 4751
f 4751 4675 4965
f 6290 6291 4963
f 4963 6291 4960
f 4807 4806 4411
f 4411 4806 4408
f 6292 6293 4959
f 4959 6293 4956
f 4958 6294 4959
f 4959 6294 4955
f 4962 4964 4963
f 4963 4964 4805
f 4962 4961 4751
f 4751 4961 4748
f 6296 6297 6295
f 6295 6297 6298
f 6299 6300 6288
f 6288 6300 4735
f 6302 4961 6301
f 6301 4961 4960
f 6304 6287 6303
f 6303 6287 4749
f 4968 6305 4969
f 4969 6305 6306
f 4413 6308 6307
f 6307 6308 4900
f 6301 4960 6309
f 6309 4960 6291
f 4412 4408 6310
f 6310 4408 4806
f 4696 6311 4256
f 4256 6311 6312
f 6303 4749 6313
f 6313 4749 4748
f 6313 4748 6302
f 6302 4748 4961
f 6315 6316 6314
f 6314 6316 6317
f 4084 6318 6315
f 6315 6318 6316
f 4083 6319 4084
f 4084 6319 6318
f 4112 6320 4083
f 4083 6320 6319
f 6322 4138 6321
f 6321 4138 4137
f 6324 4128 6323
f 6323 4128 4127
f 4127 4193 6323
f 6323 4193 6325
f 4193 4891 6325
f 6325 4891 6326
f 4891 6327 6326
f 6326 6327 6328
f 6327 4824 5227
f 5227 4824 5228
f 5231 4684 6329
f 6329 4684 4683
f 4683 4099 6329
f 6329 4099 6330
f 4099 4102 6330
f 6330 4102 6331
f 4174 4826 4429
f 4429 4826 4829
f 4173 4741 4174
f 4174 4741 4826
f 4180 4738 4173
f 4173 4738 4741
f 6332 6333 4180
f 4180 6333 4738
f 6274 6334 4186
f 4186 6334 4188
f 4181 4825 4180
f 4180 4825 6332
f 5044 5213 5045
f 5045 5213 5165
f 5046 5087 5047
f 5047 5087 5222
f 5077 5063 5078
f 5078 5063 5198
f 5081 5099 5082
f 5082 5099 5194
f 5095 5074 5096
f 5096 5074 5073
f 5373 5170 5096
f 5096 5170 5093
f 5375 5171 5373
f 5373 5171 5170
f 5047 5222 5375
f 5375 5222 5171
f 5046 5038 5376
f 5376 5038 5067
f 5377 5086 5376
f 5376 5086 5085
f 5045 5165 5377
f 5377 5165 5086
f 5378 5214 5044
f 5044 5214 5213
f 5077 5034 5378
f 5378 5034 5214
f 5082 5194 5078
f 5078 5194 5035
f 5081 5080 5379
f 5379 5080 6335
f 5379 6335 5095
f 5095 6335 5074
f 5032 5080 5033
f 5033 5080 5079
f 5040 5017 5041
f 5041 5017 5016
f 5050 5043 5051
f 5051 5043 5042
f 5065 5023 5066
f 5066 5023 5022
f 5050 5049 5065
f 5065 5049 5023
f 5041 5016 5068
f 5068 5016 5020
f 5071 5374 5072
f 5072 5374 5200
f 5075 5156 5076
f 5076 5156 5155
f 5162 5212 5068
f 5068 5212 5067
f 5075 5074 5192
f 5192 5074 6335
f 5066 5022 5199
f 5199 5022 5196
f 5076 5155 5072
f 5072 5155 5069
f 5040 5039 5071
f 5071 5039 5374
f 5162 5161 5051
f 5051 5161 5048
f 5192 6335 5032
f 5032 6335 5080
f 5199 5196 5033
f 5033 5196 5030
f 5018 5211 5019
f 5019 5211 5408
f 5019 5408 5021
f 5021 5408 5163
f 5024 5057 5025
f 5025 5057 5415
f 5028 5048 5029
f 5029 5048 5161
f 5054 5031 5055
f 5055 5031 5030
f 5024 5023 5058
f 5058 5023 5049
f 5061 5070 5062
f 5062 5070 5069
f 5157 5438 5158
f 5158 5438 5442
f 5160 5191 5054
f 5054 5191 5031
f 5029 5161 5021
f 5021 5161 5020
f 5025 5415 5197
f 5197 5415 5220
f 5158 5442 5062
f 5062 5442 5059
f 5018 5017 5061
f 5061 5017 5070
f 5160 5159 5157
f 5157 5159 5438
f 5028 5027 5058
f 5058 5027 5056
f 5055 5030 5197
f 5197 5030 5196
f 5409 5380 5410
f 5410 5380 6336
f 5026 5413 5027
f 5027 5413 5412
f 5396 5417 5393
f 5393 5417 5416
f 5416 5057 5419
f 5419 5057 5056
f 5417 5396 5426
f 5426 5396 5420
f 5427 5423 5428
f 5428 5423 5422
f 5427 5059 5430
f 5430 5059 5442
f 5409 5408 5433
f 5433 5408 5211
f 5433 5211 5428
f 5428 5211 5060
f 5412 5411 5419
f 5419 5411 5418
f 5436 5053 5437
f 5437 5053 5052
f 5439 5402 5440
f 5440 5402 5401
f 5436 5435 5439
f 5439 5435 5402
f 5410 6336 5413
f 5413 6336 5414
f 5440 5401 5430
f 5430 5401 5429
f 5426 5420 5437
f 5437 5420 5434
f 5382 5432 5383
f 5383 5432 5384
f 5386 6336 5383
f 5383 6336 5380
f 6336 5386 5414
f 5414 5386 5388
f 5391 5418 5392
f 5392 5418 5411
f 5705 5395 5704
f 5704 5395 5394
f 5399 5435 5400
f 5400 5435 5434
f 5403 5441 5404
f 5404 5441 5405
f 5407 5429 5404
f 5404 5429 5401
f 5395 5705 5421
f 5421 5705 5748
f 5424 5706 5425
f 5425 5706 5431
f 5391 5390 5394
f 5394 5390 5704
f 5392 5388 5389
f 5389 5388 5387
f 5382 5381 5425
f 5425 5381 5422
f 5407 5406 5424
f 5424 5406 5706
f 5403 5402 5399
f 5399 5402 5435
f 5421 5748 5400
f 5400 5748 5397
f 4097 4721 4098
f 4098 4721 4231
f 4233 5273 4098
f 4098 5273 4095
f 6337 6338 4785
f 4785 6338 4786
f 4076 4780 4073
f 4073 4780 4781
f 4782 4190 4781
f 4781 4190 4073
f 4783 4901 4782
f 4782 4901 4190
f 4780 4076 4097
f 4097 4076 4721
f 6337 2879 4701
f 4701 2879 2878
f 5280 6339 5272
f 5272 6339 6340
f 5282 5281 6341
f 6341 5281 6342
f 4109 6302 4110
f 4110 6302 6301
f 4283 6304 4284
f 4284 6304 6303
f 6305 4379 6306
f 6306 4379 4378
f 4110 6301 4428
f 4428 6301 6309
f 6310 4688 4412
f 4412 4688 4687
f 4284 6303 4753
f 4753 6303 6313
f 4753 6313 4109
f 4109 6313 6302
f 6343 5226 4428
f 4428 5226 4427
f 4147 4900 4416
f 4416 4900 6308
f 6312 6311 4241
f 4241 6311 4720
f 5223 6344 4702
f 4702 6344 4699
f 4221 4220 6345
f 6345 4220 6346
f 5276 5275 6347
f 6347 5275 6348
f 5275 4728 6348
f 6348 4728 6349
f 4727 6350 5284
f 5284 6350 5285
f 6351 6352 6354
f 6354 6352 6353
f 5313 5312 5292
f 5292 5312 5293
f 5312 5344 5293
f 5293 5344 5337
f 5344 4914 5337
f 5337 4914 4916
f 4914 4913 4916
f 4916 4913 4917
f 4913 6355 4917
f 4917 6355 4978
f 6356 6357 6284
f 6284 6357 5012
f 6357 6358 5012
f 5012 6358 5011
f 5011 6358 5366
f 5366 6358 6359
f 6360 4742 6359
f 6359 4742 5366
f 4743 6361 4904
f 4904 6361 5364
f 5363 4905 5364
f 5364 4905 4904
f 5363 6362 4905
f 4905 6362 4207
f 6362 6363 4207
f 4207 6363 4208
f 6363 5342 4208
f 4208 5342 5330
f 5342 5341 5330
f 5330 5341 4244
f 5341 6364 4244
f 4244 6364 4245
f 6364 6365 4245
f 4245 6365 4246
f 6366 6367 4253
f 4253 6367 4250
f 4214 6368 4211
f 4211 6368 4380
f 4380 4379 4211
f 4211 4379 4283
f 4379 6305 4283
f 4283 6305 6304
f 6305 4968 6304
f 6304 4968 6287
f 4968 4967 6287
f 6287 4967 6286
f 4967 6297 6286
f 6286 6297 4676
f 6296 4376 4288
f 4288 4376 4285
f 4376 4373 4285
f 4285 4373 4290
f 6369 6370 6372
f 6372 6370 6371
f 5245 6373 5246
f 5246 6373 6374
f 4317 6375 4318
f 4318 6375 6376
f 4331 6377 4332
f 4332 6377 6378
f 6379 4333 6376
f 6376 4333 4318
f 4343 6380 4344
f 4344 6380 6381
f 4347 6382 4348
f 4348 6382 6383
f 4374 6371 4331
f 4331 6371 6377
f 4333 6379 4426
f 4426 6379 6384
f 4690 6385 4347
f 4347 6385 6382
f 4332 6378 4317
f 4317 6378 6375
f 4922 6386 4923
f 4923 6386 6387
f 6388 6389 4375
f 4375 6389 6390
f 6355 6356 4978
f 4978 6356 6284
f 4742 6360 4743
f 4743 6360 6361
f 6391 4238 6392
f 6392 4238 4719
f 6392 4719 6393
f 6393 4719 5296
f 6395 6396 6394
f 6394 6396 6397
f 6399 6400 6398
f 6398 6400 6401
f 6402 5302 6403
f 6403 5302 5303
f 5303 5321 6403
f 6403 5321 6404
f 5320 6405 5321
f 5321 6405 6404
f 5319 6406 5350
f 5350 6406 5351
f 5319 5318 6406
f 6406 5318 6407
f 5288 4197 6408
f 6408 4197 6409
f 4217 4216 6410
f 6410 4216 6411
f 5227 6412 6327
f 6327 6412 6328
f 4892 6413 5227
f 5227 6413 6412
f 4228 6414 4892
f 4892 6414 6413
f 4227 6415 4228
f 4228 6415 6414
f 4248 6416 4227
f 4227 6416 6415
f 4247 6417 4248
f 4248 6417 6416
f 6417 4247 6419
f 6419 4247 6418
f 6419 6418 6421
f 6421 6418 6420
f 6422 5301 6423
f 6423 5301 5300
f 6423 5300 6424
f 6424 5300 6399
f 6408 6409 6398
f 6398 6409 6425
f 6426 6427 6397
f 6397 6427 6394
f 6428 4224 6429
f 6429 4224 4223
f 6347 6346 5276
f 5276 6346 4220
f 6346 6347 6341
f 6341 6347 6339
f 5280 5278 5282
f 5282 5278 4236
f 4896 5224 4684
f 4684 5224 4681
f 4132 4135 4896
f 4896 4135 5224
f 4131 4136 4132
f 4132 4136 4135
f 4226 4754 4131
f 4131 4754 4136
f 4251 4213 4226
f 4226 4213 4754
f 4250 4214 4251
f 4251 4214 4213
f 4250 6367 4214
f 4214 6367 6368
f 6367 4910 6368
f 6368 4910 4737
f 4909 5297 4736
f 4736 5297 5296
f 5297 6395 5296
f 5296 6395 6393
f 6427 6430 6394
f 6394 6430 6431
f 6429 4383 6428
f 6428 4383 4382
f 4219 5277 4220
f 4220 5277 5276
f 4222 4697 4383
f 4383 4697 4218
f 6345 4699 4221
f 4221 4699 6344
f 6342 4700 6345
f 6345 4700 4699
f 4235 4786 5281
f 5281 4786 6338
f 4234 4787 4235
f 4235 4787 4786
f 5279 5278 6432
f 6432 5278 5271
f 4237 5279 6433
f 6433 5279 6432
f 4787 4234 6433
f 6433 4234 4237
f 6435 6436 6434
f 6434 6436 6437
f 6359 6438 6360
f 6360 6438 6437
f 6439 6440 6441
f 6441 6440 6438
f 6443 6439 6442
f 6442 6439 6441
f 6357 6356 6442
f 6442 6356 6444
f 6444 6446 6445
f 6445 6446 6447
f 4912 6446 4913
f 4913 6446 6355
f 6361 6436 5364
f 5364 6436 5365
f 5319 5350 5316
f 5316 5350 6448
f 4832 6449 5350
f 5350 6449 6448
f 4831 6450 4832
f 4832 6450 6449
f 5354 6451 5320
f 5320 6451 6405
f 4265 6452 5354
f 5354 6452 6451
f 4264 6453 4265
f 4265 6453 6452
f 6450 4831 6447
f 6447 4831 6445
f 4263 6435 4264
f 4264 6435 6434
f 6454 6453 6439
f 6439 6453 6440
f 6439 6443 6454
f 6454 6443 4834
f 4833 6455 4834
f 4834 6455 6454
f 5351 6456 4833
f 4833 6456 6455
f 6457 6391 6458
f 6458 6391 6392
f 6458 6392 6431
f 6431 6392 6393
f 5298 6396 5297
f 5297 6396 6395
f 6402 6400 5302
f 5302 6400 5299
f 6402 6403 6459
f 6459 6403 6460
f 6460 6403 6461
f 6461 6403 6404
f 6405 6462 6404
f 6404 6462 6461
f 6406 6462 5351
f 5351 6462 6456
f 6406 6407 6462
f 6462 6407 6461
f 6407 6463 6461
f 6461 6463 6460
f 6463 6464 6460
f 6460 6464 6459
f 6464 6465 6459
f 6459 6465 6401
f 6430 6466 6431
f 6431 6466 6458
f 6466 6410 6458
f 6458 6410 6457
f 6410 6411 6457
f 6457 6411 6467
f 6396 6424 6397
f 6397 6424 6425
f 6393 6395 6431
f 6431 6395 6394
f 6451 6456 6405
f 6405 6456 6462
f 6452 6455 6451
f 6451 6455 6456
f 6453 6454 6452
f 6452 6454 6455
f 6443 6445 4834
f 4834 6445 4831
f 6440 6453 6434
f 6434 6453 4264
f 6468 5306 5360
f 5360 5306 5305
f 6469 4124 6468
f 6468 4124 5306
f 6470 4125 6469
f 6469 4125 4124
f 6471 5291 6470
f 6470 5291 4125
f 6353 5292 6471
f 6471 5292 5291
f 5292 6353 5313
f 5313 6353 6352
f 5347 5314 6352
f 6352 5314 5313
f 5353 5318 5346
f 5346 5318 5317
f 5334 6468 5358
f 5358 6468 5360
f 5324 6469 5334
f 5334 6469 6468
f 5323 6470 5324
f 5324 6470 6469
f 5343 6471 5323
f 5323 6471 6470
f 6354 6353 5343
f 5343 6353 6471
f 6348 6349 4270
f 4270 6349 5311
f 5272 6340 5273
f 5273 6340 4272
f 6432 5271 4232
f 4232 5271 4233
f 4294 6432 4295
f 4295 6432 4232
f 6432 4294 6433
f 6433 4294 4301
f 4301 4300 6433
f 6433 4300 4787
f 4704 4784 4300
f 4300 4784 4787
f 4704 3013 4784
f 4784 3013 1307
f 5103 6472 5104
f 5104 6472 5202
f 5108 5116 5105
f 5105 5116 5115
f 5111 5124 5112
f 5112 5124 5123
f 5154 5205 5105
f 5105 5205 5106
f 5167 5180 5168
f 5168 5180 5185
f 5175 5188 5176
f 5176 5188 5187
f 5112 5123 5178
f 5178 5123 5120
f 5167 5090 5183
f 5183 5090 5089
f 5210 5151 5183
f 5183 5151 5181
f 5216 5138 5217
f 5217 5138 5137
f 5218 5119 5219
f 5219 5119 5221
f 5218 5178 5119
f 5119 5178 5120
f 5217 5137 5104
f 5104 5137 5101
f 5116 5108 5221
f 5221 5108 5219
f 5111 5110 5210
f 5210 5110 5151
f 5154 5153 5103
f 5103 5153 6472
f 5216 5215 5176
f 5176 5215 5173
f 5175 5174 5168
f 5168 5174 5166
f 5091 5172 5092
f 5092 5172 5208
f 5117 5037 5118
f 5118 5037 5036
f 5121 5164 5122
f 5122 5164 5133
f 5125 5084 5126
f 5126 5084 5083
f 5129 5174 5130
f 5130 5174 5173
f 5131 5202 5132
f 5132 5202 6472
f 5135 5221 5122
f 5122 5221 5119
f 5125 5124 5136
f 5136 5124 5209
f 5126 5083 5121
f 5121 5083 5164
f 5118 5036 5195
f 5195 5036 5193
f 5131 5097 5203
f 5203 5097 5114
f 5132 6472 5195
f 5195 6472 5153
f 5136 5209 5092
f 5092 5209 5089
f 5135 5134 5117
f 5117 5134 5037
f 5362 5206 5130
f 5130 5206 5127
f 5372 5371 5128
f 5128 5371 5129
f 5371 5372 5091
f 5091 5372 5172
f 5362 5215 5203
f 5203 5215 5201
f 6463 6407 5353
f 5353 6407 5318
f 6464 6463 5352
f 5352 6463 5353
f 6408 6465 5288
f 5288 6465 5289
f 4196 4224 6426
f 6426 4224 6427
f 6430 6427 6428
f 6428 6427 4224
f 6466 6430 4382
f 4382 6430 6428
f 6410 6466 4217
f 4217 6466 4382
f 4240 4239 3015
f 3015 4239 3016
f 4254 4257 3017
f 3017 4257 3018
f 6473 6474 4732
f 4732 6474 6475
f 6474 6374 6475
f 6475 6374 6373
f 5246 6374 3022
f 3022 6374 3023
f 4254 6299 4255
f 4255 6299 6288
f 6473 6300 3024
f 3024 6300 3025
f 6476 4257 6312
f 6312 4257 4256
f 4240 6476 4241
f 4241 6476 6312
f 6477 4239 6391
f 6391 4239 4238
f 6467 6477 6457
f 6457 6477 6391
f 6411 3029 6467
f 6467 3029 3028
f 4216 3030 6411
f 6411 3030 3029
f 6479 6480 6478
f 6478 6480 6481
f 6483 6484 6482
f 6482 6484 6485
f 6486 6487 4102
f 4102 6487 6331
f 6483 6488 6478
f 6478 6488 6489
f 4429 4829 6490
f 6490 4829 6479
f 6491 6486 4101
f 4101 6486 4102
f 4895 6491 4899
f 4899 6491 4101
f 4160 6488 4157
f 4157 6488 6492
f 6489 4087 6490
f 6490 4087 4090
f 4267 4261 5013
f 5013 4261 4260
f 4258 4261 5328
f 5328 4261 4975
f 4261 4267 4975
f 4975 4267 4266
f 5367 3793 3912
f 3912 3793 3575
f 6494 3616 6493
f 6493 3616 3795
f 6496 3589 6495
f 6495 3589 3588
f 6495 3588 5368
f 5368 3588 3794
f 3841 3840 3050
f 3050 3840 3051
f 3912 3911 3052
f 3052 3911 3053
f 3929 3930 3054
f 3054 3930 3055
f 5370 3930 3916
f 3916 3930 3923
f 3938 5369 3807
f 3807 5369 3915
f 3589 6496 3806
f 3806 6496 3937
f 3938 3937 3056
f 3056 3937 3057
f 3051 3840 3058
f 3058 3840 3943
f 3730 4808 3727
f 3727 4808 3943
f 3820 3951 3795
f 3795 3951 6493
f 3951 3841 3059
f 3059 3841 3050
f 3911 3574 6494
f 6494 3574 3616
f 3823 3929 3824
f 3824 3929 3952
f 4061 4060 3060
f 3060 4060 3061
f 6497 6498 4901
f 4901 6498 4790
f 6333 6499 4738
f 4738 6499 4739
f 6500 6501 6314
f 6314 6501 4418
f 6502 6275 4417
f 4417 6275 4185
f 6503 6497 4783
f 4783 6497 4901
f 6498 4060 4790
f 4790 4060 4059
f 4808 4061 3069
f 3069 4061 3060
f 5367 3071 5368
f 5368 3071 3070
f 5369 3073 5370
f 5370 3073 3072
f 6274 6275 3074
f 3074 6275 3075
f 6499 6504 4739
f 4739 6504 6317
f 6333 6332 3077
f 3077 6332 3078
f 6334 6274 3079
f 3079 6274 3074
f 6332 4825 3078
f 3078 4825 3080
f 6334 6503 4188
f 4188 6503 4783
f 4825 4689 3080
f 3080 4689 1330
f 6506 4747 6505
f 6505 4747 4746
f 6505 6507 6506
f 6506 6507 6508
f 4297 6509 4920
f 4920 6509 6510
f 4296 6511 4297
f 4297 6511 6509
f 6506 6508 4319
f 4319 6508 6512
f 4372 4371 6514
f 6514 4371 6513
f 6511 4296 5251
f 5251 4296 4305
f 5251 5250 6511
f 6511 5250 6515
f 6516 6509 6515
f 6515 6509 6511
f 6517 6507 6519
f 6519 6507 6518
f 6512 6520 6513
f 6513 6520 6514
f 6507 6517 6508
f 6508 6517 6521
f 5249 6523 6522
f 6522 6523 6524
f 6525 6370 5253
f 5253 6370 6526
f 4370 4323 4371
f 4371 4323 4326
f 4370 3103 4323
f 4323 3103 1541
f 6521 6517 6527
f 6527 6517 6519
f 6520 6528 6514
f 6514 6528 6529
f 6531 6532 6530
f 6530 6532 6533
f 5250 6534 6515
f 6515 6534 6535
f 6530 6533 6536
f 6536 6533 6537
f 6526 6538 6534
f 6534 6538 6537
f 6515 6535 6516
f 6516 6535 6539
f 4325 4321 4326
f 4326 4321 4320
f 4371 4326 6513
f 6513 4326 4320
f 6531 4731 6541
f 6541 4731 6540
f 4731 4730 6540
f 6540 4730 6542
f 4730 3121 6542
f 6542 3121 3120
f 6530 4328 6531
f 6531 4328 4731
f 4328 6530 4329
f 4329 6530 6536
f 4329 6536 6524
f 6524 6536 6543
f 6544 6545 6522
f 6522 6545 5248
f 6389 6388 5245
f 5245 6388 6373
f 6388 6546 6373
f 6373 6546 6475
f 4733 6546 6295
f 6295 6546 4377
f 4732 6475 4733
f 4733 6475 6546
f 4393 4432 4394
f 4394 4432 4435
f 4434 4672 4842
f 4842 4672 4671
f 4440 4439 4441
f 4441 4439 4438
f 4436 4450 4437
f 4437 4450 4398
f 4447 4444 4448
f 4448 4444 4392
f 4446 4464 4433
f 4433 4464 6547
f 4454 4423 4455
f 4455 4423 4422
f 4452 4481 4453
f 4453 4481 4480
f 4458 4389 4459
f 4459 4389 4388
f 4456 4471 4457
f 4457 4471 4468
f 4391 4460 4392
f 4392 4460 4448
f 4461 4467 4445
f 4445 4467 4465
f 4437 4398 4629
f 4629 4398 4397
f 4438 4628 4441
f 4441 4628 4631
f 4841 4629 4839
f 4839 4629 4397
f 4628 4842 4631
f 4631 4842 4671
f 4930 4989 4452
f 4452 4989 4481
f 4929 4927 4436
f 4436 4927 4450
f 4933 4387 4934
f 4934 4387 4386
f 4931 4475 4932
f 4932 4475 4474
f 4936 4449 4933
f 4933 4449 4387
f 4935 4472 4456
f 4456 4472 4471
f 4389 4458 4391
f 4391 4458 4460
f 4457 4468 4461
f 4461 4468 4467
f 4934 4386 4454
f 4454 4386 4423
f 4453 4480 4931
f 4931 4480 4475
f 4575 4997 4576
f 4576 4997 4639
f 4579 4596 4580
f 4580 4596 4595
f 4583 4582 4572
f 4572 4582 4569
f 4587 4944 4588
f 4588 4944 4562
f 4588 4562 4590
f 4590 4562 4561
f 4576 4639 4642
f 4642 4639 4638
f 4642 4845 4641
f 4641 4845 4846
f 4845 4590 4846
f 4846 4590 4561
f 4941 4938 4595
f 4595 4938 4580
f 4938 4940 4668
f 4668 4940 4669
f 4583 4942 4584
f 4584 4942 4947
f 4582 4587 4569
f 4569 4587 4586
f 5000 5001 4579
f 4579 5001 4596
f 4558 4560 4585
f 4585 4560 4586
f 4565 4639 4566
f 4566 4639 4997
f 4568 4567 4577
f 4577 4567 4578
f 4570 4554 4571
f 4571 4554 4556
f 4640 4565 4637
f 4637 4565 4546
f 4662 4664 4665
f 4665 4664 4844
f 4662 4558 4589
f 4589 4558 4585
f 4554 4570 4557
f 4557 4570 4560
f 4571 4667 4572
f 4572 4667 4943
f 4551 4670 4552
f 4552 4670 4666
f 4640 4664 4638
f 4638 4664 4663
f 4670 4568 4668
f 4668 4568 4577
f 4999 4996 4566
f 4566 4996 4543
f 4608 4564 4603
f 4603 4564 4563
f 4573 4593 4574
f 4574 4593 4592
f 4597 4614 4598
f 4598 4614 4613
f 4601 4600 4584
f 4584 4600 4581
f 4563 4562 4604
f 4604 4562 4944
f 4643 4593 4641
f 4641 4593 4573
f 4643 4847 4644
f 4644 4847 4848
f 4564 4847 4561
f 4561 4847 4846
f 4945 4941 4598
f 4598 4941 4595
f 4941 4945 4939
f 4939 4945 4946
f 4601 4948 4602
f 4602 4948 4620
f 4600 4604 4581
f 4581 4604 4944
f 5002 5003 4597
f 4597 5003 4614
f 4988 4759 4953
f 4953 4759 4402
f 4706 6548 4707
f 4707 6548 6549
f 4311 4928 4419
f 4419 4928 6550
f 4921 4920 6551
f 6551 4920 6552
f 4925 6553 4926
f 4926 6553 6554
f 4928 4921 4802
f 4802 4921 6551
f 6555 4985 6550
f 6550 4985 4419
f 4952 6556 4953
f 4953 6556 4649
f 4971 6557 4706
f 4706 6557 6548
f 4988 4648 4925
f 4925 4648 6553
f 4707 6549 5006
f 5006 6549 4987
f 4920 6510 6552
f 6552 6510 6518
f 6558 6510 6516
f 6516 6510 6509
f 6559 6558 6539
f 6539 6558 6516
f 6531 6541 6532
f 6532 6541 6560
f 6540 6561 6541
f 6541 6561 6529
f 6542 6562 6540
f 6540 6562 6561
f 6542 3120 6562
f 6562 3120 3142
f 4366 6563 4760
f 4760 6563 4970
f 4815 6564 4816
f 4816 6564 6565
f 3147 3146 6565
f 6565 3146 4816
f 6564 6563 6565
f 6565 6563 6566
f 4837 4385 4357
f 4357 4385 4358
f 6565 6566 3147
f 3147 6566 3149
f 4694 1209 3150
f 5247 5249 5248
f 5248 5249 6522
f 6372 6390 6545
f 6545 6390 6389
f 6375 5254 6376
f 6376 5254 5258
f 6377 6525 6378
f 6378 6525 5255
f 5260 6379 5258
f 5258 6379 6376
f 6380 6567 6381
f 6381 6567 6568
f 6382 6569 6383
f 6383 6569 6570
f 6377 6371 6525
f 6525 6371 6370
f 6379 5260 6384
f 6384 5260 6571
f 6385 6572 6382
f 6382 6572 6569
f 6378 5255 6375
f 6375 5255 5254
f 6386 6573 6387
f 6387 6573 6574
f 6545 6389 5248
f 5248 6389 5245
f 4675 4750 4676
f 4676 4750 6286
f 4734 6289 4735
f 4735 6289 6288
f 4804 6290 4805
f 4805 6290 4963
f 4811 4807 4812
f 4812 4807 4411
f 4954 6292 4955
f 4955 6292 4959
f 4964 4962 4965
f 4965 4962 4751
f 6285 4821 4812
f 4812 4821 4809
f 4675 4287 4965
f 4965 4287 4210
f 6294 4145 4955
f 4955 4145 4154
f 4964 4120 4805
f 4805 4120 4119
f 6298 4966 4734
f 4734 4966 6289
f 6300 6473 4735
f 4735 6473 4732
f 6297 6296 4676
f 4676 6296 4288
f 6523 3160 4330
f 4330 3160 3159
f 5253 5252 6525
f 6525 5252 5255
f 5256 5252 4305
f 4305 5252 5251
f 4304 5257 4305
f 4305 5257 5256
f 4424 5259 4304
f 4304 5259 5257
f 5261 6571 5259
f 5259 6571 5260
f 5262 6573 5261
f 5261 6573 6571
f 5264 6567 5265
f 5265 6567 6574
f 5266 6572 5267
f 5267 6572 6568
f 5268 6570 5269
f 5269 6570 6569
f 1807 3161 5268
f 5268 3161 6570
f 6524 6523 4329
f 4329 6523 4330
f 5253 6526 5250
f 5250 6526 6534
f 6543 6538 6544
f 6544 6538 6369
f 6524 6543 6522
f 6522 6543 6544
f 3071 5367 3052
f 3052 5367 3912
f 6493 3163 6494
f 6494 3163 3162
f 3164 445 3771
f 3771 445 3761
f 461 3165 3919
f 3919 3165 3920
f 330 410 3839
f 3839 410 3910
f 332 331 3552
f 3552 331 3551
f 464 304 3918
f 3918 304 3816
f 385 458 3766
f 3766 458 3894
f 412 415 3762
f 3762 415 3763
f 3166 337 3748
f 3748 337 3745
f 3072 3055 5370
f 5370 3055 3930
f 3073 5369 3056
f 3056 5369 3938
f 3167 3057 6496
f 6496 3057 3937
f 3069 3058 4808
f 4808 3058 3943
f 411 3166 3851
f 3851 3166 3748
f 3059 3163 3951
f 3951 3163 6493
f 336 3164 3772
f 3772 3164 3771
f 3053 3911 3162
f 3162 3911 6494
f 3054 3168 3929
f 3929 3168 3952
f 3165 830 3920
f 3920 830 3945
f 3170 3169 6497
f 6497 3169 6498
f 3171 1354 5005
f 5005 1354 4830
f 3172 3170 6503
f 6503 3170 6497
f 3169 3061 6498
f 6498 3061 4060
f 3173 3171 5006
f 5006 3171 5005
f 3079 3172 6334
f 6334 3172 6503
f 3174 3025 6299
f 6299 3025 6300
f 6576 6577 6575
f 6575 6577 6578
f 4612 4611 6579
f 6579 4611 6580
f 6582 6583 6581
f 6581 6583 6584
f 6584 6585 4618
f 4618 6585 4621
f 6586 6587 6589
f 6589 6587 6588
f 6588 6587 6590
f 6590 6587 6591
f 6592 4606 6590
f 6590 4606 4623
f 6594 6576 6593
f 6593 6576 6575
f 6595 6582 6579
f 6579 6582 6581
f 6580 6597 6596
f 6596 6597 6598
f 6577 6576 6599
f 6599 6576 6600
f 6595 6596 6601
f 6601 6596 6602
f 6583 6582 6603
f 6603 6582 6604
f 6586 6606 6605
f 6605 6606 6607
f 6587 6586 6608
f 6608 6586 6605
f 6587 6608 6591
f 6591 6608 6609
f 6576 6594 6600
f 6600 6594 6610
f 6582 6595 6604
f 6604 6595 6601
f 6599 6611 6577
f 6577 6611 6598
f 6613 6614 6612
f 6612 6614 6615
f 6617 6618 6616
f 6616 6618 6619
f 6621 6622 6620
f 6620 6622 6623
f 6625 6626 6624
f 6624 6626 6627
f 6629 6630 6628
f 6628 6630 6631
f 6633 6634 6632
f 6632 6634 6635
f 6637 6638 6636
f 6636 6638 6639
f 6640 6641 6637
f 6637 6641 6638
f 6643 6633 6642
f 6642 6633 6632
f 6645 6646 6644
f 6644 6646 6647
f 6646 6648 6647
f 6647 6648 6649
f 6651 6652 6650
f 6650 6652 6653
f 6653 6652 6654
f 6654 6652 6655
f 6656 6657 6659
f 6659 6657 6658
f 6661 6662 6660
f 6660 6662 6663
f 6662 6661 6664
f 6664 6661 6665
f 6667 6657 6666
f 6666 6657 6656
f 6669 6670 6668
f 6668 6670 6671
f 6672 6673 6670
f 6670 6673 6671
f 6674 6675 6677
f 6677 6675 6676
f 6675 6678 6676
f 6676 6678 6679
f 6681 6682 6680
f 6680 6682 6683
f 6684 6685 6683
f 6683 6685 6680
f 6687 6688 6686
f 6686 6688 6689
f 6687 6690 6688
f 6688 6690 6691
f 6619 6618 6633
f 6633 6618 6634
f 6632 6635 6693
f 6693 6635 6692
f 6617 6694 6636
f 6636 6694 6637
f 6695 6692 6639
f 6639 6692 6635
f 6637 6694 6640
f 6640 6694 6696
f 6698 6638 6697
f 6697 6638 6641
f 6643 6616 6633
f 6633 6616 6619
f 6642 6699 6641
f 6641 6699 6697
f 6646 6645 6700
f 6700 6645 6621
f 6644 6701 6654
f 6654 6701 6702
f 6700 6703 6646
f 6646 6703 6648
f 6693 6704 6649
f 6649 6704 6647
f 6620 6623 6651
f 6651 6623 6652
f 6693 6649 6699
f 6699 6649 6650
f 6652 6623 6655
f 6655 6623 6622
f 6654 6702 6653
f 6653 6702 6697
f 6615 6614 6657
f 6657 6614 6658
f 6705 6656 6704
f 6704 6656 6659
f 6613 6706 6660
f 6660 6706 6661
f 6704 6659 6701
f 6701 6659 6663
f 6661 6706 6665
f 6665 6706 6707
f 6708 6702 6664
f 6664 6702 6662
f 6612 6615 6667
f 6667 6615 6657
f 6666 6709 6664
f 6664 6709 6708
f 6629 6710 6669
f 6669 6710 6670
f 6668 6711 6679
f 6679 6711 6712
f 6713 6672 6710
f 6710 6672 6670
f 6714 6671 6705
f 6705 6671 6673
f 6628 6631 6674
f 6674 6631 6675
f 6705 6673 6709
f 6709 6673 6677
f 6631 6630 6675
f 6675 6630 6678
f 6712 6708 6679
f 6679 6708 6676
f 6625 6715 6682
f 6682 6715 6683
f 6716 6717 6681
f 6681 6717 6691
f 6718 6684 6715
f 6715 6684 6683
f 6719 6680 6714
f 6714 6680 6685
f 6624 6627 6686
f 6686 6627 6687
f 6689 6711 6685
f 6685 6711 6714
f 6627 6626 6687
f 6687 6626 6690
f 6717 6712 6691
f 6691 6712 6688
f 6612 6707 6613
f 6613 6707 6706
f 6616 6696 6617
f 6617 6696 6694
f 6703 6700 6620
f 6620 6700 6621
f 6715 6625 6718
f 6718 6625 6624
f 6710 6629 6713
f 6713 6629 6628
f 6639 6635 6636
f 6636 6635 6634
f 6641 6640 6642
f 6642 6640 6643
f 6654 6655 6644
f 6644 6655 6645
f 6651 6650 6648
f 6648 6650 6649
f 6659 6658 6663
f 6663 6658 6660
f 6665 6667 6664
f 6664 6667 6666
f 6678 6669 6679
f 6679 6669 6668
f 6673 6672 6677
f 6677 6672 6674
f 6690 6682 6691
f 6691 6682 6681
f 6685 6684 6689
f 6689 6684 6686
f 6636 6634 6617
f 6617 6634 6618
f 6638 6698 6639
f 6639 6698 6695
f 6640 6696 6643
f 6643 6696 6616
f 6693 6699 6632
f 6632 6699 6642
f 6655 6622 6645
f 6645 6622 6621
f 6704 6701 6647
f 6647 6701 6644
f 6651 6648 6620
f 6620 6648 6703
f 6650 6653 6699
f 6699 6653 6697
f 6613 6660 6614
f 6614 6660 6658
f 6663 6662 6701
f 6701 6662 6702
f 6665 6707 6667
f 6667 6707 6612
f 6705 6709 6656
f 6656 6709 6666
f 6630 6629 6678
f 6678 6629 6669
f 6714 6711 6671
f 6671 6711 6668
f 6672 6713 6674
f 6674 6713 6628
f 6677 6676 6709
f 6709 6676 6708
f 6626 6625 6690
f 6690 6625 6682
f 6680 6719 6681
f 6681 6719 6716
f 6684 6718 6686
f 6686 6718 6624
f 6711 6689 6712
f 6689 6688 6712
f 6593 6720 6594
f 6594 6720 6721
f 6722 6720 4607
f 4607 6720 4849
f 6592 6723 6722
f 6722 6723 6724
f 4610 4609 6578
f 6578 4609 6575
f 6596 6595 6580
f 6580 6595 6579
f 4618 4617 6584
f 6584 4617 6581
f 6589 6585 6586
f 6586 6585 6606
f 4622 4619 6588
f 6588 4619 6589
f 4622 6588 4623
f 4623 6588 6590
f 4609 4645 6575
f 6575 4645 6593
f 4617 4612 6581
f 6581 4612 6579
f 5004 4610 6597
f 6597 4610 6578
f 4645 4849 6593
f 6593 4849 6720
f 6724 6721 6722
f 6722 6721 6720
f 6722 4607 6592
f 6592 4607 4606
f 6725 6610 6721
f 6721 6610 6594
f 6723 6726 6724
f 6724 6726 6727
f 6727 6725 6724
f 6724 6725 6721
f 6728 6729 6605
f 6605 6729 6608
f 6605 6607 6728
f 6728 6607 6730
f 6731 6732 6604
f 6604 6732 6603
f 6733 6734 6725
f 6725 6734 6610
f 6735 6733 6727
f 6727 6733 6725
f 6735 6727 6736
f 6736 6727 6726
f 6591 6609 6723
f 6723 6609 6726
f 6723 6592 6591
f 6591 6592 6590
f 6738 6739 6737
f 6737 6739 6740
f 6740 6739 6742
f 6742 6739 6741
f 6743 6744 6741
f 6741 6744 6742
f 6745 6746 6743
f 6743 6746 6744
f 6747 6748 6745
f 6745 6748 6746
f 6749 6750 6747
f 6747 6750 6748
f 6752 6738 6751
f 6751 6738 6737
f 6754 6752 6753
f 6753 6752 6751
f 6756 6754 6755
f 6755 6754 6753
f 6758 6750 6757
f 6757 6750 6749
f 6760 6756 6759
f 6759 6756 6755
f 6762 6760 6761
f 6761 6760 6759
f 6764 6762 6763
f 6763 6762 6761
f 6757 6764 6758
f 6758 6764 6763
f 6766 6741 6765
f 6765 6741 6739
f 6767 6743 6766
f 6766 6743 6741
f 6768 6745 6767
f 6767 6745 6743
f 6769 6747 6768
f 6768 6747 6745
f 6770 6749 6769
f 6769 6749 6747
f 6772 6769 6771
f 6771 6769 6768
f 6773 6770 6772
f 6772 6770 6769
f 6774 6775 6772
f 6772 6775 6773
f 6777 6778 6776
f 6776 6778 6779
f 6775 6774 6778
f 6778 6774 6779
f 6771 6780 6772
f 6772 6780 6774
f 6780 6781 6774
f 6774 6781 6779
f 6781 6782 6779
f 6779 6782 6776
f 6784 6785 6783
f 6783 6785 6786
f 6786 6787 6783
f 6783 6787 6788
f 6790 6788 6789
f 6789 6788 6787
f 6786 6785 6791
f 6791 6785 6792
f 6791 6793 6786
f 6786 6793 6787
f 6793 6794 6787
f 6787 6794 6789
f 6795 6796 6794
f 6794 6796 6789
f 6790 6789 6797
f 6797 6789 6796
f 6798 6765 6738
f 6738 6765 6739
f 6799 6798 6752
f 6752 6798 6738
f 6767 6800 6768
f 6768 6800 6771
f 6766 6801 6767
f 6767 6801 6800
f 6802 6801 6765
f 6765 6801 6766
f 6798 6803 6765
f 6765 6803 6802
f 6804 6803 6799
f 6799 6803 6798
f 6805 6806 6804
f 6804 6806 6803
f 6807 6799 6754
f 6754 6799 6752
f 6808 6804 6807
f 6807 6804 6799
f 6809 6805 6808
f 6808 6805 6804
f 6810 6811 6805
f 6805 6811 6806
f 6812 6813 6810
f 6810 6813 6811
f 6814 6815 6796
f 6796 6815 6797
f 6813 6814 6816
f 6816 6814 6817
f 6816 6818 6813
f 6813 6818 6811
f 6819 6806 6818
f 6818 6806 6811
f 6802 6803 6819
f 6819 6803 6806
f 6757 6749 6820
f 6820 6749 6770
f 6820 6770 6821
f 6821 6770 6773
f 6821 6773 6822
f 6822 6773 6775
f 6822 6775 6823
f 6823 6775 6778
f 6824 6823 6777
f 6777 6823 6778
f 6784 6825 6777
f 6777 6825 6824
f 6826 6827 6788
f 6788 6827 6783
f 6828 6826 6790
f 6790 6826 6788
f 6829 6828 6797
f 6797 6828 6790
f 6815 6830 6797
f 6797 6830 6829
f 6832 6812 6831
f 6831 6812 6810
f 6831 6810 6809
f 6809 6810 6805
f 6736 6800 6735
f 6735 6800 6801
f 6733 6735 6802
f 6802 6735 6801
f 6734 6733 6819
f 6819 6733 6802
f 6833 6734 6818
f 6818 6734 6819
f 6834 6833 6816
f 6816 6833 6818
f 6816 6817 6834
f 6834 6817 6835
f 6837 6795 6836
f 6836 6795 6794
f 6836 6794 6731
f 6731 6794 6793
f 6732 6731 6791
f 6791 6731 6793
f 6791 6792 6732
f 6732 6792 6730
f 6729 6728 6781
f 6781 6728 6782
f 6838 6807 6756
f 6756 6807 6754
f 6839 6838 6760
f 6760 6838 6756
f 6840 6839 6762
f 6762 6839 6760
f 6841 6840 6764
f 6764 6840 6762
f 6820 6841 6757
f 6757 6841 6764
f 6841 6820 6842
f 6842 6820 6821
f 6840 6841 6843
f 6843 6841 6842
f 6839 6840 6844
f 6844 6840 6843
f 6838 6839 6845
f 6845 6839 6844
f 6807 6838 6808
f 6808 6838 6845
f 6842 6821 6846
f 6846 6821 6822
f 6843 6842 6847
f 6847 6842 6846
f 6844 6843 6848
f 6848 6843 6847
f 6845 6844 6849
f 6849 6844 6848
f 6808 6845 6809
f 6809 6845 6849
f 6850 6831 6849
f 6849 6831 6809
f 6851 6850 6848
f 6848 6850 6849
f 6847 6852 6848
f 6848 6852 6851
f 6853 6852 6846
f 6846 6852 6847
f 6846 6822 6853
f 6853 6822 6823
f 6853 6823 6854
f 6854 6823 6824
f 6854 6855 6853
f 6853 6855 6852
f 6856 6851 6855
f 6855 6851 6852
f 6856 6857 6851
f 6851 6857 6850
f 6857 6832 6850
f 6850 6832 6831
f 6825 6858 6824
f 6824 6858 6854
f 6860 6827 6859
f 6859 6827 6826
f 6859 6826 6861
f 6861 6826 6828
f 6862 6861 6829
f 6829 6861 6828
f 6830 6863 6829
f 6829 6863 6862
f 6863 6864 6862
f 6862 6864 6865
f 6858 6866 6854
f 6854 6866 6855
f 6867 6865 6866
f 6866 6865 6864
f 6869 6859 6868
f 6868 6859 6861
f 6867 6869 6865
f 6865 6869 6868
f 6861 6862 6868
f 6868 6862 6865
f 6867 6860 6869
f 6869 6860 6859
f 6753 6751 6698
f 6698 6751 6695
f 6697 6755 6698
f 6698 6755 6753
f 6759 6755 6702
f 6702 6755 6697
f 6761 6759 6708
f 6708 6759 6702
f 6763 6761 6712
f 6712 6761 6708
f 6758 6763 6717
f 6717 6763 6712
f 6750 6758 6716
f 6716 6758 6717
f 6719 6748 6716
f 6716 6748 6750
f 6714 6746 6719
f 6719 6746 6748
f 6705 6744 6714
f 6714 6744 6746
f 6704 6742 6705
f 6705 6742 6744
f 6740 6742 6693
f 6693 6742 6704
f 6737 6740 6692
f 6692 6740 6693
f 6751 6737 6695
f 6695 6737 6692
f 6601 6602 6836
f 6836 6602 6837
f 6604 6601 6731
f 6731 6601 6836
f 6599 6600 6834
f 6834 6600 6833
f 6834 6835 6599
f 6599 6835 6611
f 6600 6610 6833
f 6833 6610 6734
f 6780 6771 6870
f 6870 6771 6736
f 6736 6771 6800
f 6870 6729 6780
f 6780 6729 6781
f 6608 6729 6609
f 6609 6729 6870
f 6609 6870 6726
f 6726 6870 6736
f 5014 5015 5229
f 5229 5015 5230
f 4258 5015 4259
f 4259 5015 4878
f 3471 3013 4703
f 4703 3013 4704
f 2879 6337 1306
f 1306 6337 4785
f 829 3471 4316
f 4316 3471 4703
f 4702 3472 5223
f 5223 3472 1756
f 6871 6872 4534
f 4534 6872 4535
f 6871 4665 6872
f 6872 4665 4844
f 6871 6873 4665
f 4665 6873 4559
f 6871 4534 6873
f 6873 4534 4542
f 4153 4152 4822
f 4822 4152 4407
f 4152 4168 4407
f 4407 4168 4342
f 4343 4168 4923
f 4923 4168 4167
f 4363 4362 4972
f 4972 4362 4840
f 4362 4394 4840
f 4840 4394 4839
f 4401 4400 4986
f 4986 4400 4984
f 4435 4434 4841
f 4841 4434 4842
f 4506 4505 4530
f 4530 4505 4531
f 4506 4535 4507
f 4507 4535 4843
f 4661 4660 4516
f 4516 4660 4517
f 4673 4672 4937
f 4937 4672 6547
f 4400 4924 4984
f 4984 4924 5263
f 4673 4660 4674
f 4674 4660 4659
f 4505 4661 4531
f 4531 4661 4516
f 4952 4401 6874
f 6874 4401 4986
f 4954 4153 6875
f 6875 4153 4822
f 4363 4973 4364
f 4364 4973 4974
f 5264 4924 5267
f 5267 4924 4691
f 6293 6292 6876
f 6876 6292 6877
f 6380 4343 6387
f 6387 4343 4923
f 4394 4435 4839
f 4839 4435 4841
f 4672 4434 6547
f 6547 4434 4433
f 4973 6556 4974
f 4974 6556 6878
f 6567 6380 6574
f 6574 6380 6387
f 6292 4954 6877
f 6877 4954 6875
f 6567 5264 6568
f 6568 5264 5267
f 4145 4144 4154
f 4154 4144 4151
f 4194 4144 4425
f 4425 4144 4143
f 4355 4354 5263
f 5263 4354 4984
f 4360 4359 4364
f 4364 4359 4361
f 4444 4359 4392
f 4392 4359 4337
f 4447 4446 4432
f 4432 4446 4433
f 4464 4463 6547
f 6547 4463 4937
f 4519 4518 4654
f 4654 4518 4509
f 4533 4532 4499
f 4499 4532 4498
f 4533 4542 4530
f 4530 4542 4534
f 4519 4532 4516
f 4516 4532 4531
f 4922 4194 4426
f 4426 4194 4425
f 4463 4518 4937
f 4937 4518 4517
f 6555 4951 6874
f 6874 4951 6878
f 4958 4957 6290
f 6290 4957 6291
f 4334 4360 4712
f 4712 4360 4950
f 4985 4354 4419
f 4419 4354 4353
f 5262 4355 5265
f 5265 4355 5263
f 6294 4958 4804
f 4804 4958 6290
f 6386 4922 6384
f 6384 4922 4426
f 4444 4447 4393
f 4393 4447 4432
f 4464 4446 4465
f 4465 4446 4445
f 4985 6555 4986
f 4986 6555 6874
f 6573 6386 6571
f 6571 6386 6384
f 4145 6294 4146
f 4146 6294 4804
f 6573 5262 6574
f 6574 5262 5265
f 4542 4541 6873
f 6873 4541 4559
f 4535 6872 4843
f 4843 6872 4844
f 4104 4103 6879
f 6879 4103 6343
f 4105 6293 6307
f 6307 6293 6876
f 4104 4956 4105
f 4105 4956 6293
f 4956 4104 4957
f 4957 4104 6879
f 4957 6879 6291
f 6291 6879 6309
f 4648 4988 4649
f 4649 4988 4953
f 4802 4803 4928
f 4928 4803 6550
f 6550 4803 6555
f 6555 4803 4951
f 1516 3173 4987
f 4987 3173 5006
f 6519 6518 6558
f 6558 6518 6510
f 6527 6519 6559
f 6559 6519 6558
f 6528 6560 6529
f 6529 6560 6541
f 6548 4625 6549
f 6549 4625 4624
f 6551 6552 4746
f 4746 6552 6505
f 6553 4711 6554
f 6554 4711 4710
f 4802 6551 4713
f 4713 6551 4746
f 6556 4973 4649
f 4649 4973 4646
f 6557 4949 6548
f 6548 4949 4625
f 4648 4647 6553
f 6553 4647 4711
f 6549 4624 4987
f 4987 4624 4838
f 6552 6518 6505
f 6505 6518 6507
f 6561 4372 6529
f 6529 4372 6514
f 6562 4369 6561
f 6561 4369 4372
f 3142 3482 6562
f 6562 3482 4369
f 6556 4952 6878
f 6878 4952 6874
f 4951 4950 6878
f 6878 4950 4974
f 3168 440 3952
f 4204 4203 5341
f 5341 4203 6364
f 4219 4222 6429
f 6429 4222 4383
f 4319 4322 6506
f 6506 4322 4747
f 4340 4714 4341
f 4341 4714 4384
f 4375 4377 6388
f 6388 4377 6546
f 4378 4381 6311
f 6311 4381 4720
f 4449 4341 4387
f 4387 4341 4384
f 4473 4472 4477
f 4477 4472 4474
f 4492 4491 4487
f 4487 4491 4488
f 4523 4491 4522
f 4522 4491 4490
f 4492 4538 4493
f 4493 4538 4555
f 4538 4553 4555
f 4555 4553 4556
f 4620 4615 4621
f 4621 4615 4618
f 4652 4651 4368
f 4368 4651 4365
f 4523 4655 4524
f 4524 4655 4656
f 4553 4667 4556
f 4556 4667 4571
f 4651 1210 4365
f 4365 1210 1209
f 4698 4697 5223
f 5223 4697 6344
f 4340 4339 4322
f 4322 4339 4747
f 4726 4729 5287
f 5287 4729 4198
f 4381 4380 4737
f 4737 4380 6368
f 4836 4835 4451
f 4451 4835 4709
f 4910 6367 4911
f 4911 6367 6366
f 4912 4915 6450
f 6450 4915 6449
f 4927 4836 4450
f 4450 4836 4451
f 4930 4929 4439
f 4439 4929 4436
f 4936 4935 4459
f 4459 4935 4456
f 4473 4655 4470
f 4470 4655 4510
f 4942 4583 4943
f 4943 4583 4572
f 4948 4601 4947
f 4947 4601 4584
f 4949 4835 4625
f 4625 4835 4626
f 4966 4969 6289
f 6289 4969 4695
f 4971 4652 4926
f 4926 4652 4368
f 4203 4977 6364
f 6364 4977 6365
f 4990 4989 4443
f 4443 4989 4440
f 4990 4991 4478
f 4478 4991 4512
f 4992 4991 4528
f 4528 4991 4515
f 4992 4993 4527
f 4527 4993 4485
f 4994 4993 4502
f 4502 4993 4503
f 4994 4995 4482
f 4482 4995 4550
f 4543 4996 4544
f 4544 4996 4995
f 4999 4998 4567
f 4567 4998 4578
f 5000 4998 4575
f 4575 4998 4997
f 5002 5001 4592
f 4592 5001 4574
f 5003 5004 4614
f 4614 5004 4611
f 3483 4215 1755
f 1755 4215 4698
f 5274 5277 4195
f 4195 5277 4223
f 4726 5295 4727
f 4727 5295 6350
f 5309 5342 5310
f 5310 5342 6363
f 5315 5314 5316
f 5316 5314 5317
f 5339 6362 5340
f 5340 6362 5363
f 5310 6363 5339
f 5339 6363 6362
f 4204 5309 4201
f 4201 5309 5308
f 4915 5345 6449
f 6449 5345 6448
f 5345 5315 6448
f 6448 5315 5316
f 5348 5347 6351
f 6351 5347 6352
f 5365 4263 5340
f 5340 4263 4262
f 6295 6298 4733
f 4733 6298 4734
f 4969 6306 4695
f 4695 6306 4696
f 6306 4378 4696
f 4696 4378 6311
f 6369 6372 6544
f 6544 6372 6545
f 4375 6390 4373
f 4373 6390 4374
f 6421 6422 4911
f 4911 6422 4908
f 4910 4909 4737
f 4737 4909 4736
f 5277 4219 4223
f 4223 4219 6429
f 4697 4222 6344
f 6344 4222 4221
f 6436 6361 6437
f 6437 6361 6360
f 6438 6440 6437
f 6437 6440 6434
f 6438 6359 6441
f 6441 6359 6358
f 6442 6441 6357
f 6357 6441 6358
f 6442 6444 6443
f 6443 6444 6445
f 6446 6444 6355
f 6355 6444 6356
f 6446 4912 6447
f 6447 4912 6450
f 6436 6435 5365
f 5365 6435 4263
f 5314 5347 5317
f 5317 5347 5346
f 4319 6512 4320
f 4320 6512 6513
f 6520 6512 6521
f 6521 6512 6508
f 6528 6520 6527
f 6527 6520 6521
f 6532 6539 6533
f 6533 6539 6535
f 6533 6535 6537
f 6537 6535 6534
f 6538 6543 6537
f 6537 6543 6536
f 6295 4377 6296
f 6296 4377 4376
f 4989 4930 4440
f 4440 4930 4439
f 4927 4929 4422
f 4422 4929 4455
f 4449 4936 4388
f 4388 4936 4459
f 4472 4935 4474
f 4474 4935 4932
f 4942 4940 4947
f 4947 4940 4939
f 5001 5000 4574
f 4574 5000 4575
f 4669 4943 4666
f 4666 4943 4667
f 4996 4999 4547
f 4547 4999 4567
f 4948 4946 4620
f 4620 4946 4615
f 5003 5002 4591
f 4591 5002 4592
f 6557 4971 6554
f 6554 4971 4926
f 6532 6560 6539
f 6539 6560 6559
f 6390 6372 4374
f 4374 6372 6371
f 4966 6298 4967
f 4967 6298 6297
f 6538 6526 6369
f 6369 6526 6370
f 6585 6589 4621
f 4621 6589 4619
f 6597 6578 6598
f 6598 6578 6577
f 6606 6583 6607
f 6607 6583 6603
f 6611 6602 6598
f 6598 6602 6596
f 6585 6584 6606
f 6606 6584 6583
f 6597 6580 5004
f 5004 6580 4611
f 6607 6603 6730
f 6730 6603 6732
f 6776 6785 6777
f 6777 6785 6784
f 6785 6776 6792
f 6792 6776 6782
f 6815 6814 6812
f 6812 6814 6813
f 6817 6814 6795
f 6795 6814 6796
f 6825 6784 6827
f 6827 6784 6783
f 6830 6815 6832
f 6832 6815 6812
f 6817 6795 6835
f 6835 6795 6837
f 6792 6782 6730
f 6730 6782 6728
f 6858 6825 6860
f 6860 6825 6827
f 6863 6830 6857
f 6857 6830 6832
f 6864 6863 6856
f 6856 6863 6857
f 6866 6858 6867
f 6867 6858 6860
f 6866 6864 6855
f 6855 6864 6856
f 6835 6837 6611
f 6611 6837 6602
f 6560 6528 6559
f 6559 6528 6527
f 4949 6557 4710
f 4710 6557 6554
f 4430 4090 4175
f 4175 4090 4089
f 4777 4113 4155
f 4155 4113 4086
f 4175 4089 4176
f 4176 4089 4142
f 4199 4271 4200
f 4200 4271 4798
f 4199 4095 4272
f 4272 4095 5273
f 4406 4405 4404
f 4404 4405 4346
f 4410 4409 6877
f 6877 4409 6876
f 4409 4413 6876
f 6876 4413 6307
f 4415 4148 4416
f 4416 4148 4147
f 4690 4405 4344
f 4344 4405 4342
f 4693 4692 4352
f 4352 4692 4349
f 4701 4700 6337
f 6337 4700 6338
f 4778 4777 4081
f 4081 4777 4155
f 4821 4406 4809
f 4809 4406 4404
f 4176 4142 4181
f 4181 4142 4415
f 4760 4970 4399
f 4399 4970 4692
f 4200 5007 4096
f 4096 5007 4078
f 5266 4693 5269
f 5269 4693 4352
f 5270 5007 5361
f 5361 5007 4797
f 4778 5270 4779
f 4779 5270 5361
f 6285 4410 6875
f 6875 4410 6877
f 6308 4413 4687
f 4687 4413 4412
f 6480 6320 6481
f 6481 6320 6880
f 4701 2878 4702
f 4702 2878 3472
f 6339 6347 6340
f 6340 6347 6348
f 6341 6342 6346
f 6346 6342 6345
f 4416 6308 4414
f 4414 6308 4687
f 6385 4690 6381
f 6381 4690 4344
f 5282 6341 5280
f 5280 6341 6339
f 4700 6342 6338
f 6338 6342 5281
f 6340 6348 4272
f 4272 6348 4270
f 6480 6479 4828
f 4828 6479 4829
f 6490 6479 6489
f 6489 6479 6478
f 4090 4430 6490
f 6490 4430 4429
f 6563 6564 4970
f 4970 6564 4815
f 4694 6566 4366
f 4366 6566 6563
f 6572 6385 6568
f 6568 6385 6381
f 4821 6285 4822
f 4822 6285 6875
f 6572 5266 6569
f 6569 5266 5269
f 3482 3103 4369
f 4369 3103 4370
f 3121 4730 3485
f 3485 4730 4327
f 6277 6280 6273
f 6273 6280 6272
f 6267 6276 6278
f 6278 6276 6279
f 6278 6279 6277
f 6277 6279 6280
f 6279 6256 6280
f 6280 6256 6255
f 6256 3857 6255
f 6255 3857 3754
f 3857 3856 3754
f 3754 3856 3755
f 3856 3703 3755
f 3755 3703 3863
f 3703 3702 3863
f 3863 3702 3759
f 3702 3706 3759
f 3759 3706 3670
f 3706 3705 3670
f 3670 3705 3668
f 3705 3773 3668
f 3668 3773 3882
f 3882 3773 3883
f 3883 3773 3707
f 3707 3708 3883
f 3883 3708 3880
f 3708 3710 3880
f 3880 3710 3881
f 3709 5241 3710
f 3710 5241 3881
f 5241 3709 5234
f 5234 3709 3786
f 3693 3712 3786
f 3786 3712 5234
f 4051 4055 4052
f 4052 4055 4056
f 4056 4055 4057
f 4057 4055 4054
f 4066 5238 5236
f 5236 5238 3989
f 4066 4069 5238
f 5238 4069 4035
f 6881 3962 3960
f 3960 3962 3957
f 6883 4070 6882
f 6882 4070 3941
f 4070 6883 4071
f 4071 6883 6884
f 4071 6884 4072
f 4072 6884 6885
f 6885 6886 4072
f 4072 6886 4031
f 3955 6881 3956
f 3956 6881 3960
f 6884 3991 6885
f 6885 3991 3990
f 6883 6887 6884
f 6884 6887 3991
f 6887 6888 3991
f 3991 6888 3992
f 6888 6887 6889
f 6889 6887 6890
f 6887 6883 6890
f 6890 6883 6882
f 4058 5240 3953
f 3953 5240 3954
f 5236 6888 5239
f 5239 6888 6889
f 5237 6886 3990
f 3990 6886 6885
f 4034 4031 5237
f 5237 4031 6886
f 6881 6882 3962
f 3962 6882 3941
f 6881 3955 6882
f 6882 3955 6890
f 3955 3954 6890
f 6890 3954 6889
f 5239 6889 5240
f 5240 6889 3954
f 6888 5236 3992
f 3992 5236 3989
f 3869 3868 3888
f 3888 3868 4015
f 3868 4012 4015
f 4015 4012 4010
f 4012 4022 4010
f 4010 4022 4009
f 4022 4021 4009
f 4009 4021 4018
f 4020 3974 4001
f 4001 3974 3996
f 4021 4020 4029
f 4029 4020 4001
f 4085 4156 4086
f 4086 4156 4155
f 4113 4777 4114
f 4114 4777 4776
f 4130 4129 4094
f 4094 4129 4091
f 4139 4773 4140
f 4140 4773 4772
f 4149 4178 4150
f 4150 4178 5225
f 4160 4159 4087
f 4087 4159 4088
f 4149 4148 4179
f 4179 4148 4141
f 4085 4084 4183
f 4183 4084 6315
f 4179 4141 4159
f 4159 4141 4088
f 4192 4130 4162
f 4162 4130 4094
f 4197 5288 4198
f 4198 5288 5287
f 4229 4766 4230
f 4230 4766 4771
f 4245 4246 4242
f 4242 4246 4249
f 4183 6315 4418
f 4418 6315 6314
f 4679 4178 4680
f 4680 4178 4177
f 4724 4798 4725
f 4725 4798 4271
f 4728 5275 4729
f 4729 5275 5274
f 4230 4771 4249
f 4249 4771 4242
f 4724 4723 4799
f 4799 4723 5355
f 4823 4824 4891
f 4891 4824 6327
f 4823 4192 4161
f 4161 4192 4162
f 4893 4767 4229
f 4229 4767 4766
f 4894 4895 4898
f 4898 4895 4899
f 4106 4150 4103
f 4103 4150 5225
f 4680 4894 4677
f 4677 4894 4898
f 6420 4977 5301
f 5301 4977 4976
f 4679 4678 5226
f 5226 4678 4427
f 5228 5008 4893
f 4893 5008 4767
f 5285 6354 5286
f 5286 6354 5343
f 5289 5352 5290
f 5290 5352 5349
f 5290 5349 5295
f 5295 5349 5348
f 5302 5299 4202
f 4202 5299 4976
f 4725 4271 5311
f 5311 4271 4270
f 5325 4723 5326
f 5326 4723 4722
f 5335 5355 5325
f 5325 5355 4723
f 5326 4722 5286
f 5286 4722 5283
f 4799 5357 4797
f 4797 5357 5361
f 5359 5356 5335
f 5335 5356 5355
f 4775 4774 5356
f 5356 4774 5357
f 5359 5358 4092
f 4092 5358 4093
f 6316 4740 6317
f 6317 4740 4739
f 6318 4827 6316
f 6316 4827 4740
f 6319 4828 6318
f 6318 4828 4827
f 6320 6480 6319
f 6319 6480 4828
f 6484 6322 6485
f 6485 6322 6321
f 6487 6324 6331
f 6331 6324 6323
f 6331 6323 6330
f 6330 6323 6325
f 6325 6326 6330
f 6330 6326 6329
f 6326 6328 6329
f 6329 6328 5231
f 4824 4685 5228
f 5228 4685 5008
f 5226 6343 5225
f 5225 6343 4103
f 4728 4727 6349
f 6349 4727 5284
f 6350 6351 5285
f 5285 6351 6354
f 4247 4246 6418
f 6418 4246 6365
f 6400 6402 6401
f 6401 6402 6459
f 4197 4196 6409
f 6409 4196 6426
f 6412 4897 6328
f 6328 4897 5231
f 6413 4133 6412
f 6412 4133 4897
f 6414 4134 6413
f 6413 4134 4133
f 6415 4225 6414
f 6414 4225 4134
f 6416 4252 6415
f 6415 4252 4225
f 6417 4253 6416
f 6416 4253 4252
f 4253 6417 6366
f 6366 6417 6419
f 6366 6419 4911
f 4911 6419 6421
f 6422 6423 4908
f 4908 6423 5298
f 5298 6423 6396
f 6396 6423 6424
f 6409 6426 6425
f 6425 6426 6397
f 5300 5299 6399
f 6399 5299 6400
f 6465 6408 6401
f 6401 6408 6398
f 6424 6399 6425
f 6425 6399 6398
f 6349 5284 5311
f 5311 5284 5283
f 6465 6464 5289
f 5289 6464 5352
f 6488 6483 6492
f 6492 6483 6482
f 6486 6491 6482
f 6482 6491 6492
f 6491 4895 6492
f 6492 4895 4157
f 6488 4160 6489
f 6489 4160 4087
f 6501 6502 4418
f 4418 6502 4417
f 6504 6500 6317
f 6317 6500 6314
f 3497 3496 6501
f 6501 3496 6502
f 3499 3498 6504
f 6504 3498 6500
f 4729 5274 4198
f 4198 5274 4195
f 6418 6365 6420
f 6420 6365 4977
f 5295 5348 6350
f 6350 5348 6351
f 5301 6422 6420
f 6420 6422 6421
f 4113 4112 4086
f 4086 4112 4083
f 6320 4112 6880
f 6880 4112 4111
f 4091 4772 4092
f 4092 4772 4775
f 4129 4140 4091
f 4091 4140 4772
f 4137 4140 4128
f 4128 4140 4129
f 4128 6324 4137
f 4137 6324 6321
f 6324 6487 6321
f 6321 6487 6485
f 6487 6486 6485
f 6485 6486 6482
f 4774 4773 4779
f 4779 4773 4776
f 4773 4139 4776
f 4776 4139 4114
f 4139 4138 4114
f 4114 4138 4111
f 4138 6322 4111
f 4111 6322 6880
f 6322 6484 6880
f 6880 6484 6481
f 6484 6483 6481
f 6481 6483 6478
f 6879 6343 6309
f 6309 6343 4428
f 4106 4105 4900
f 4900 4105 6307
f 3500 3167 6495
f 6495 3167 6496
f 3500 6495 3070
f 3070 6495 5368
f 3502 5235 3501
f 3501 5235 4813
f 3024 3503 6473
f 6473 3503 6474
f 3503 3023 6474
f 6474 3023 6374
f 3504 1770 4348
f 4348 1770 4345
f 3502 3505 5235
f 5235 3505 4810
f 3498 3497 6500
f 6500 3497 6501
f 3496 3075 6502
f 6502 3075 6275
f 6299 4254 3174
f 3174 4254 3017
f 1769 3501 4814
f 4814 3501 4813
f 3506 3018 6476
f 6476 3018 4257
f 3507 3499 6499
f 6499 3499 6504
f 3030 4216 3483
f 3483 4216 4215
f 3077 3507 6333
f 6333 3507 6499
f 1784 3160 5249
f 5249 3160 6523
f 3015 3506 4240
f 4240 3506 6476
f 3508 3504 6383
f 6383 3504 4348
f 3509 3016 6477
f 6477 3016 4239
f 3028 3509 6467
f 6467 3509 6477
f 3022 1785 5246
f 5246 1785 5247
f 3161 3508 6570
f 6570 3508 6383
f 3150 3149 4694
f 4694 3149 6566
f 1327 4807 3510
f 3510 4807 4811
f 3510 4811 3505
f 3505 4811 4810
f 3146 3511 4816
f 4816 3511 4350
f 3511 1808 4350
f 4350 1808 4351
f 3485 4327 3159
f 3159 4327 4330
f 1326 3512 4806
f 4806 3512 6310
f 3512 1331 6310
f 6310 1331 4688

